"time","temperature"
1972-01-03,295.257977294922
1972-01-04,291.699089050293
1972-01-05,289.30786895752
1972-01-06,288.829097747803
1972-01-07,287.14483388265
1972-01-08,283.698338826497
1972-01-09,284.601517995199
1972-01-10,288.571857452393
1972-01-11,289.696628570557
1972-01-12,289.453584035238
1972-01-13,290.597549438477
1972-01-14,291.925935109456
1972-01-15,288.069651285807
1972-01-16,285.292934417725
1972-01-17,285.424332936605
1972-01-18,289.296704610189
1972-01-19,289.715087890625
1972-01-20,289.172136942546
1972-01-21,287.465292612712
1972-01-22,287.082018534343
1972-01-23,286.843307495117
1972-01-24,285.152030944824
1972-01-25,286.584190368652
1972-01-26,288.541784922282
1972-01-27,286.854145050049
1972-01-28,290.304178873698
1972-01-29,292.179991404216
1972-01-30,289.951769510905
1972-01-31,288.794397989909
1972-02-01,288.089247385661
1972-02-02,284.790845235189
1972-02-03,285.086750030518
1972-02-04,287.344074249268
1972-02-05,289.489326477051
1972-02-06,286.823168436686
1972-02-07,284.825757344564
1972-02-08,285.514446258545
1972-02-09,287.644950866699
1972-02-10,282.546994527181
1972-02-11,283.46183013916
1972-02-12,288.412237803141
1972-02-13,285.553651173909
1972-02-14,286.607359568278
1972-02-15,288.157956441243
1972-02-16,286.243747711182
1972-02-17,288.052591959635
1972-02-18,289.945007324219
1972-02-19,289.676509857178
1972-02-20,290.828629811605
1972-02-21,292.073549906413
1972-02-22,292.074723561605
1972-02-23,291.013069152832
1972-02-24,293.677307128906
1972-02-25,289.267035166423
1972-02-26,287.146682739258
1972-02-27,290.771898905436
1972-02-28,286.931692759196
1972-02-29,289.231583913167
1972-03-01,290.016653696696
1972-03-02,288.378228505452
1972-03-03,290.621166229248
1972-03-04,292.394653320313
1972-03-05,291.816201527914
1972-03-06,287.654284159342
1972-03-07,285.579789479573
1972-03-08,285.282174428304
1972-03-09,286.464317321777
1972-03-10,288.666315714518
1972-03-11,292.288208007813
1972-03-12,292.701511383057
1972-03-13,290.631923675537
1972-03-14,288.527515411377
1972-03-15,288.094500223796
1972-03-16,289.787977854411
1972-03-17,289.421087900797
1972-03-18,287.310841878255
1972-03-19,285.230227152506
1972-03-20,288.307019551595
1972-03-21,288.303412119548
1972-03-22,288.673122406006
1972-03-23,288.72359975179
1972-03-24,291.071220397949
1972-03-25,290.929369608561
1972-03-26,289.598520914714
1972-03-27,290.941544850667
1972-03-28,289.788983662923
1972-03-29,290.258224487305
1972-03-30,290.949129740397
1972-03-31,289.039620717367
1972-04-01,288.519963582357
1972-04-02,286.439473470052
1972-04-03,286.073636372884
1972-04-04,287.043057759603
1972-04-05,288.529040018717
1972-04-06,289.590151468913
1972-04-07,290.313854217529
1972-04-08,289.522738138835
1972-04-09,285.729413350423
1972-04-10,282.59893544515
1972-04-11,287.200262705485
1972-04-12,287.338325500488
1972-04-13,285.397364298503
1972-04-14,281.013434092204
1972-04-15,281.158650716146
1972-04-16,283.069119771322
1972-04-17,283.676546732584
1972-04-18,283.597162882487
1972-04-19,284.01038869222
1972-04-20,283.462042490641
1972-04-21,284.861874898275
1972-04-22,286.996882120768
1972-04-23,288.04004796346
1972-04-24,288.355600992839
1972-04-25,288.484163920085
1972-04-26,285.932173411052
1972-04-27,283.277539571126
1972-04-28,284.511815388997
1972-04-29,284.198197682699
1972-04-30,281.928765614827
1972-05-01,283.912333170573
1972-05-02,280.735046386719
1972-05-03,281.364568074544
1972-05-04,282.321585337321
1972-05-05,280.751530965169
1972-05-06,281.663772583008
1972-05-07,284.100989023844
1972-05-08,281.132849375407
1972-05-09,282.565673828125
1972-05-10,282.129280090332
1972-05-11,281.189936319987
1972-05-12,283.547332763672
1972-05-13,285.789709726969
1972-05-14,283.523541768392
1972-05-15,281.097971598307
1972-05-16,283.776685078939
1972-05-17,285.527804056803
1972-05-18,283.844130198161
1972-05-19,281.387255350749
1972-05-20,281.454213460287
1972-05-21,282.058298746745
1972-05-22,279.918755849202
1972-05-23,281.859452565511
1972-05-24,284.998832702637
1972-05-25,284.68809000651
1972-05-26,278.706390380859
1972-05-27,279.340007781982
1972-05-28,281.749917348226
1972-05-29,280.566786448161
1972-05-30,280.51969909668
1972-05-31,279.672856648763
1972-06-01,278.595938364665
1972-06-02,283.348799387614
1972-06-03,281.621677398682
1972-06-04,278.120951334635
1972-06-05,276.998160044352
1972-06-06,278.147401173909
1972-06-07,277.178565979004
1972-06-08,276.807070414225
1972-06-09,278.70329284668
1972-06-10,277.204312642415
1972-06-11,276.822456359863
1972-06-12,278.238253275553
1972-06-13,279.83898417155
1972-06-14,278.978403727214
1972-06-15,279.198048909505
1972-06-16,278.404630025228
1972-06-17,279.231901804606
1972-06-18,281.086616516113
1972-06-19,277.611815134684
1972-06-20,277.415086110433
1972-06-21,278.91428120931
1972-06-22,279.715923309326
1972-06-23,280.423225402832
1972-06-24,279.446440378825
1972-06-25,277.963848114014
1972-06-26,278.03900273641
1972-06-27,276.528475443522
1972-06-28,276.255264282227
1972-06-29,276.370257059733
1972-06-30,276.974952697754
1972-07-01,279.373516082764
1972-07-02,282.974892934163
1972-07-03,283.346223195394
1972-07-04,279.616050720215
1972-07-05,279.346920013428
1972-07-06,278.293502807617
1972-07-07,277.379330952962
1972-07-08,277.641343434652
1972-07-09,278.796026865641
1972-07-10,280.379608154297
1972-07-11,283.19489924113
1972-07-12,282.855805714925
1972-07-13,282.639155069987
1972-07-14,282.258792877197
1972-07-15,282.155499776205
1972-07-16,279.465473175049
1972-07-17,280.809206644694
1972-07-18,280.93025970459
1972-07-19,282.304936726888
1972-07-20,281.873514811198
1972-07-21,281.925771077474
1972-07-22,283.377081553141
1972-07-23,282.714480082194
1972-07-24,281.00072479248
1972-07-25,278.479145050049
1972-07-26,278.939631144206
1972-07-27,279.506729125977
1972-07-28,281.93288675944
1972-07-29,282.080534617106
1972-07-30,277.195379892985
1972-07-31,276.156261444092
1972-08-01,276.392716725667
1972-08-02,277.938966115316
1972-08-03,278.097333272298
1972-08-04,277.948862711589
1972-08-05,276.536087036133
1972-08-06,277.427247365316
1972-08-07,277.338919321696
1972-08-08,277.45147450765
1972-08-09,279.049889882406
1972-08-10,279.30094909668
1972-08-11,281.385626475016
1972-08-12,282.504353841146
1972-08-13,282.565823872884
1972-08-14,280.558221181234
1972-08-15,281.684274037679
1972-08-16,282.285909016927
1972-08-17,280.846964518229
1972-08-18,278.426067352295
1972-08-19,276.608847300212
1972-08-20,277.964459737142
1972-08-21,278.261096954346
1972-08-22,278.195650736491
1972-08-23,276.438448588053
1972-08-24,278.469404856364
1972-08-25,281.003471374512
1972-08-26,284.527891794841
1972-08-27,279.318762461344
1972-08-28,276.950019836426
1972-08-29,278.630045572917
1972-08-30,281.354988098145
1972-08-31,284.030802408854
1972-09-01,284.239120483398
1972-09-02,286.030672709147
1972-09-03,283.510320027669
1972-09-04,281.313095092773
1972-09-05,278.233008066813
1972-09-06,282.410953521728
1972-09-07,285.667432149251
1972-09-08,285.222516377767
1972-09-09,284.836181640625
1972-09-10,283.642578125
1972-09-11,280.952693939209
1972-09-12,283.709843953451
1972-09-13,284.505043029785
1972-09-14,284.805423736572
1972-09-15,285.029328664144
1972-09-16,282.652954101563
1972-09-17,282.602694193522
1972-09-18,278.854044596354
1972-09-19,282.391138712565
1972-09-20,283.389863332113
1972-09-21,282.136858622233
1972-09-22,280.000858306885
1972-09-23,282.430054982503
1972-09-24,284.231147766113
1972-09-25,286.385822296143
1972-09-26,286.932846069336
1972-09-27,285.689547220866
1972-09-28,285.161862691243
1972-09-29,282.698028564453
1972-09-30,282.380035400391
1972-10-01,280.849910736084
1972-10-02,283.359689076742
1972-10-03,283.87199529012
1972-10-04,283.908864339193
1972-10-05,285.432474772135
1972-10-06,286.314325968424
1972-10-07,288.314313252767
1972-10-08,288.105323791504
1972-10-09,289.1389503479
1972-10-10,285.787483215332
1972-10-11,283.524110158285
1972-10-12,286.200266520182
1972-10-13,286.255528767904
1972-10-14,284.42432530721
1972-10-15,281.243362426758
1972-10-16,283.140972137451
1972-10-17,280.183701833089
1972-10-18,281.972305297852
1972-10-19,282.748781840007
1972-10-20,284.008191426595
1972-10-21,285.376337687174
1972-10-22,286.464384714762
1972-10-23,287.379987080892
1972-10-24,285.809197743734
1972-10-25,287.028764088949
1972-10-26,287.507921854655
1972-10-27,285.185263315837
1972-10-28,282.34596379598
1972-10-29,285.392570495605
1972-10-30,285.923325856527
1972-10-31,286.452472686768
1972-11-01,285.273653666178
1972-11-02,286.598073323568
1972-11-03,288.521761576335
1972-11-04,288.391165415446
1972-11-05,287.295876820882
1972-11-06,289.412020365397
1972-11-07,291.116490681966
1972-11-08,290.674783070882
1972-11-09,289.936012268066
1972-11-10,289.404209136963
1972-11-11,286.250251770019
1972-11-12,288.899856567383
1972-11-13,288.561272939046
1972-11-14,289.190963745117
1972-11-15,287.741580963135
1972-11-16,288.815213521322
1972-11-17,287.161430358887
1972-11-18,282.932290395101
1972-11-19,284.802520751953
1972-11-20,289.031475067139
1972-11-21,290.092103322347
1972-11-22,290.909633636475
1972-11-23,288.297053019206
1972-11-24,284.909867604573
1972-11-25,282.17192586263
1972-11-26,287.305461883545
1972-11-27,286.711088816325
1972-11-28,289.076754252116
1972-11-29,289.976693471273
1972-11-30,287.706230163574
1972-12-01,286.164079030355
1972-12-02,282.545515696208
1972-12-03,281.15761311849
1972-12-04,282.717758178711
1972-12-05,286.041896820068
1972-12-06,284.13348642985
1972-12-07,282.640234629313
1972-12-08,284.037919362386
1972-12-09,285.971591949463
1972-12-10,285.311796824137
1972-12-11,287.791440327962
1972-12-12,288.39426167806
1972-12-13,287.966899871826
1972-12-14,284.754463195801
1972-12-15,283.835653940837
1972-12-16,287.987635294596
1972-12-17,289.427135467529
1972-12-18,290.510336558024
1972-12-19,288.199228922526
1972-12-20,285.105742136637
1972-12-21,284.444006601969
1972-12-22,283.58135732015
1972-12-23,286.116780598958
1972-12-24,289.752067565918
1972-12-25,291.303367614746
1972-12-26,288.500174204508
1972-12-27,285.612716674805
1972-12-28,284.292589823405
1972-12-29,286.434892018636
1972-12-30,288.72692489624
1972-12-31,292.147834777832
1973-01-01,291.30545425415
1973-01-02,290.531907399495
1973-01-03,289.872030893962
1973-01-04,291.521845499675
1973-01-05,292.426710764567
1973-01-06,292.115642547607
1973-01-07,291.560259501139
1973-01-08,290.562861124674
1973-01-09,290.941412607829
1973-01-10,290.83115641276
1973-01-11,291.718934377034
1973-01-12,288.645910898844
1973-01-13,285.372910817464
1973-01-14,288.817804972331
1973-01-15,291.473169962565
1973-01-16,291.196083068848
1973-01-17,291.858163197835
1973-01-18,289.84465154012
1973-01-19,290.824859619141
1973-01-20,291.471822102865
1973-01-21,291.166061401367
1973-01-22,291.634844462077
1973-01-23,291.773946126302
1973-01-24,287.189530690511
1973-01-25,284.078184763591
1973-01-26,289.785828908284
1973-01-27,289.747292836507
1973-01-28,287.82859547933
1973-01-29,287.796862284342
1973-01-30,285.330031077067
1973-01-31,290.026269276937
1973-02-01,291.378643035889
1973-02-02,292.033192952474
1973-02-03,292.871547698975
1973-02-04,294.368031819661
1973-02-05,293.150424957275
1973-02-06,295.005659739176
1973-02-07,296.805815378825
1973-02-08,291.289615631104
1973-02-09,286.172847747803
1973-02-10,291.767730712891
1973-02-11,290.517339070638
1973-02-12,287.612401326497
1973-02-13,286.535680135091
1973-02-14,284.272299448649
1973-02-15,285.845186869303
1973-02-16,287.74100112915
1973-02-17,289.319456736247
1973-02-18,286.865297953288
1973-02-19,286.836353302002
1973-02-20,288.448207855224
1973-02-21,290.310272216797
1973-02-22,289.985452016195
1973-02-23,288.207674662272
1973-02-24,288.758361816406
1973-02-25,291.287425994873
1973-02-26,290.773971557617
1973-02-27,290.015872955322
1973-02-28,289.477670033773
1973-03-01,290.75080871582
1973-03-02,292.269784291585
1973-03-03,292.095687866211
1973-03-04,291.977563222249
1973-03-05,290.876152038574
1973-03-06,290.671980539958
1973-03-07,288.4951171875
1973-03-08,286.420356750488
1973-03-09,287.968458811442
1973-03-10,289.78164545695
1973-03-11,289.226088205973
1973-03-12,287.918237050374
1973-03-13,286.639451344808
1973-03-14,289.075080871582
1973-03-15,292.616694132487
1973-03-16,292.622147878011
1973-03-17,291.448187510172
1973-03-18,288.675905863444
1973-03-19,286.098729451497
1973-03-20,289.314231872559
1973-03-21,290.109344482422
1973-03-22,290.115094502767
1973-03-23,289.455670674642
1973-03-24,287.601085662842
1973-03-25,284.097459157308
1973-03-26,285.316333770752
1973-03-27,280.863370259603
1973-03-28,281.969722747803
1973-03-29,284.08183670044
1973-03-30,285.886099497477
1973-03-31,287.515445709229
1973-04-01,289.337619781494
1973-04-02,286.21676381429
1973-04-03,283.429298400879
1973-04-04,283.128447214762
1973-04-05,283.991767883301
1973-04-06,283.19340133667
1973-04-07,283.103847503662
1973-04-08,282.79899597168
1973-04-09,286.118999481201
1973-04-10,285.791838328044
1973-04-11,286.311716715495
1973-04-12,283.452224731445
1973-04-13,286.357713063558
1973-04-14,285.084551493327
1973-04-15,285.000298817952
1973-04-16,288.60847345988
1973-04-17,287.61122639974
1973-04-18,284.131083170573
1973-04-19,283.667547861735
1973-04-20,286.246679941813
1973-04-21,287.984519958496
1973-04-22,286.962890625
1973-04-23,288.387961069743
1973-04-24,285.393711090088
1973-04-25,280.419296264649
1973-04-26,283.708372751872
1973-04-27,286.597816467285
1973-04-28,286.414751688639
1973-04-29,287.340293884277
1973-04-30,288.081853230794
1973-05-01,283.732517242432
1973-05-02,285.760419209798
1973-05-03,286.196556091309
1973-05-04,288.231244405111
1973-05-05,290.005678812663
1973-05-06,287.430732727051
1973-05-07,285.043827056885
1973-05-08,282.026650746663
1973-05-09,284.688218434652
1973-05-10,284.220092773438
1973-05-11,281.191473642985
1973-05-12,284.522880554199
1973-05-13,284.465726216634
1973-05-14,282.569435119629
1973-05-15,282.300006866455
1973-05-16,282.377605438232
1973-05-17,284.198198954264
1973-05-18,282.963506062826
1973-05-19,282.272178649902
1973-05-20,283.833334604899
1973-05-21,281.693391164144
1973-05-22,277.727202097575
1973-05-23,281.390725453695
1973-05-24,284.706073760986
1973-05-25,285.799463907878
1973-05-26,281.151053110758
1973-05-27,282.105279286702
1973-05-28,283.941347757975
1973-05-29,283.700116475423
1973-05-30,284.471106211344
1973-05-31,283.868851979574
1973-06-01,282.313729604085
1973-06-02,281.664422353109
1973-06-03,282.027254740397
1973-06-04,284.305458068848
1973-06-05,286.069095611572
1973-06-06,284.518742879232
1973-06-07,283.957191467285
1973-06-08,284.326619466146
1973-06-09,285.570682525635
1973-06-10,282.056587219238
1973-06-11,281.114978790283
1973-06-12,279.959528605143
1973-06-13,279.610928853353
1973-06-14,280.805852254232
1973-06-15,283.719973246257
1973-06-16,280.930432637533
1973-06-17,278.790036519369
1973-06-18,278.893526713053
1973-06-19,277.647483825684
1973-06-20,276.634862263997
1973-06-21,277.451217651367
1973-06-22,277.925745646159
1973-06-23,279.529434204102
1973-06-24,280.044614156087
1973-06-25,281.551349639893
1973-06-26,284.133700052897
1973-06-27,281.675224304199
1973-06-28,279.244761149089
1973-06-29,278.824049631754
1973-06-30,278.108361562093
1973-07-01,279.530952453613
1973-07-02,277.515436808268
1973-07-03,276.308194478353
1973-07-04,274.710777282715
1973-07-05,277.177146911621
1973-07-06,278.993125915527
1973-07-07,279.055848439534
1973-07-08,276.695990244547
1973-07-09,279.039418538411
1973-07-10,278.845630645752
1973-07-11,278.114758809408
1973-07-12,277.584566752116
1973-07-13,279.205215454101
1973-07-14,280.224571228027
1973-07-15,280.605107625326
1973-07-16,281.146653493245
1973-07-17,281.817342122396
1973-07-18,281.418248494466
1973-07-19,280.657508850098
1973-07-20,280.597590128581
1973-07-21,279.256205240885
1973-07-22,281.0926806132
1973-07-23,283.049538930257
1973-07-24,282.194028218587
1973-07-25,280.64492670695
1973-07-26,280.86067199707
1973-07-27,280.143367767334
1973-07-28,278.905857086182
1973-07-29,278.545055389404
1973-07-30,278.079168955485
1973-07-31,278.112762451172
1973-08-01,278.051638285319
1973-08-02,277.633102416992
1973-08-03,278.86661529541
1973-08-04,280.872334798177
1973-08-05,280.875326792399
1973-08-06,281.44686126709
1973-08-07,280.029107411703
1973-08-08,279.363408406576
1973-08-09,281.318307240804
1973-08-10,282.982237497965
1973-08-11,283.480985005697
1973-08-12,283.518953959147
1973-08-13,284.870160420736
1973-08-14,283.888987223307
1973-08-15,281.943687438965
1973-08-16,280.629300435384
1973-08-17,279.272963205973
1973-08-18,278.670630137126
1973-08-19,277.739804585775
1973-08-20,281.409812927246
1973-08-21,285.049877166748
1973-08-22,279.418713887532
1973-08-23,276.803269704183
1973-08-24,276.976523081461
1973-08-25,278.20065053304
1973-08-26,280.724587758382
1973-08-27,282.179447174072
1973-08-28,282.842185974121
1973-08-29,282.883590698242
1973-08-30,282.89944712321
1973-08-31,282.056481679281
1973-09-01,281.353553771973
1973-09-02,280.107875823975
1973-09-03,281.103368123372
1973-09-04,283.356522878011
1973-09-05,283.018281300863
1973-09-06,282.300685882568
1973-09-07,281.566319783529
1973-09-08,280.520343780518
1973-09-09,278.355339050293
1973-09-10,279.794751485189
1973-09-11,283.31507619222
1973-09-12,282.171351114909
1973-09-13,282.387418111165
1973-09-14,283.928460439046
1973-09-15,286.033134460449
1973-09-16,283.087964375814
1973-09-17,280.718311309815
1973-09-18,281.30225499471
1973-09-19,284.570062001546
1973-09-20,284.979916890462
1973-09-21,286.391311645508
1973-09-22,284.359996795654
1973-09-23,282.139676411947
1973-09-24,281.283795674642
1973-09-25,283.359823862712
1973-09-26,284.790387471517
1973-09-27,285.987299601237
1973-09-28,287.803084055583
1973-09-29,287.203160603841
1973-09-30,287.243441263835
1973-10-01,287.548215230306
1973-10-02,284.275858561198
1973-10-03,282.339600880941
1973-10-04,280.166290283203
1973-10-05,279.526336669922
1973-10-06,284.184338887532
1973-10-07,283.970162709554
1973-10-08,284.292621612549
1973-10-09,284.760414123535
1973-10-10,285.362533569336
1973-10-11,286.982887268066
1973-10-12,288.153195699056
1973-10-13,288.66845703125
1973-10-14,287.208166758219
1973-10-15,287.459846496582
1973-10-16,284.43899790446
1973-10-17,281.473682403565
1973-10-18,279.802688598633
1973-10-19,284.029640197754
1973-10-20,285.439442952474
1973-10-21,288.848243713379
1973-10-22,290.088990529378
1973-10-23,289.301691691081
1973-10-24,283.24848429362
1973-10-25,280.47434870402
1973-10-26,281.879393259684
1973-10-27,283.510309855143
1973-10-28,282.209351857503
1973-10-29,281.733341217041
1973-10-30,284.12321472168
1973-10-31,285.912190755208
1973-11-01,288.118605295817
1973-11-02,289.065188090007
1973-11-03,291.210267384847
1973-11-04,292.124029795329
1973-11-05,289.634740193685
1973-11-06,291.957951863607
1973-11-07,291.374141693115
1973-11-08,291.555366516113
1973-11-09,287.621757507324
1973-11-10,285.770295461019
1973-11-11,284.206872304281
1973-11-12,287.476888020833
1973-11-13,287.931566874186
1973-11-14,287.349697113037
1973-11-15,284.997608184814
1973-11-16,283.574193318685
1973-11-17,284.3258005778
1973-11-18,286.100035349528
1973-11-19,285.599697113037
1973-11-20,283.90941619873
1973-11-21,285.634727478027
1973-11-22,286.821652730306
1973-11-23,285.214098612467
1973-11-24,286.365904490153
1973-11-25,286.814221700033
1973-11-26,286.744942982992
1973-11-27,287.641063690186
1973-11-28,286.060894012451
1973-11-29,284.365889231364
1973-11-30,287.59440612793
1973-12-01,289.556208292643
1973-12-02,287.815809885661
1973-12-03,286.965841929118
1973-12-04,288.873339335124
1973-12-05,290.678605397542
1973-12-06,290.597188313802
1973-12-07,290.690906524658
1973-12-08,289.568499247233
1973-12-09,288.913909912109
1973-12-10,284.202756245931
1973-12-11,288.996517181396
1973-12-12,286.704349517822
1973-12-13,286.217928568522
1973-12-14,288.627655029297
1973-12-15,287.870107014974
1973-12-16,288.927148183187
1973-12-17,291.242206573486
1973-12-18,290.065158843994
1973-12-19,284.831837972005
1973-12-20,282.930314381917
1973-12-21,285.193651835124
1973-12-22,286.20601272583
1973-12-23,286.740861256917
1973-12-24,290.577831268311
1973-12-25,290.922949473063
1973-12-26,290.361340840658
1973-12-27,288.876290639242
1973-12-28,287.495417277018
1973-12-29,288.100016276042
1973-12-30,288.585085550944
1973-12-31,290.601263682048
1974-01-01,289.473890940348
1974-01-02,291.711929321289
1974-01-03,291.950686136881
1974-01-04,287.778778076172
1974-01-05,287.174714406331
1974-01-06,292.095773061117
1974-01-07,293.097535451253
1974-01-08,292.616107940674
1974-01-09,286.241985321045
1974-01-10,283.57980855306
1974-01-11,283.378294626872
1974-01-12,285.483121236165
1974-01-13,285.009035746256
1974-01-14,285.516574859619
1974-01-15,288.873733520508
1974-01-16,289.953088124593
1974-01-17,288.52370707194
1974-01-18,287.014203389486
1974-01-19,290.065695444743
1974-01-20,289.923922220866
1974-01-21,287.738333384196
1974-01-22,291.443050384521
1974-01-23,291.066248575846
1974-01-24,289.689071655274
1974-01-25,285.89143371582
1974-01-26,283.545186360677
1974-01-27,286.510531107585
1974-01-28,286.11757405599
1974-01-29,291.455149332682
1974-01-30,291.567905426025
1974-01-31,291.926752726237
1974-02-01,286.953742980957
1974-02-02,292.854541778564
1974-02-03,294.581606547038
1974-02-04,294.279226938884
1974-02-05,293.536111195882
1974-02-06,291.002073923747
1974-02-07,290.753406524658
1974-02-08,293.552900950114
1974-02-09,295.588916778564
1974-02-10,296.207358042399
1974-02-11,291.082739512126
1974-02-12,288.981583913167
1974-02-13,292.688498179118
1974-02-14,295.177864074707
1974-02-15,296.012367248535
1974-02-16,290.379686991374
1974-02-17,288.416215260824
1974-02-18,289.506048838298
1974-02-19,288.819511413574
1974-02-20,292.260757446289
1974-02-21,291.693286895752
1974-02-22,289.391216278076
1974-02-23,288.855754852295
1974-02-24,290.701871236165
1974-02-25,288.849801381429
1974-02-26,291.032299041748
1974-02-27,290.463240305583
1974-02-28,288.064422607422
1974-03-01,286.196501413981
1974-03-02,282.064655303955
1974-03-03,285.679251352946
1974-03-04,284.364710489909
1974-03-05,288.044667561849
1974-03-06,287.98957824707
1974-03-07,289.608706156413
1974-03-08,288.867781321208
1974-03-09,289.361915588379
1974-03-10,289.786440531413
1974-03-11,290.385740915934
1974-03-12,287.720278422038
1974-03-13,287.280077616374
1974-03-14,288.085622151693
1974-03-15,290.364040374756
1974-03-16,289.440185546875
1974-03-17,287.195166269938
1974-03-18,282.00953801473
1974-03-19,280.350289662679
1974-03-20,279.76007715861
1974-03-21,279.766179402669
1974-03-22,281.036973317464
1974-03-23,283.931939442953
1974-03-24,283.930062611898
1974-03-25,282.977639516195
1974-03-26,284.168411254883
1974-03-27,285.057704925537
1974-03-28,283.714590708415
1974-03-29,284.384143829346
1974-03-30,285.112458546956
1974-03-31,286.170557657878
1974-04-01,287.298633575439
1974-04-02,289.375546773275
1974-04-03,289.132892608643
1974-04-04,290.815541585286
1974-04-05,291.806406656901
1974-04-06,291.600114186605
1974-04-07,288.226093292236
1974-04-08,287.792494455973
1974-04-09,289.040918986003
1974-04-10,286.447476704915
1974-04-11,283.069927215576
1974-04-12,282.13770421346
1974-04-13,282.887359619141
1974-04-14,286.432301839193
1974-04-15,290.813343048096
1974-04-16,289.142665863037
1974-04-17,288.113418579102
1974-04-18,289.2802734375
1974-04-19,287.613892873128
1974-04-20,287.590602874756
1974-04-21,286.706799825033
1974-04-22,283.227711995443
1974-04-23,282.250090281169
1974-04-24,281.952233632406
1974-04-25,281.753421783447
1974-04-26,281.380720774333
1974-04-27,281.185887654622
1974-04-28,281.541891733805
1974-04-29,281.593273162842
1974-04-30,280.703618367513
1974-05-01,280.753751118978
1974-05-02,282.199223836263
1974-05-03,282.762879689534
1974-05-04,281.514733632406
1974-05-05,278.352895100912
1974-05-06,281.79364267985
1974-05-07,284.905869801839
1974-05-08,286.859685262044
1974-05-09,279.596402486165
1974-05-10,279.327725728353
1974-05-11,282.08206431071
1974-05-12,284.829458872477
1974-05-13,285.732290903727
1974-05-14,285.043128967285
1974-05-15,284.141089121501
1974-05-16,283.37856165568
1974-05-17,283.732231140137
1974-05-18,284.038248697917
1974-05-19,283.404504140218
1974-05-20,284.487890879313
1974-05-21,280.410836537679
1974-05-22,281.265692392985
1974-05-23,281.058330535889
1974-05-24,285.743686676025
1974-05-25,286.199403127035
1974-05-26,283.699114481608
1974-05-27,279.812075297038
1974-05-28,280.086705525716
1974-05-29,285.517484029134
1974-05-30,283.472714742025
1974-05-31,281.130228678385
1974-06-01,281.82755279541
1974-06-02,281.260326385498
1974-06-03,280.796942392985
1974-06-04,280.215190887451
1974-06-05,277.47900390625
1974-06-06,277.838258107503
1974-06-07,277.489325205485
1974-06-08,276.449476877848
1974-06-09,280.027014414469
1974-06-10,283.635893503825
1974-06-11,284.588108062744
1974-06-12,283.159047444661
1974-06-13,281.095333099365
1974-06-14,280.824247996012
1974-06-15,282.605787913005
1974-06-16,279.859636942545
1974-06-17,276.488806406657
1974-06-18,276.244227091471
1974-06-19,275.878320058187
1974-06-20,275.616779327393
1974-06-21,276.480261484782
1974-06-22,282.443829854329
1974-06-23,285.170838673909
1974-06-24,284.239011128743
1974-06-25,284.041203816732
1974-06-26,284.347021738688
1974-06-27,283.886297861735
1974-06-28,282.545605977376
1974-06-29,280.660053253174
1974-06-30,278.014666239421
1974-07-01,279.593465169271
1974-07-02,283.725732167562
1974-07-03,282.723698933919
1974-07-04,277.880273183187
1974-07-05,276.635480244954
1974-07-06,277.406934102376
1974-07-07,278.012585957845
1974-07-08,277.978430430094
1974-07-09,279.033325195313
1974-07-10,281.872155507406
1974-07-11,280.404224395752
1974-07-12,278.294368743896
1974-07-13,278.689456939697
1974-07-14,281.699713389079
1974-07-15,282.512658437093
1974-07-16,282.347764333089
1974-07-17,281.939470926921
1974-07-18,282.735544840495
1974-07-19,284.899983723958
1974-07-20,286.509098052979
1974-07-21,284.926713307698
1974-07-22,284.193501790364
1974-07-23,282.313816070557
1974-07-24,280.654244740804
1974-07-25,282.341433207194
1974-07-26,278.681232452393
1974-07-27,277.222919464111
1974-07-28,280.895389556885
1974-07-29,281.75289662679
1974-07-30,281.75955581665
1974-07-31,280.30634689331
1974-08-01,280.130532582601
1974-08-02,280.877824147542
1974-08-03,281.578010559082
1974-08-04,280.815137227376
1974-08-05,280.296164194743
1974-08-06,280.462552388509
1974-08-07,280.163992563883
1974-08-08,276.948299407959
1974-08-09,277.882233937581
1974-08-10,280.14334487915
1974-08-11,280.615756988525
1974-08-12,280.388515472412
1974-08-13,281.098468780518
1974-08-14,282.589773813883
1974-08-15,281.754290262858
1974-08-16,282.887739817301
1974-08-17,282.335633595785
1974-08-18,282.128836313884
1974-08-19,279.533880869548
1974-08-20,277.851161956787
1974-08-21,280.040938059489
1974-08-22,281.616626739502
1974-08-23,280.439364115397
1974-08-24,278.773721059163
1974-08-25,279.970623016357
1974-08-26,277.445697784424
1974-08-27,278.520345052083
1974-08-28,278.323024749756
1974-08-29,277.379002888997
1974-08-30,278.230684916178
1974-08-31,278.604729970296
1974-09-01,281.236752827962
1974-09-02,283.012181599935
1974-09-03,284.07522837321
1974-09-04,282.340861002604
1974-09-05,282.837914784749
1974-09-06,282.94456354777
1974-09-07,282.579319000244
1974-09-08,284.273127237956
1974-09-09,285.523193359375
1974-09-10,283.796216328939
1974-09-11,281.977705637614
1974-09-12,282.270517985026
1974-09-13,282.750104268392
1974-09-14,283.555024464925
1974-09-15,282.994372049967
1974-09-16,285.161214192708
1974-09-17,283.937367757161
1974-09-18,283.167097727458
1974-09-19,283.272969563802
1974-09-20,282.712089538574
1974-09-21,282.975917816162
1974-09-22,284.621444702148
1974-09-23,285.428637186686
1974-09-24,284.678550720215
1974-09-25,284.767851511637
1974-09-26,286.834621429443
1974-09-27,284.91893641154
1974-09-28,282.496395111084
1974-09-29,279.019306182861
1974-09-30,278.863628387451
1974-10-01,279.708619435628
1974-10-02,282.06361134847
1974-10-03,282.600601196289
1974-10-04,284.371031443278
1974-10-05,284.130849202474
1974-10-06,285.65697479248
1974-10-07,286.347924550374
1974-10-08,290.432966868083
1974-10-09,288.000347137451
1974-10-10,284.844034830729
1974-10-11,285.156520843506
1974-10-12,284.849597930908
1974-10-13,285.948724110921
1974-10-14,284.756904602051
1974-10-15,286.0144627889
1974-10-16,284.100524902344
1974-10-17,283.81174214681
1974-10-18,286.869478861491
1974-10-19,285.773426055908
1974-10-20,286.570159912109
1974-10-21,287.166376749674
1974-10-22,285.694896697998
1974-10-23,281.549194335937
1974-10-24,280.573178609212
1974-10-25,283.968088785807
1974-10-26,282.181307474772
1974-10-27,285.41552734375
1974-10-28,284.169325510661
1974-10-29,282.049340565999
1974-10-30,281.497212727865
1974-10-31,280.400562286377
1974-11-01,281.392327626546
1974-11-02,281.930432637532
1974-11-03,283.849875132243
1974-11-04,281.850774129232
1974-11-05,284.138610839844
1974-11-06,284.955966949463
1974-11-07,287.041660308838
1974-11-08,288.272411346435
1974-11-09,289.883902231852
1974-11-10,287.770074208578
1974-11-11,288.508260091146
1974-11-12,287.489058176676
1974-11-13,287.637564341227
1974-11-14,286.326208750407
1974-11-15,288.656748453776
1974-11-16,288.578610738118
1974-11-17,285.447781880697
1974-11-18,286.373537699381
1974-11-19,286.822714487712
1974-11-20,285.941822052002
1974-11-21,288.99950281779
1974-11-22,285.377015431722
1974-11-23,283.788698832194
1974-11-24,285.385641733805
1974-11-25,287.388605753581
1974-11-26,289.20200475057
1974-11-27,289.448684692383
1974-11-28,289.225067138672
1974-11-29,289.005011240641
1974-11-30,289.62867863973
1974-12-01,290.46656926473
1974-12-02,291.548844655355
1974-12-03,291.253391265869
1974-12-04,289.852987925212
1974-12-05,290.398615519206
1974-12-06,288.332491556803
1974-12-07,287.508448282878
1974-12-08,288.098337809245
1974-12-09,286.904402414958
1974-12-10,285.761945088704
1974-12-11,283.111104329427
1974-12-12,284.362099965413
1974-12-13,287.554481506348
1974-12-14,289.75229771932
1974-12-15,289.996128082275
1974-12-16,285.512565612793
1974-12-17,286.149407704671
1974-12-18,287.615151723226
1974-12-19,289.200598398844
1974-12-20,291.054238637288
1974-12-21,292.091920216878
1974-12-22,292.666333516439
1974-12-23,291.085652669271
1974-12-24,287.360727945963
1974-12-25,287.940251668294
1974-12-26,291.484820048014
1974-12-27,291.896105448405
1974-12-28,291.408074696859
1974-12-29,292.161968231201
1974-12-30,292.777612050374
1974-12-31,294.034627278646
1975-01-01,293.372815450032
1975-01-02,289.906772613525
1975-01-03,289.356292724609
1975-01-04,290.723097483317
1975-01-05,290.464228312174
1975-01-06,292.745675404867
1975-01-07,293.119157155355
1975-01-08,294.312623341878
1975-01-09,292.856126149495
1975-01-10,291.847451527913
1975-01-11,290.870717366537
1975-01-12,293.045291900635
1975-01-13,293.425402323405
1975-01-14,292.714031219482
1975-01-15,292.439757029216
1975-01-16,291.186937967936
1975-01-17,290.89590326945
1975-01-18,289.156978607178
1975-01-19,288.641713460286
1975-01-20,289.562586466471
1975-01-21,287.881694793701
1975-01-22,288.180421193441
1975-01-23,286.835109710693
1975-01-24,287.982992808024
1975-01-25,290.278521219889
1975-01-26,291.976348876953
1975-01-27,292.152277628581
1975-01-28,292.737368265788
1975-01-29,292.336142222087
1975-01-30,288.796928405762
1975-01-31,286.584639231364
1975-02-01,286.439407348633
1975-02-02,288.983565012614
1975-02-03,291.739218393962
1975-02-04,290.325987497966
1975-02-05,290.133233388265
1975-02-06,287.820859273275
1975-02-07,287.775876363119
1975-02-08,286.522978464762
1975-02-09,285.762992858887
1975-02-10,289.131898244222
1975-02-11,291.464467366536
1975-02-12,292.767801920573
1975-02-13,292.739273071289
1975-02-14,294.794039408366
1975-02-15,294.134386698405
1975-02-16,294.380054473877
1975-02-17,290.524518330892
1975-02-18,288.079620361328
1975-02-19,288.700074513753
1975-02-20,288.776135762532
1975-02-21,291.070262908935
1975-02-22,293.657719930013
1975-02-23,292.652239481608
1975-02-24,292.108731587728
1975-02-25,291.958215077718
1975-02-26,289.730973561605
1975-02-27,290.312049865723
1975-02-28,291.870180765788
1975-03-01,288.619425455729
1975-03-02,284.225950876872
1975-03-03,286.816925048828
1975-03-04,288.747292836507
1975-03-05,292.216490427653
1975-03-06,288.972869873047
1975-03-07,285.779655456543
1975-03-08,288.34513092041
1975-03-09,291.813608805339
1975-03-10,290.744422912598
1975-03-11,288.953285217285
1975-03-12,287.852073669434
1975-03-13,288.855211893718
1975-03-14,290.860374450683
1975-03-15,291.428705851237
1975-03-16,292.935192108154
1975-03-17,291.219111124674
1975-03-18,290.02128982544
1975-03-19,288.28612391154
1975-03-20,290.140525817871
1975-03-21,290.764006296794
1975-03-22,291.899387359619
1975-03-23,290.979551951091
1975-03-24,291.142187754313
1975-03-25,291.887540181478
1975-03-26,289.782568613688
1975-03-27,287.533897399902
1975-03-28,285.340910593669
1975-03-29,287.46407699585
1975-03-30,288.19305674235
1975-03-31,289.923408508301
1975-04-01,289.043956756592
1975-04-02,290.183221181234
1975-04-03,287.461973826091
1975-04-04,286.768070220947
1975-04-05,284.86110051473
1975-04-06,285.224048614502
1975-04-07,287.585280100505
1975-04-08,288.708695729574
1975-04-09,286.156345367432
1975-04-10,285.144846598307
1975-04-11,286.597625732422
1975-04-12,286.168838500977
1975-04-13,281.587286631266
1975-04-14,283.530405680339
1975-04-15,282.416534423828
1975-04-16,283.441472371419
1975-04-17,284.350270589193
1975-04-18,284.751796722412
1975-04-19,284.847681681315
1975-04-20,287.137439727783
1975-04-21,288.348077138265
1975-04-22,290.666286468506
1975-04-23,291.328015645345
1975-04-24,290.424268086751
1975-04-25,287.24623743693
1975-04-26,283.310516357422
1975-04-27,280.357758839925
1975-04-28,284.1057472229
1975-04-29,286.415966033935
1975-04-30,285.040125528971
1975-05-01,282.304790496826
1975-05-02,284.000026702881
1975-05-03,284.421460469564
1975-05-04,282.851451873779
1975-05-05,280.889603932699
1975-05-06,284.559852600098
1975-05-07,282.180248260498
1975-05-08,278.245485941569
1975-05-09,281.898264567057
1975-05-10,283.012570699056
1975-05-11,283.637311299642
1975-05-12,284.134132385254
1975-05-13,282.66509882609
1975-05-14,283.925582885742
1975-05-15,285.462398529053
1975-05-16,287.482805887858
1975-05-17,287.000946044922
1975-05-18,288.629900614421
1975-05-19,288.131870269775
1975-05-20,287.554620107015
1975-05-21,287.234068552653
1975-05-22,285.657162984212
1975-05-23,283.508164723714
1975-05-24,284.401634216309
1975-05-25,285.905328114827
1975-05-26,287.714740753174
1975-05-27,282.560834248861
1975-05-28,279.99809773763
1975-05-29,280.067790985107
1975-05-30,280.565753936768
1975-05-31,282.186737060547
1975-06-01,282.930906931559
1975-06-02,282.311013539632
1975-06-03,281.721675872803
1975-06-04,281.870100657145
1975-06-05,281.800632476807
1975-06-06,283.807458241781
1975-06-07,284.244972229004
1975-06-08,280.866625467936
1975-06-09,277.863497416178
1975-06-10,280.94297281901
1975-06-11,279.732091267904
1975-06-12,276.96369043986
1975-06-13,278.998170216878
1975-06-14,281.267152150472
1975-06-15,282.861296335856
1975-06-16,282.032169342041
1975-06-17,277.930980682373
1975-06-18,278.196520487467
1975-06-19,281.637191772461
1975-06-20,282.461284637451
1975-06-21,282.012831370036
1975-06-22,279.867755889893
1975-06-23,277.270207722982
1975-06-24,276.104815165202
1975-06-25,276.670152028402
1975-06-26,275.54297765096
1975-06-27,276.759724934896
1975-06-28,276.311880747477
1975-06-29,275.305245717367
1975-06-30,275.059758504232
1975-07-01,276.917415618896
1975-07-02,280.59291712443
1975-07-03,279.260134379069
1975-07-04,279.329191843669
1975-07-05,276.18524424235
1975-07-06,275.885593414307
1975-07-07,277.236736297607
1975-07-08,279.071065266927
1975-07-09,279.170345306397
1975-07-10,280.693574269613
1975-07-11,281.259070078532
1975-07-12,280.203198750814
1975-07-13,279.386166890462
1975-07-14,279.347567240397
1975-07-15,283.717763264974
1975-07-16,283.877249399821
1975-07-17,282.328675587972
1975-07-18,280.0686378479
1975-07-19,279.755700429281
1975-07-20,281.904546101888
1975-07-21,278.895097096761
1975-07-22,275.948471069336
1975-07-23,276.164157867432
1975-07-24,274.815579732259
1975-07-25,276.500193277995
1975-07-26,281.70645014445
1975-07-27,284.868839263916
1975-07-28,280.822770436605
1975-07-29,281.854165395101
1975-07-30,281.399280548096
1975-07-31,277.403104146322
1975-08-01,281.743380228678
1975-08-02,282.602011362712
1975-08-03,278.268241882324
1975-08-04,278.331289927165
1975-08-05,281.237284342448
1975-08-06,281.604513804118
1975-08-07,280.68550491333
1975-08-08,279.417997996012
1975-08-09,276.713415781657
1975-08-10,278.506172180176
1975-08-11,280.405888875325
1975-08-12,279.503105163574
1975-08-13,280.589450836182
1975-08-14,281.951807657878
1975-08-15,280.923261006673
1975-08-16,281.537297566732
1975-08-17,279.336859385173
1975-08-18,281.760897318522
1975-08-19,281.968625386556
1975-08-20,283.830504099528
1975-08-21,281.284503936768
1975-08-22,279.8563524882
1975-08-23,279.169452667236
1975-08-24,280.652172088623
1975-08-25,281.900016784668
1975-08-26,283.039655049642
1975-08-27,282.335098266602
1975-08-28,283.521331787109
1975-08-29,284.17209370931
1975-08-30,284.379586537679
1975-08-31,283.573665618897
1975-09-01,281.202433268229
1975-09-02,281.513322194417
1975-09-03,281.618082682292
1975-09-04,281.97114944458
1975-09-05,282.934858957926
1975-09-06,282.239903767904
1975-09-07,281.64702351888
1975-09-08,279.945533752441
1975-09-09,282.414961496989
1975-09-10,283.88866297404
1975-09-11,284.166591644287
1975-09-12,282.341190338135
1975-09-13,278.036426544189
1975-09-14,281.689270019531
1975-09-15,282.336931864421
1975-09-16,282.710810343424
1975-09-17,278.759068806966
1975-09-18,283.094879150391
1975-09-19,285.370964050293
1975-09-20,286.887711842855
1975-09-21,286.301923116048
1975-09-22,283.54664738973
1975-09-23,279.532216389974
1975-09-24,283.294019063314
1975-09-25,282.085459391276
1975-09-26,278.235785166423
1975-09-27,278.395811716716
1975-09-28,279.916784922282
1975-09-29,282.468063354492
1975-09-30,283.987743377686
1975-10-01,284.886163075765
1975-10-02,283.897631327311
1975-10-03,284.426848093669
1975-10-04,284.380043029785
1975-10-05,284.629816691081
1975-10-06,281.204882303874
1975-10-07,282.975992838542
1975-10-08,283.778474171956
1975-10-09,284.744238535563
1975-10-10,282.818202972412
1975-10-11,282.308378855388
1975-10-12,283.554912567139
1975-10-13,285.685549418131
1975-10-14,287.788888295492
1975-10-15,286.79224395752
1975-10-16,285.876143137614
1975-10-17,286.652776082357
1975-10-18,287.188056945801
1975-10-19,284.87614440918
1975-10-20,281.391593933105
1975-10-21,280.677875518799
1975-10-22,285.13261795044
1975-10-23,287.347942352295
1975-10-24,283.962338765462
1975-10-25,284.126900990804
1975-10-26,287.073989868164
1975-10-27,288.369281768799
1975-10-28,285.088383992513
1975-10-29,283.563086191813
1975-10-30,285.788393656413
1975-10-31,282.318711598714
1975-11-01,282.501269022624
1975-11-02,286.682123819987
1975-11-03,287.075148264567
1975-11-04,284.869618733724
1975-11-05,283.670000712077
1975-11-06,287.296840667725
1975-11-07,287.42827351888
1975-11-08,287.073841094971
1975-11-09,283.989054361979
1975-11-10,280.736577351888
1975-11-11,282.924961090088
1975-11-12,285.617546081543
1975-11-13,288.084503173828
1975-11-14,285.98743947347
1975-11-15,281.170782725016
1975-11-16,283.641543070475
1975-11-17,284.730060577393
1975-11-18,279.893257141113
1975-11-19,285.04505666097
1975-11-20,282.948607126872
1975-11-21,279.369070688884
1975-11-22,279.753117879232
1975-11-23,281.655311584473
1975-11-24,281.777629852295
1975-11-25,284.721647898356
1975-11-26,288.783159891764
1975-11-27,290.719069163005
1975-11-28,287.293463389079
1975-11-29,287.418525695801
1975-11-30,287.563819885254
1975-12-01,286.105201721191
1975-12-02,288.915145874023
1975-12-03,287.985497792562
1975-12-04,286.782755533854
1975-12-05,288.256109873454
1975-12-06,288.377779642741
1975-12-07,285.40122350057
1975-12-08,289.255449930827
1975-12-09,290.035511016846
1975-12-10,290.22696685791
1975-12-11,289.993193308512
1975-12-12,285.93696085612
1975-12-13,287.373541514079
1975-12-14,288.834779103597
1975-12-15,284.946994781494
1975-12-16,286.353691101074
1975-12-17,288.200972239176
1975-12-18,289.114884694417
1975-12-19,290.925132751465
1975-12-20,289.627827962239
1975-12-21,287.761098225911
1975-12-22,287.207503000895
1975-12-23,287.463831583659
1975-12-24,287.011746724447
1975-12-25,286.314156850179
1975-12-26,281.96827952067
1975-12-27,280.516354878743
1975-12-28,284.979133605957
1975-12-29,284.54549407959
1975-12-30,284.352170308431
1975-12-31,287.153654734294
1976-01-01,285.486080169678
1976-01-02,287.097332000732
1976-01-03,287.073720296224
1976-01-04,287.620558420817
1976-01-05,289.711990356445
1976-01-06,292.31777826945
1976-01-07,288.946172078451
1976-01-08,287.891866048177
1976-01-09,288.347628275553
1976-01-10,290.47097269694
1976-01-11,289.601629892985
1976-01-12,287.777881622315
1976-01-13,289.41469446818
1976-01-14,291.553241729736
1976-01-15,292.640375773112
1976-01-16,291.952505747477
1976-01-17,293.159824371338
1976-01-18,290.048287709554
1976-01-19,287.667718251546
1976-01-20,285.1141649882
1976-01-21,286.594977060954
1976-01-22,289.041763305664
1976-01-23,288.001892089844
1976-01-24,287.531000773112
1976-01-25,288.254202524821
1976-01-26,289.364493052165
1976-01-27,292.534469604492
1976-01-28,289.417797088623
1976-01-29,287.606088002523
1976-01-30,286.12913386027
1976-01-31,284.903907775879
1976-02-01,280.893535614014
1976-02-02,282.517651875814
1976-02-03,287.815700531006
1976-02-04,288.409310658773
1976-02-05,287.119705200195
1976-02-06,291.240745544434
1976-02-07,287.70706431071
1976-02-08,285.778064727783
1976-02-09,285.09462483724
1976-02-10,288.222736358643
1976-02-11,287.606419881185
1976-02-12,288.431400299072
1976-02-13,287.704395294189
1976-02-14,284.982013702393
1976-02-15,283.095021565755
1976-02-16,283.47918065389
1976-02-17,284.782988230387
1976-02-18,284.215555826823
1976-02-19,287.959467569987
1976-02-20,289.492771148682
1976-02-21,289.704429626465
1976-02-22,285.897860209147
1976-02-23,286.760204315185
1976-02-24,287.780735015869
1976-02-25,286.740788777669
1976-02-26,285.880326588949
1976-02-27,281.597225189209
1976-02-28,282.30201848348
1976-02-29,286.904130299886
1976-03-01,287.306896209717
1976-03-02,288.954235076904
1976-03-03,288.284497578939
1976-03-04,287.308494567871
1976-03-05,287.71457417806
1976-03-06,282.837392171224
1976-03-07,287.81778717041
1976-03-08,289.368006388346
1976-03-09,291.052256266276
1976-03-10,288.508422851562
1976-03-11,286.325954437256
1976-03-12,288.611821492513
1976-03-13,288.421644846598
1976-03-14,288.797897338867
1976-03-15,285.987688700358
1976-03-16,287.291987101237
1976-03-17,288.753359476725
1976-03-18,287.753878275553
1976-03-19,288.044092814128
1976-03-20,287.862584431966
1976-03-21,289.542196909587
1976-03-22,289.999327341715
1976-03-23,291.405307769775
1976-03-24,288.443444569906
1976-03-25,284.791867574056
1976-03-26,287.024411519369
1976-03-27,287.032976786295
1976-03-28,284.360290527344
1976-03-29,285.589561462402
1976-03-30,288.37433497111
1976-03-31,286.926373799642
1976-04-01,285.36988957723
1976-04-02,283.595953623454
1976-04-03,284.373018900553
1976-04-04,287.525240580241
1976-04-05,284.818331400553
1976-04-06,284.870079040527
1976-04-07,286.101150512695
1976-04-08,285.603101094564
1976-04-09,287.409259796143
1976-04-10,288.31288655599
1976-04-11,286.76166788737
1976-04-12,284.237411499023
1976-04-13,283.775012969971
1976-04-14,285.234093983968
1976-04-15,282.589679718018
1976-04-16,284.660776774088
1976-04-17,286.02653503418
1976-04-18,286.373227437337
1976-04-19,287.136859893799
1976-04-20,288.048006693522
1976-04-21,283.381407419841
1976-04-22,281.298510233561
1976-04-23,282.75590133667
1976-04-24,281.957899729411
1976-04-25,282.501374562581
1976-04-26,282.989827473958
1976-04-27,285.0008837382
1976-04-28,286.922618865967
1976-04-29,286.420069376628
1976-04-30,286.010139465332
1976-05-01,281.584061940511
1976-05-02,278.151077270508
1976-05-03,280.74010848999
1976-05-04,282.57822672526
1976-05-05,284.385660807292
1976-05-06,284.580996195475
1976-05-07,285.494192759196
1976-05-08,283.955094655355
1976-05-09,283.315629323324
1976-05-10,280.749729156494
1976-05-11,279.827763875326
1976-05-12,279.445285797119
1976-05-13,281.244725545247
1976-05-14,279.774927775065
1976-05-15,280.764507293701
1976-05-16,280.187212626139
1976-05-17,281.301966349284
1976-05-18,281.536336263021
1976-05-19,283.283564249675
1976-05-20,283.584011077881
1976-05-21,280.983783721924
1976-05-22,280.35919825236
1976-05-23,277.5711034139
1976-05-24,277.090646107992
1976-05-25,281.064303080241
1976-05-26,283.602868398031
1976-05-27,282.744480133057
1976-05-28,281.775254567464
1976-05-29,282.144087473551
1976-05-30,285.220500946045
1976-05-31,284.806299845378
1976-06-01,283.988384246826
1976-06-02,285.700133005778
1976-06-03,286.018295288086
1976-06-04,284.714192708333
1976-06-05,281.229479471843
1976-06-06,279.088219960531
1976-06-07,276.653658548991
1976-06-08,277.233620961507
1976-06-09,280.360880533854
1976-06-10,283.625017801921
1976-06-11,281.61616007487
1976-06-12,277.555076599121
1976-06-13,275.554732004801
1976-06-14,276.402156829834
1976-06-15,279.074090321859
1976-06-16,280.71385828654
1976-06-17,279.419147491455
1976-06-18,280.222997029622
1976-06-19,280.103435516357
1976-06-20,278.821673075358
1976-06-21,276.870006561279
1976-06-22,274.623363494873
1976-06-23,276.563676198324
1976-06-24,277.804595947266
1976-06-25,277.719767252604
1976-06-26,276.093943277995
1976-06-27,278.362897237142
1976-06-28,283.04045232137
1976-06-29,284.553597768148
1976-06-30,282.997783660889
1976-07-01,280.041514078776
1976-07-02,278.233151753744
1976-07-03,275.216379801432
1976-07-04,277.291278839111
1976-07-05,277.561775207519
1976-07-06,278.282024383545
1976-07-07,280.4188524882
1976-07-08,284.574876149495
1976-07-09,281.009167989095
1976-07-10,280.493348439535
1976-07-11,278.53897857666
1976-07-12,278.339776357015
1976-07-13,275.873778025309
1976-07-14,280.111097971598
1976-07-15,282.005025227865
1976-07-16,281.397436777751
1976-07-17,277.278563181559
1976-07-18,277.27893447876
1976-07-19,277.744773864746
1976-07-20,275.637760162354
1976-07-21,279.752550760905
1976-07-22,279.856171925863
1976-07-23,281.641498565674
1976-07-24,279.625169118245
1976-07-25,279.101098378499
1976-07-26,280.614601135254
1976-07-27,281.185317993164
1976-07-28,281.780747731527
1976-07-29,281.953633626302
1976-07-30,282.234486897786
1976-07-31,281.623193105062
1976-08-01,279.166920979818
1976-08-02,279.769240061442
1976-08-03,280.212647755941
1976-08-04,278.800516764323
1976-08-05,281.326080322266
1976-08-06,279.330591837565
1976-08-07,278.385164896647
1976-08-08,278.732360839844
1976-08-09,280.524191538493
1976-08-10,280.977948506673
1976-08-11,281.62942759196
1976-08-12,282.453804016113
1976-08-13,283.793370564779
1976-08-14,284.284362792969
1976-08-15,282.862453460693
1976-08-16,282.878191630046
1976-08-17,281.955637613932
1976-08-18,281.896902720133
1976-08-19,282.046142578125
1976-08-20,282.085206349691
1976-08-21,282.110403696696
1976-08-22,281.800556182861
1976-08-23,282.06653213501
1976-08-24,282.68313852946
1976-08-25,282.218807220459
1976-08-26,284.225767771403
1976-08-27,281.048583984375
1976-08-28,280.360642751058
1976-08-29,279.743157704671
1976-08-30,280.786833445231
1976-08-31,279.540606180827
1976-09-01,278.829158782959
1976-09-02,279.398812611898
1976-09-03,278.304363250733
1976-09-04,279.135369618734
1976-09-05,281.528181711833
1976-09-06,282.632630666097
1976-09-07,282.596291859945
1976-09-08,282.673402150472
1976-09-09,282.683694203695
1976-09-10,283.575225830078
1976-09-11,283.70396677653
1976-09-12,282.683403015137
1976-09-13,282.159024556478
1976-09-14,281.420360565186
1976-09-15,281.685365041097
1976-09-16,280.840995788574
1976-09-17,279.79487991333
1976-09-18,280.287762959798
1976-09-19,281.170753479004
1976-09-20,280.802038828532
1976-09-21,278.803674062093
1976-09-22,280.683706919352
1976-09-23,282.73597462972
1976-09-24,281.408182779948
1976-09-25,284.143685658773
1976-09-26,283.770557403564
1976-09-27,281.81108601888
1976-09-28,280.106479644775
1976-09-29,281.409066518148
1976-09-30,282.60257212321
1976-10-01,283.053824106852
1976-10-02,282.598359425863
1976-10-03,281.793518066406
1976-10-04,279.511441548665
1976-10-05,278.547239939372
1976-10-06,278.954151153564
1976-10-07,282.356157938639
1976-10-08,283.764605204264
1976-10-09,285.763823191325
1976-10-10,286.606061299642
1976-10-11,285.270065307617
1976-10-12,286.176856994629
1976-10-13,284.064131418864
1976-10-14,284.057932535807
1976-10-15,283.417245229085
1976-10-16,281.067240397135
1976-10-17,282.192376454671
1976-10-18,285.585351308187
1976-10-19,286.816060384115
1976-10-20,284.135822296143
1976-10-21,283.987721761068
1976-10-22,285.166346232096
1976-10-23,284.356070200602
1976-10-24,283.713442484538
1976-10-25,283.216824849447
1976-10-26,283.245944976807
1976-10-27,279.399347941081
1976-10-28,279.30726369222
1976-10-29,282.208618164062
1976-10-30,284.966409047445
1976-10-31,285.377614339193
1976-11-01,285.403043111165
1976-11-02,284.762106577555
1976-11-03,284.862107594808
1976-11-04,287.013919830322
1976-11-05,287.149236043294
1976-11-06,286.742659250895
1976-11-07,282.986488342285
1976-11-08,279.529135386149
1976-11-09,283.946927388509
1976-11-10,282.782236735026
1976-11-11,280.045415242513
1976-11-12,280.399344126383
1976-11-13,281.810872395833
1976-11-14,280.768795013428
1976-11-15,281.549765268962
1976-11-16,282.240872701009
1976-11-17,282.888409932454
1976-11-18,284.78940709432
1976-11-19,283.709419250488
1976-11-20,284.041772206624
1976-11-21,282.777147928874
1976-11-22,284.548455556234
1976-11-23,286.23397064209
1976-11-24,287.888632456462
1976-11-25,288.120649973552
1976-11-26,286.544979095459
1976-11-27,282.537385304769
1976-11-28,282.135716756185
1976-11-29,285.041060129801
1976-11-30,287.309069315592
1976-12-01,287.135327657064
1976-12-02,288.262022654216
1976-12-03,287.200457255045
1976-12-04,286.479557037354
1976-12-05,288.415617624919
1976-12-06,291.215066274007
1976-12-07,291.211203257243
1976-12-08,290.715092976888
1976-12-09,289.596267700195
1976-12-10,289.747060139974
1976-12-11,287.775351206462
1976-12-12,286.802636464437
1976-12-13,287.532660166422
1976-12-14,290.26645787557
1976-12-15,287.620649973551
1976-12-16,287.007742563883
1976-12-17,287.828642527262
1976-12-18,290.002164204915
1976-12-19,290.354226430257
1976-12-20,288.454181671143
1976-12-21,287.48829905192
1976-12-22,285.12237294515
1976-12-23,284.236132303874
1976-12-24,283.227708180745
1976-12-25,283.485538482666
1976-12-26,287.865465799968
1976-12-27,290.119415283203
1976-12-28,291.561550140381
1976-12-29,290.301211039225
1976-12-30,288.208605448405
1976-12-31,287.778087615967
1977-01-01,284.854216257731
1977-01-02,283.558531443278
1977-01-03,288.038990020752
1977-01-04,290.38370513916
1977-01-05,290.384404500326
1977-01-06,288.456186930339
1977-01-07,286.762696584066
1977-01-08,288.582253774007
1977-01-09,289.388010660807
1977-01-10,284.798540751139
1977-01-11,286.953735351563
1977-01-12,287.474761962891
1977-01-13,286.967491149902
1977-01-14,285.15896987915
1977-01-15,282.631458282471
1977-01-16,287.457338968913
1977-01-17,290.239747365316
1977-01-18,290.367113749186
1977-01-19,291.164512634277
1977-01-20,288.024804433187
1977-01-21,287.301091512044
1977-01-22,285.443330128988
1977-01-23,287.831345876058
1977-01-24,289.844926198324
1977-01-25,290.370354970296
1977-01-26,290.44873046875
1977-01-27,289.578820546468
1977-01-28,288.583207448324
1977-01-29,288.687309265137
1977-01-30,289.502150217692
1977-01-31,290.206961313883
1977-02-01,289.06761932373
1977-02-02,290.010030110677
1977-02-03,290.069105784098
1977-02-04,286.67727915446
1977-02-05,288.566427866618
1977-02-06,287.396135965983
1977-02-07,288.799054463705
1977-02-08,288.636903127034
1977-02-09,284.18063100179
1977-02-10,286.88623936971
1977-02-11,288.048561096191
1977-02-12,285.778870900472
1977-02-13,285.296564737956
1977-02-14,287.870363871257
1977-02-15,291.180488586426
1977-02-16,291.633326212565
1977-02-17,291.541859944661
1977-02-18,290.647905985514
1977-02-19,290.96492767334
1977-02-20,291.155548095703
1977-02-21,293.090752919515
1977-02-22,287.4348487854
1977-02-23,284.984306335449
1977-02-24,286.556411743164
1977-02-25,287.875180562337
1977-02-26,285.649314880371
1977-02-27,288.404349009196
1977-02-28,290.866728464762
1977-03-01,292.784870147705
1977-03-02,292.495493570964
1977-03-03,289.170384724935
1977-03-04,288.053724924723
1977-03-05,285.46303431193
1977-03-06,288.675905863444
1977-03-07,291.487045288086
1977-03-08,291.543148040772
1977-03-09,290.547355651855
1977-03-10,287.695505777995
1977-03-11,289.639671325684
1977-03-12,289.284369150798
1977-03-13,289.399311065674
1977-03-14,288.136984507243
1977-03-15,284.162111918131
1977-03-16,288.822686513265
1977-03-17,290.538964589437
1977-03-18,290.098318735758
1977-03-19,290.790101369222
1977-03-20,287.233268737793
1977-03-21,284.242855072022
1977-03-22,286.994406382243
1977-03-23,287.072146097819
1977-03-24,287.536290486654
1977-03-25,283.372066497803
1977-03-26,281.645537058512
1977-03-27,284.531977335612
1977-03-28,285.44203821818
1977-03-29,288.58123143514
1977-03-30,291.478790283203
1977-03-31,290.889203389486
1977-04-01,288.280661265055
1977-04-02,289.905946095784
1977-04-03,289.488427480062
1977-04-04,287.749951680501
1977-04-05,288.966793060303
1977-04-06,283.543127695719
1977-04-07,283.125689188639
1977-04-08,284.674374898275
1977-04-09,286.291552225749
1977-04-10,288.675468444824
1977-04-11,291.094757080078
1977-04-12,287.942930857341
1977-04-13,286.532480875651
1977-04-14,287.826897939046
1977-04-15,287.052834828695
1977-04-16,286.489377339681
1977-04-17,285.880270640055
1977-04-18,285.329377492269
1977-04-19,285.813397725423
1977-04-20,282.37889734904
1977-04-21,282.521118164062
1977-04-22,280.112218221029
1977-04-23,282.275736490885
1977-04-24,284.829209645589
1977-04-25,283.263960520427
1977-04-26,281.151901245117
1977-04-27,282.259437561035
1977-04-28,279.435342152913
1977-04-29,281.467157999675
1977-04-30,285.016464233398
1977-05-01,281.941673278809
1977-05-02,281.662905375163
1977-05-03,280.519298553467
1977-05-04,281.150403340658
1977-05-05,280.298739115397
1977-05-06,282.215494791667
1977-05-07,280.146050771078
1977-05-08,279.044895172119
1977-05-09,279.737567901611
1977-05-10,280.337412516276
1977-05-11,280.231781005859
1977-05-12,281.165892283122
1977-05-13,279.628247578939
1977-05-14,281.746341705322
1977-05-15,285.099784851074
1977-05-16,284.713408152262
1977-05-17,278.695028940837
1977-05-18,278.382118225098
1977-05-19,277.084739685058
1977-05-20,277.46849822998
1977-05-21,281.063495635986
1977-05-22,283.048896789551
1977-05-23,283.811641693115
1977-05-24,284.039142608643
1977-05-25,284.447115580241
1977-05-26,282.331447601318
1977-05-27,278.002712249756
1977-05-28,277.617000579834
1977-05-29,280.368654886881
1977-05-30,282.568678538005
1977-05-31,279.621481577555
1977-06-01,277.407507578532
1977-06-02,279.395146687826
1977-06-03,281.942211151123
1977-06-04,281.729771931966
1977-06-05,281.328484853109
1977-06-06,280.061456044515
1977-06-07,278.900545756022
1977-06-08,278.888170878092
1977-06-09,278.783779144287
1977-06-10,278.608896891276
1977-06-11,277.551129659017
1977-06-12,278.782009124756
1977-06-13,279.539007822673
1977-06-14,280.236967722575
1977-06-15,282.636313120524
1977-06-16,283.9569384257
1977-06-17,284.535538991292
1977-06-18,282.454470316569
1977-06-19,278.05891418457
1977-06-20,277.514720916748
1977-06-21,280.131539662679
1977-06-22,277.850490570068
1977-06-23,280.213508605957
1977-06-24,279.794406890869
1977-06-25,277.953519185384
1977-06-26,280.236989339193
1977-06-27,282.638861338297
1977-06-28,282.056620279948
1977-06-29,284.083836873372
1977-06-30,284.610085805257
1977-07-01,281.960678100586
1977-07-02,283.247704823812
1977-07-03,281.005437215169
1977-07-04,278.797059377035
1977-07-05,279.001127878825
1977-07-06,279.218678792318
1977-07-07,278.189440409343
1977-07-08,279.057646433513
1977-07-09,277.998715718587
1977-07-10,277.972844441732
1977-07-11,277.406210581462
1977-07-12,277.523681640625
1977-07-13,278.843931833903
1977-07-14,279.419853210449
1977-07-15,279.328540802002
1977-07-16,279.649714152018
1977-07-17,278.820194244385
1977-07-18,279.028237660726
1977-07-19,281.414461771647
1977-07-20,281.680374145508
1977-07-21,281.597487131755
1977-07-22,282.484869639079
1977-07-23,281.497951507568
1977-07-24,280.188549041748
1977-07-25,280.391153971354
1977-07-26,281.136582692464
1977-07-27,283.145610809326
1977-07-28,281.277395884196
1977-07-29,280.605634053548
1977-07-30,279.417104085286
1977-07-31,279.447022755941
1977-08-01,279.908453623454
1977-08-02,278.700929005941
1977-08-03,278.113435109456
1977-08-04,277.155829111735
1977-08-05,276.381202697754
1977-08-06,276.143718719482
1977-08-07,278.716345469157
1977-08-08,282.008097330729
1977-08-09,281.598501841227
1977-08-10,282.467486063639
1977-08-11,281.528231302897
1977-08-12,279.852648417155
1977-08-13,281.429688771566
1977-08-14,280.818377176921
1977-08-15,281.404418945312
1977-08-16,281.293169657389
1977-08-17,283.069697062174
1977-08-18,282.868769327799
1977-08-19,281.479187011719
1977-08-20,280.59348932902
1977-08-21,281.114744822184
1977-08-22,281.396317799886
1977-08-23,282.784487406413
1977-08-24,282.669429779053
1977-08-25,282.568115234375
1977-08-26,283.408803304036
1977-08-27,283.143999735514
1977-08-28,283.290451049805
1977-08-29,281.323291778565
1977-08-30,279.054256439209
1977-08-31,279.122664133708
1977-09-01,281.619555155436
1977-09-02,279.885093688965
1977-09-03,279.849118550619
1977-09-04,279.493033091227
1977-09-05,280.484536488851
1977-09-06,277.920647939046
1977-09-07,276.833173116048
1977-09-08,277.478706359863
1977-09-09,277.043851216634
1977-09-10,277.770702362061
1977-09-11,277.393315633138
1977-09-12,277.384990692139
1977-09-13,280.299610137939
1977-09-14,282.656428019206
1977-09-15,284.773272196452
1977-09-16,282.796157836914
1977-09-17,280.308881123861
1977-09-18,279.129503885905
1977-09-19,280.492290496826
1977-09-20,281.788856506348
1977-09-21,280.896460215251
1977-09-22,280.708915710449
1977-09-23,281.097873687744
1977-09-24,283.00500869751
1977-09-25,279.395799001058
1977-09-26,277.305013020833
1977-09-27,279.300544738769
1977-09-28,280.949712117513
1977-09-29,284.700982411702
1977-09-30,286.493114471435
1977-10-01,281.889643351237
1977-10-02,280.872782389323
1977-10-03,281.090822855632
1977-10-04,279.522927602132
1977-10-05,283.316307067871
1977-10-06,281.206701914469
1977-10-07,282.777843475342
1977-10-08,283.364723205566
1977-10-09,284.302028656006
1977-10-10,284.228267669678
1977-10-11,285.983842213949
1977-10-12,281.41724395752
1977-10-13,279.145932515462
1977-10-14,281.643828074137
1977-10-15,280.604278564453
1977-10-16,285.107879638672
1977-10-17,283.938149770101
1977-10-18,283.770626068115
1977-10-19,283.97557703654
1977-10-20,284.364424387614
1977-10-21,285.994289398193
1977-10-22,286.892875671387
1977-10-23,283.631348927816
1977-10-24,282.329302469889
1977-10-25,281.792868296305
1977-10-26,279.009047190348
1977-10-27,284.044653574626
1977-10-28,285.786028544108
1977-10-29,287.146062215169
1977-10-30,287.749640146891
1977-10-31,285.769142150879
1977-11-01,283.444742838542
1977-11-02,281.540833791097
1977-11-03,281.55854288737
1977-11-04,280.778120676676
1977-11-05,283.455924987793
1977-11-06,285.110326131185
1977-11-07,284.754479726156
1977-11-08,280.49374516805
1977-11-09,283.766026814779
1977-11-10,283.697714487712
1977-11-11,283.680234273275
1977-11-12,286.245820363363
1977-11-13,287.13203048706
1977-11-14,284.553259531657
1977-11-15,283.939910888672
1977-11-16,284.79167175293
1977-11-17,286.027245839437
1977-11-18,285.527618408203
1977-11-19,285.142487843831
1977-11-20,287.379995981852
1977-11-21,288.613450368245
1977-11-22,290.339462280273
1977-11-23,287.975243886312
1977-11-24,287.105431874593
1977-11-25,284.918067932129
1977-11-26,281.718738555908
1977-11-27,284.606090545654
1977-11-28,287.411229451497
1977-11-29,287.48801167806
1977-11-30,288.944451649984
1977-12-01,287.602882385254
1977-12-02,288.811854044596
1977-12-03,288.93129603068
1977-12-04,289.250007629394
1977-12-05,289.800239562988
1977-12-06,291.298269907634
1977-12-07,289.903966267904
1977-12-08,288.994603474935
1977-12-09,287.941460927328
1977-12-10,286.669825236003
1977-12-11,284.490697224935
1977-12-12,286.795969645182
1977-12-13,286.639134724935
1977-12-14,286.503749847412
1977-12-15,283.647722880046
1977-12-16,284.558071136475
1977-12-17,288.340908050537
1977-12-18,288.592797597249
1977-12-19,288.127850850423
1977-12-20,290.239971160889
1977-12-21,287.1672706604
1977-12-22,285.732074737549
1977-12-23,285.053368886312
1977-12-24,284.154285430908
1977-12-25,283.747759501139
1977-12-26,282.875528971354
1977-12-27,285.182238260905
1977-12-28,287.807322184245
1977-12-29,289.322816212972
1977-12-30,288.66550954183
1977-12-31,285.634791056315
1978-01-01,281.724216461182
1978-01-02,283.785406748454
1978-01-03,286.488066355387
1978-01-04,288.469835917155
1978-01-05,286.75133895874
1978-01-06,287.668824513753
1978-01-07,288.798809051514
1978-01-08,291.03512318929
1978-01-09,289.3096631368
1978-01-10,288.071975708008
1978-01-11,289.17470296224
1978-01-12,290.669064839681
1978-01-13,286.882738749186
1978-01-14,288.274864196777
1978-01-15,289.611601511637
1978-01-16,290.363216400146
1978-01-17,291.712973276774
1978-01-18,291.605431874593
1978-01-19,292.305608113607
1978-01-20,291.43324915568
1978-01-21,290.964168548584
1978-01-22,290.144065856934
1978-01-23,291.567793528239
1978-01-24,293.515149434408
1978-01-25,292.171934763591
1978-01-26,292.90140914917
1978-01-27,292.668609619141
1978-01-28,292.318032582601
1978-01-29,292.109901428223
1978-01-30,291.358208974202
1978-01-31,287.522936503092
1978-02-01,289.909723917643
1978-02-02,292.609472910563
1978-02-03,291.920378367106
1978-02-04,292.427832285563
1978-02-05,289.969944000244
1978-02-06,287.650602976481
1978-02-07,287.006357828776
1978-02-08,288.115586598714
1978-02-09,290.12850189209
1978-02-10,292.995436350505
1978-02-11,293.416881561279
1978-02-12,293.362689971924
1978-02-13,294.485261281331
1978-02-14,293.346099853516
1978-02-15,291.2087987264
1978-02-16,292.534890492757
1978-02-17,290.979260762533
1978-02-18,287.635401407878
1978-02-19,289.861577351888
1978-02-20,291.997804005941
1978-02-21,291.440895080566
1978-02-22,292.649183909098
1978-02-23,292.997136433919
1978-02-24,292.082019805908
1978-02-25,288.394673665365
1978-02-26,289.78123219808
1978-02-27,290.972859700521
1978-02-28,288.783569335937
1978-03-01,291.434633890788
1978-03-02,291.831371307373
1978-03-03,293.126651763916
1978-03-04,291.583388010661
1978-03-05,287.348264058431
1978-03-06,288.917004903158
1978-03-07,287.545771280924
1978-03-08,288.205083211263
1978-03-09,289.617163340251
1978-03-10,289.04377746582
1978-03-11,290.778837839762
1978-03-12,289.422753651937
1978-03-13,290.225789388021
1978-03-14,291.288255055745
1978-03-15,290.116051991781
1978-03-16,289.533445994059
1978-03-17,291.013153076172
1978-03-18,290.83545811971
1978-03-19,289.920705159505
1978-03-20,284.355040232341
1978-03-21,284.850475311279
1978-03-22,289.236821492513
1978-03-23,290.490718841553
1978-03-24,288.865379333496
1978-03-25,284.19532140096
1978-03-26,283.861352284749
1978-03-27,287.276760101318
1978-03-28,290.654198964437
1978-03-29,289.24077351888
1978-03-30,287.532062530518
1978-03-31,288.708707173665
1978-04-01,290.365633646647
1978-04-02,289.424666086833
1978-04-03,286.559869130452
1978-04-04,286.474408467611
1978-04-05,285.690526326497
1978-04-06,287.492206573486
1978-04-07,289.102214813232
1978-04-08,289.221548716227
1978-04-09,290.332350413005
1978-04-10,289.025746663411
1978-04-11,285.970105489095
1978-04-12,284.823939005534
1978-04-13,287.74720509847
1978-04-14,289.039189656576
1978-04-15,288.442882537842
1978-04-16,287.868006388346
1978-04-17,287.426114400228
1978-04-18,288.136049906413
1978-04-19,288.030530293783
1978-04-20,287.798817952474
1978-04-21,286.204535166422
1978-04-22,287.247161865234
1978-04-23,287.081250508626
1978-04-24,283.406950632731
1978-04-25,285.808488210042
1978-04-26,287.654399871826
1978-04-27,287.501745859782
1978-04-28,287.62921778361
1978-04-29,287.473328908285
1978-04-30,285.409976959229
1978-05-01,284.39479192098
1978-05-02,283.160668690999
1978-05-03,283.225985209147
1978-05-04,281.665201822917
1978-05-05,281.720021565755
1978-05-06,280.456339518229
1978-05-07,283.790657043457
1978-05-08,281.488707224528
1978-05-09,279.480344136556
1978-05-10,281.426118214925
1978-05-11,283.50323232015
1978-05-12,285.285124460856
1978-05-13,287.275054931641
1978-05-14,288.096996307373
1978-05-15,285.685715993245
1978-05-16,284.250343322754
1978-05-17,283.872071584066
1978-05-18,282.461077372233
1978-05-19,281.739186604818
1978-05-20,281.103331247965
1978-05-21,279.912593841553
1978-05-22,280.866846720378
1978-05-23,280.905682881673
1978-05-24,280.843850453695
1978-05-25,280.639163970947
1978-05-26,279.621086120605
1978-05-27,279.38748550415
1978-05-28,279.435365041097
1978-05-29,281.196461995443
1978-05-30,284.054492950439
1978-05-31,284.593488057454
1978-06-01,284.713031768799
1978-06-02,280.460973103841
1978-06-03,277.405572255453
1978-06-04,279.717924753825
1978-06-05,280.474868774414
1978-06-06,280.526875813802
1978-06-07,281.234428405762
1978-06-08,283.568598429362
1978-06-09,284.755695343018
1978-06-10,283.735001881917
1978-06-11,282.804804484049
1978-06-12,280.43120320638
1978-06-13,278.766578674317
1978-06-14,276.899457295736
1978-06-15,277.80461247762
1978-06-16,277.992941538493
1978-06-17,278.410783131917
1978-06-18,281.438368479411
1978-06-19,281.932262420654
1978-06-20,279.35652923584
1978-06-21,279.085184733073
1978-06-22,280.391506195068
1978-06-23,281.464122772217
1978-06-24,282.181223551432
1978-06-25,280.963460286458
1978-06-26,278.567951202393
1978-06-27,279.505242665609
1978-06-28,276.905643463135
1978-06-29,275.407267252604
1978-06-30,275.237983703613
1978-07-01,276.060688018799
1978-07-02,278.880569458008
1978-07-03,281.217399597168
1978-07-04,281.141637166341
1978-07-05,284.309627532959
1978-07-06,284.578851064046
1978-07-07,281.758560180664
1978-07-08,280.581172943115
1978-07-09,280.66380182902
1978-07-10,278.996696472168
1978-07-11,279.884510040283
1978-07-12,280.987363179525
1978-07-13,281.687093098958
1978-07-14,279.819073994954
1978-07-15,278.070182800293
1978-07-16,276.133268992106
1978-07-17,275.798445383708
1978-07-18,276.338287353516
1978-07-19,278.481536865234
1978-07-20,281.58899307251
1978-07-21,282.703333536784
1978-07-22,284.039859771729
1978-07-23,283.444225311279
1978-07-24,283.964110056559
1978-07-25,283.798964182536
1978-07-26,281.823767344157
1978-07-27,281.59773127238
1978-07-28,281.562767028809
1978-07-29,281.586808522542
1978-07-30,279.613192240397
1978-07-31,281.331558227539
1978-08-01,278.146700541178
1978-08-02,279.564633687337
1978-08-03,279.842498779297
1978-08-04,281.413570404053
1978-08-05,281.321997324626
1978-08-06,278.376169840495
1978-08-07,279.35679880778
1978-08-08,281.071955362956
1978-08-09,281.428184509277
1978-08-10,282.226350148519
1978-08-11,283.426324208578
1978-08-12,283.240880330404
1978-08-13,281.539754231771
1978-08-14,281.856784820557
1978-08-15,280.848302205404
1978-08-16,279.429611206055
1978-08-17,281.375907897949
1978-08-18,282.152735392253
1978-08-19,279.757682800293
1978-08-20,279.645245869954
1978-08-21,280.852408091227
1978-08-22,281.318157196045
1978-08-23,281.221338907878
1978-08-24,282.454219818115
1978-08-25,281.874825795492
1978-08-26,279.259281158447
1978-08-27,279.92268371582
1978-08-28,281.021598815918
1978-08-29,278.913899739583
1978-08-30,279.211036682129
1978-08-31,281.450931549072
1978-09-01,281.438201904297
1978-09-02,278.251673380534
1978-09-03,279.000170389811
1978-09-04,279.741367340088
1978-09-05,279.395076751709
1978-09-06,278.832349141439
1978-09-07,279.244571685791
1978-09-08,281.618883768717
1978-09-09,284.192377726237
1978-09-10,283.851172129313
1978-09-11,285.492017110189
1978-09-12,283.468879699707
1978-09-13,283.607723236084
1978-09-14,284.051396687826
1978-09-15,285.317489624023
1978-09-16,283.443327585856
1978-09-17,280.979068756104
1978-09-18,283.021588643392
1978-09-19,282.689977010091
1978-09-20,281.660769144694
1978-09-21,281.30083211263
1978-09-22,279.686345418294
1978-09-23,281.702473958333
1978-09-24,283.24293645223
1978-09-25,286.405740102132
1978-09-26,282.724463144938
1978-09-27,281.575606028239
1978-09-28,281.058265686035
1978-09-29,283.845844268799
1978-09-30,283.541727701823
1978-10-01,280.759643554688
1978-10-02,280.824480692546
1978-10-03,283.738447825114
1978-10-04,285.359532674154
1978-10-05,283.808151245117
1978-10-06,283.024342854818
1978-10-07,281.996777852376
1978-10-08,278.911628723145
1978-10-09,280.960319519043
1978-10-10,281.148923238119
1978-10-11,282.945067087809
1978-10-12,281.942770640055
1978-10-13,284.4493115743
1978-10-14,285.276666005453
1978-10-15,286.478045145671
1978-10-16,282.176411946615
1978-10-17,279.958115895589
1978-10-18,284.647382100423
1978-10-19,286.595532735189
1978-10-20,284.828105926514
1978-10-21,283.886739095052
1978-10-22,279.16615041097
1978-10-23,279.741622924805
1978-10-24,280.686911265055
1978-10-25,278.590440114339
1978-10-26,282.324115753174
1978-10-27,281.345419565837
1978-10-28,280.495267232259
1978-10-29,280.071102142334
1978-10-30,281.782707214356
1978-10-31,284.178183237712
1978-11-01,286.001930236816
1978-11-02,286.553015391032
1978-11-03,284.135527292887
1978-11-04,283.90522257487
1978-11-05,282.521363576253
1978-11-06,278.393862406413
1978-11-07,283.663580576579
1978-11-08,284.545372009277
1978-11-09,285.604371388753
1978-11-10,287.79226175944
1978-11-11,287.817392985026
1978-11-12,285.531720479329
1978-11-13,286.35658899943
1978-11-14,285.452138264974
1978-11-15,285.115372975667
1978-11-16,282.705295562744
1978-11-17,283.274439493815
1978-11-18,284.872960408529
1978-11-19,284.161501566569
1978-11-20,286.898946126302
1978-11-21,288.892852783203
1978-11-22,289.252638498942
1978-11-23,290.150555928548
1978-11-24,289.682619730631
1978-11-25,286.152860005697
1978-11-26,283.167040506999
1978-11-27,285.671540578206
1978-11-28,287.996133168538
1978-11-29,287.614771525065
1978-11-30,287.152652740478
1978-12-01,288.737683614095
1978-12-02,288.238845825195
1978-12-03,288.293214162191
1978-12-04,286.66047668457
1978-12-05,285.694096883138
1978-12-06,287.405718485514
1978-12-07,289.884760538737
1978-12-08,288.759194691976
1978-12-09,288.505138397217
1978-12-10,285.756121317546
1978-12-11,286.317806243896
1978-12-12,284.076460520427
1978-12-13,284.397471110026
1978-12-14,283.555377960205
1978-12-15,284.122959136963
1978-12-16,283.376703898112
1978-12-17,288.159118652344
1978-12-18,290.652603149414
1978-12-19,290.56884765625
1978-12-20,290.879238128662
1978-12-21,289.100505828857
1978-12-22,288.795672098796
1978-12-23,286.81853612264
1978-12-24,286.922831217448
1978-12-25,286.008140563965
1978-12-26,287.705518086751
1978-12-27,289.085770924886
1978-12-28,288.63866297404
1978-12-29,289.999776204427
1978-12-30,290.674076080322
1978-12-31,289.417776743571
1979-01-01,289.221064249675
1979-01-02,289.64271291097
1979-01-03,289.595458984375
1979-01-04,288.937756856283
1979-01-05,285.793455759684
1979-01-06,285.084176381429
1979-01-07,289.399931589762
1979-01-08,291.422743479411
1979-01-09,290.164379119873
1979-01-10,290.821980794271
1979-01-11,294.147211710612
1979-01-12,292.8830909729
1979-01-13,292.440181732178
1979-01-14,289.814445495606
1979-01-15,288.85377629598
1979-01-16,288.770632425944
1979-01-17,288.850438435872
1979-01-18,290.07092666626
1979-01-19,293.248289744059
1979-01-20,289.053209940593
1979-01-21,289.80503209432
1979-01-22,293.190376281738
1979-01-23,292.215660095215
1979-01-24,290.535004933675
1979-01-25,290.779444376628
1979-01-26,293.271476745606
1979-01-27,294.375676472982
1979-01-28,293.292936960856
1979-01-29,288.788172403971
1979-01-30,287.073482513428
1979-01-31,286.420392354329
1979-02-01,290.0789159139
1979-02-02,290.583129882812
1979-02-03,292.110814412435
1979-02-04,293.697831471761
1979-02-05,292.825866699219
1979-02-06,290.750275929769
1979-02-07,289.559375762939
1979-02-08,288.392161051432
1979-02-09,289.4514503479
1979-02-10,288.51086807251
1979-02-11,287.146942138672
1979-02-12,289.433523813883
1979-02-13,288.979695638021
1979-02-14,287.685638427734
1979-02-15,290.203097025553
1979-02-16,292.051428476969
1979-02-17,294.247440338135
1979-02-18,290.640799204508
1979-02-19,286.807281494141
1979-02-20,286.736003875732
1979-02-21,283.428924560547
1979-02-22,288.552754720052
1979-02-23,287.182795206706
1979-02-24,285.357321421305
1979-02-25,284.701328277588
1979-02-26,286.264415740967
1979-02-27,288.293023427328
1979-02-28,288.548105875651
1979-03-01,285.985028584798
1979-03-02,286.202425638835
1979-03-03,288.28327814738
1979-03-04,289.28910446167
1979-03-05,289.944988250732
1979-03-06,290.956081390381
1979-03-07,291.783199310303
1979-03-08,291.451451619466
1979-03-09,292.888927459717
1979-03-10,292.302014668783
1979-03-11,289.880973815918
1979-03-12,287.201791127523
1979-03-13,287.67538579305
1979-03-14,290.175398508708
1979-03-15,291.167652130127
1979-03-16,289.122857411702
1979-03-17,286.624221801758
1979-03-18,285.556231180827
1979-03-19,288.81224822998
1979-03-20,288.378049214681
1979-03-21,289.815586090088
1979-03-22,289.577857971191
1979-03-23,291.517070770264
1979-03-24,290.29125213623
1979-03-25,289.374722798665
1979-03-26,290.241671244303
1979-03-27,290.695218404134
1979-03-28,290.222695668538
1979-03-29,287.374182383219
1979-03-30,285.410358428955
1979-03-31,284.719370524089
1979-04-01,283.966706593831
1979-04-02,283.525895436605
1979-04-03,285.992087046305
1979-04-04,286.40422185262
1979-04-05,287.104583740234
1979-04-06,288.807959238688
1979-04-07,288.672868092855
1979-04-08,289.53302637736
1979-04-09,289.767255147298
1979-04-10,288.37343343099
1979-04-11,289.107453664144
1979-04-12,286.88321685791
1979-04-13,283.978136698405
1979-04-14,278.783734639486
1979-04-15,280.979043324788
1979-04-16,282.45890045166
1979-04-17,282.560345967611
1979-04-18,283.106901804606
1979-04-19,283.173455556234
1979-04-20,283.310749053955
1979-04-21,283.421882629395
1979-04-22,286.582440694173
1979-04-23,288.259030659994
1979-04-24,288.832733154297
1979-04-25,286.884777069092
1979-04-26,282.725776672363
1979-04-27,279.816276550293
1979-04-28,284.012624104818
1979-04-29,286.248289744059
1979-04-30,287.554434458415
1979-05-01,282.572408040365
1979-05-02,283.216495513916
1979-05-03,282.686626434326
1979-05-04,284.946754455566
1979-05-05,287.108796437581
1979-05-06,288.247863769531
1979-05-07,288.364411671956
1979-05-08,286.153204600016
1979-05-09,283.253756205241
1979-05-10,283.960461934408
1979-05-11,287.59880065918
1979-05-12,288.409435272217
1979-05-13,284.657232920329
1979-05-14,283.398323059082
1979-05-15,282.884971618652
1979-05-16,279.825021107991
1979-05-17,279.185305277507
1979-05-18,278.401903788249
1979-05-19,279.263618469238
1979-05-20,279.426891326904
1979-05-21,279.772902170817
1979-05-22,280.185371398926
1979-05-23,279.948262532552
1979-05-24,279.382662455241
1979-05-25,278.50266901652
1979-05-26,279.497183481852
1979-05-27,279.983703613281
1979-05-28,281.769969940185
1979-05-29,282.463643391927
1979-05-30,278.08118057251
1979-05-31,277.488920847575
1979-06-01,279.72377649943
1979-06-02,280.843803405762
1979-06-03,282.78022257487
1979-06-04,278.756521860758
1979-06-05,279.372519175212
1979-06-06,278.492961883545
1979-06-07,278.778989156087
1979-06-08,278.885552724203
1979-06-09,279.430676778158
1979-06-10,280.164995829264
1979-06-11,278.630903879801
1979-06-12,280.076176961263
1979-06-13,282.061058044434
1979-06-14,282.456448872884
1979-06-15,280.053440093994
1979-06-16,281.426317850749
1979-06-17,281.745188395182
1979-06-18,280.549739837646
1979-06-19,282.263783772787
1979-06-20,282.77680460612
1979-06-21,279.086018880208
1979-06-22,281.068370819092
1979-06-23,281.44907506307
1979-06-24,282.386472066243
1979-06-25,283.058958689372
1979-06-26,283.499722798665
1979-06-27,282.444026947021
1979-06-28,282.878486633301
1979-06-29,282.750783284505
1979-06-30,283.455588022868
1979-07-01,282.541449228923
1979-07-02,282.344065348307
1979-07-03,282.926986694336
1979-07-04,281.677900950114
1979-07-05,279.328486124674
1979-07-06,278.344350179036
1979-07-07,278.091134389242
1979-07-08,276.761516571045
1979-07-09,279.857626597087
1979-07-10,281.257002512614
1979-07-11,281.40503692627
1979-07-12,281.598702748617
1979-07-13,278.054389953613
1979-07-14,280.006900787354
1979-07-15,279.225399017334
1979-07-16,276.115053812663
1979-07-17,278.119476318359
1979-07-18,281.234278361003
1979-07-19,283.969692230225
1979-07-20,280.695194244385
1979-07-21,278.176245371501
1979-07-22,278.792341868083
1979-07-23,279.448811848958
1979-07-24,281.084674835205
1979-07-25,283.309590657552
1979-07-26,282.546624501546
1979-07-27,282.019692738851
1979-07-28,280.467446645101
1979-07-29,281.661125183105
1979-07-30,282.151491800944
1979-07-31,280.228130340576
1979-08-01,282.195559183757
1979-08-02,283.537679036458
1979-08-03,283.450679779053
1979-08-04,280.886171976725
1979-08-05,280.994635264079
1979-08-06,280.380235036214
1979-08-07,280.08607228597
1979-08-08,278.599391937256
1979-08-09,277.975591023763
1979-08-10,277.089300791422
1979-08-11,278.217458089193
1979-08-12,280.966963450114
1979-08-13,282.63899230957
1979-08-14,283.314931233724
1979-08-15,282.17883682251
1979-08-16,278.272523244222
1979-08-17,276.379917144775
1979-08-18,279.651590983073
1979-08-19,279.812358856201
1979-08-20,279.01552327474
1979-08-21,277.483767191569
1979-08-22,279.091075897217
1979-08-23,281.855847676595
1979-08-24,284.357021331787
1979-08-25,282.078852335612
1979-08-26,280.507970174154
1979-08-27,281.531834920247
1979-08-28,281.49748357137
1979-08-29,279.594380696615
1979-08-30,280.611487070719
1979-08-31,280.665537516276
1979-09-01,282.460029602051
1979-09-02,282.893700917562
1979-09-03,284.189454396566
1979-09-04,282.837659200033
1979-09-05,283.093697865804
1979-09-06,282.761852264404
1979-09-07,284.786547342936
1979-09-08,284.485473632812
1979-09-09,283.179757436117
1979-09-10,281.622467041016
1979-09-11,284.026927947998
1979-09-12,284.729857126872
1979-09-13,285.212362925212
1979-09-14,285.343383789062
1979-09-15,286.556939442952
1979-09-16,283.709550221761
1979-09-17,281.252146402995
1979-09-18,282.247388203939
1979-09-19,283.8234278361
1979-09-20,281.255722045898
1979-09-21,283.171663920085
1979-09-22,282.112126668294
1979-09-23,281.132081349691
1979-09-24,281.472571055094
1979-09-25,278.764181772868
1979-09-26,277.112174987793
1979-09-27,277.878536224365
1979-09-28,281.753963470459
1979-09-29,283.643315633138
1979-09-30,284.773680369059
1979-10-01,285.654815673828
1979-10-02,284.623598734538
1979-10-03,281.89479192098
1979-10-04,281.011421203613
1979-10-05,280.533382415771
1979-10-06,280.507053375244
1979-10-07,283.885204315186
1979-10-08,283.389644622803
1979-10-09,284.743770599365
1979-10-10,285.914491017659
1979-10-11,284.583287556966
1979-10-12,285.90971883138
1979-10-13,286.17929204305
1979-10-14,287.983192443848
1979-10-15,285.650450388591
1979-10-16,284.114987691244
1979-10-17,284.559794108073
1979-10-18,284.247736612956
1979-10-19,284.860425313314
1979-10-20,284.163958231608
1979-10-21,284.950333913167
1979-10-22,282.471411387126
1979-10-23,278.990182240804
1979-10-24,279.747673034668
1979-10-25,281.65540822347
1979-10-26,283.226016998291
1979-10-27,285.147621154785
1979-10-28,286.249746958415
1979-10-29,287.585266113281
1979-10-30,288.807428995768
1979-10-31,287.71745300293
1979-11-01,285.335292816162
1979-11-02,286.267705281575
1979-11-03,287.047824859619
1979-11-04,285.273543039958
1979-11-05,281.280933380127
1979-11-06,282.500689188639
1979-11-07,285.490055084229
1979-11-08,286.949170430501
1979-11-09,284.182459513346
1979-11-10,283.021518707275
1979-11-11,283.20680363973
1979-11-12,287.296681722005
1979-11-13,289.287041982015
1979-11-14,290.049093882243
1979-11-15,285.768177032471
1979-11-16,281.258288065592
1979-11-17,286.470502217611
1979-11-18,288.286324818929
1979-11-19,290.231451670329
1979-11-20,287.713857014974
1979-11-21,287.801915486654
1979-11-22,288.5379931132
1979-11-23,290.626613616943
1979-11-24,286.832262674967
1979-11-25,286.257670084635
1979-11-26,289.167858123779
1979-11-27,289.73238881429
1979-11-28,289.926559448242
1979-11-29,290.628491719564
1979-11-30,289.783404032389
1979-12-01,287.206409454346
1979-12-02,289.375712076823
1979-12-03,289.994639078776
1979-12-04,287.936365763346
1979-12-05,285.566745758057
1979-12-06,288.797515869141
1979-12-07,289.417154947917
1979-12-08,285.092923482259
1979-12-09,283.777215321859
1979-12-10,287.484385172526
1979-12-11,291.201044718425
1979-12-12,290.121326446533
1979-12-13,286.964065551758
1979-12-14,287.363292694092
1979-12-15,286.086235046387
1979-12-16,285.760770161947
1979-12-17,287.655868530273
1979-12-18,290.923069000244
1979-12-19,291.211570739746
1979-12-20,288.148511250814
1979-12-21,288.345021565755
1979-12-22,287.26854578654
1979-12-23,290.803579966227
1979-12-24,291.849890391032
1979-12-25,291.719393412272
1979-12-26,294.318356831868
1979-12-27,290.141578674317
1979-12-28,285.937280019124
1979-12-29,287.566032409668
1979-12-30,286.500072479248
1979-12-31,285.666637420654
1980-01-01,289.118799845378
1980-01-02,289.743014017741
1980-01-03,286.421802520752
1980-01-04,284.41221110026
1980-01-05,283.856499989828
1980-01-06,285.825316111247
1980-01-07,286.937987009684
1980-01-08,288.458281199137
1980-01-09,288.79865137736
1980-01-10,289.571899414062
1980-01-11,290.219989776611
1980-01-12,290.799157460531
1980-01-13,292.606760660807
1980-01-14,292.794344584147
1980-01-15,292.526107788086
1980-01-16,294.11373647054
1980-01-17,290.354340871175
1980-01-18,285.235365549723
1980-01-19,286.889930725098
1980-01-20,290.353570302327
1980-01-21,290.060484568278
1980-01-22,288.803103129069
1980-01-23,288.1979637146
1980-01-24,288.932442982992
1980-01-25,290.280420939128
1980-01-26,289.40546798706
1980-01-27,290.603515625
1980-01-28,294.662503560384
1980-01-29,291.708182017008
1980-01-30,293.191193898519
1980-01-31,293.465571085612
1980-02-01,292.694561004639
1980-02-02,293.056594848633
1980-02-03,291.812708536784
1980-02-04,291.966756184896
1980-02-05,292.848875681559
1980-02-06,291.824028015137
1980-02-07,292.394428253174
1980-02-08,291.641138712565
1980-02-09,290.59884262085
1980-02-10,293.110062917074
1980-02-11,288.51538848877
1980-02-12,284.471560160319
1980-02-13,287.248040517171
1980-02-14,288.52498626709
1980-02-15,289.214682261149
1980-02-16,289.087401072184
1980-02-17,289.801258087158
1980-02-18,290.4081103007
1980-02-19,290.528263092041
1980-02-20,290.607266743978
1980-02-21,291.626075744629
1980-02-22,287.667156219482
1980-02-23,288.093908945719
1980-02-24,285.940091451009
1980-02-25,285.541493733724
1980-02-26,289.079458872477
1980-02-27,286.730091094971
1980-02-28,286.277806599935
1980-02-29,286.399256388346
1980-03-01,285.524551391602
1980-03-02,286.79200108846
1980-03-03,288.42533493042
1980-03-04,286.265394846598
1980-03-05,287.026568094889
1980-03-06,287.057754516602
1980-03-07,287.634106953939
1980-03-08,286.555877685547
1980-03-09,286.820485432943
1980-03-10,287.152296702067
1980-03-11,289.716992696126
1980-03-12,289.264853159587
1980-03-13,287.947823842367
1980-03-14,284.386149088542
1980-03-15,286.742647806803
1980-03-16,286.081436157227
1980-03-17,285.840067545573
1980-03-18,282.30036799113
1980-03-19,285.162053426107
1980-03-20,288.468265533447
1980-03-21,287.109260559082
1980-03-22,281.657758076986
1980-03-23,285.120330810547
1980-03-24,286.493293762207
1980-03-25,286.707433064779
1980-03-26,285.237714131673
1980-03-27,282.842041015625
1980-03-28,286.989921569824
1980-03-29,287.259815216065
1980-03-30,288.787784576416
1980-03-31,290.166202545166
1980-04-01,287.052391052246
1980-04-02,284.174574534098
1980-04-03,284.736947377523
1980-04-04,281.627927144368
1980-04-05,284.344729105631
1980-04-06,284.973532358805
1980-04-07,286.125546773275
1980-04-08,286.45373916626
1980-04-09,287.013050079346
1980-04-10,284.817691802979
1980-04-11,284.368132273356
1980-04-12,283.721574147542
1980-04-13,283.695323944092
1980-04-14,282.72531636556
1980-04-15,284.066345214844
1980-04-16,284.650633494059
1980-04-17,284.351896921794
1980-04-18,285.602115631104
1980-04-19,283.692132314046
1980-04-20,280.781515757243
1980-04-21,283.115542093913
1980-04-22,283.289738972982
1980-04-23,284.306079864502
1980-04-24,286.669239044189
1980-04-25,287.744883219401
1980-04-26,286.902296702067
1980-04-27,287.213946024577
1980-04-28,287.623102823893
1980-04-29,287.107657114665
1980-04-30,285.160630544027
1980-05-01,281.937126159668
1980-05-02,281.901035308838
1980-05-03,283.184164683024
1980-05-04,282.703044891357
1980-05-05,282.657143910726
1980-05-06,283.403951009115
1980-05-07,282.004894256592
1980-05-08,281.042769114176
1980-05-09,282.224833170573
1980-05-10,282.221080780029
1980-05-11,283.585816701253
1980-05-12,283.822001139323
1980-05-13,282.600312550863
1980-05-14,281.91859181722
1980-05-15,285.695796966553
1980-05-16,284.269416809082
1980-05-17,281.320732116699
1980-05-18,283.310253143311
1980-05-19,285.259783426921
1980-05-20,283.178592681885
1980-05-21,284.19678624471
1980-05-22,284.115342458089
1980-05-23,283.477124532064
1980-05-24,286.028668721517
1980-05-25,285.562871297201
1980-05-26,284.474225362142
1980-05-27,284.029717763265
1980-05-28,282.684772491455
1980-05-29,281.555077870687
1980-05-30,280.266527811686
1980-05-31,280.521344502767
1980-06-01,281.336266835531
1980-06-02,282.234535217285
1980-06-03,283.234806060791
1980-06-04,284.642189025879
1980-06-05,283.389091491699
1980-06-06,282.454416910807
1980-06-07,283.465167999268
1980-06-08,279.754330952962
1980-06-09,279.600315093994
1980-06-10,279.712440490723
1980-06-11,281.960013071696
1980-06-12,281.949755350749
1980-06-13,278.308191935221
1980-06-14,279.265808105469
1980-06-15,276.066539764404
1980-06-16,277.27453994751
1980-06-17,277.975303649902
1980-06-18,278.665078481038
1980-06-19,277.71665318807
1980-06-20,278.707251230875
1980-06-21,279.329872131348
1980-06-22,279.487693786621
1980-06-23,279.307317097982
1980-06-24,280.845152537028
1980-06-25,281.272740681966
1980-06-26,276.38441212972
1980-06-27,276.264953613281
1980-06-28,276.728345235189
1980-06-29,278.109759012858
1980-06-30,281.132977803548
1980-07-01,282.32842763265
1980-07-02,283.612459818522
1980-07-03,283.89945602417
1980-07-04,282.756200154622
1980-07-05,281.613216400146
1980-07-06,280.748411814372
1980-07-07,281.010468800863
1980-07-08,282.441453297933
1980-07-09,282.539975484212
1980-07-10,281.657365163167
1980-07-11,279.559140523275
1980-07-12,278.470174153646
1980-07-13,277.299725850423
1980-07-14,279.252616882324
1980-07-15,280.216819763184
1980-07-16,278.166767120361
1980-07-17,276.733351389567
1980-07-18,276.005335489909
1980-07-19,277.036032358805
1980-07-20,278.137345631917
1980-07-21,279.112110137939
1980-07-22,281.099697113037
1980-07-23,281.781186421712
1980-07-24,280.518688201904
1980-07-25,277.354620615641
1980-07-26,278.630087534587
1980-07-27,279.547339121501
1980-07-28,278.974356333415
1980-07-29,278.65795135498
1980-07-30,277.884343465169
1980-07-31,277.168518066406
1980-08-01,279.205696105957
1980-08-02,280.122107187907
1980-08-03,278.836264292399
1980-08-04,277.985535939534
1980-08-05,279.515777587891
1980-08-06,279.797528584798
1980-08-07,279.519049326579
1980-08-08,277.943394978841
1980-08-09,278.191182454427
1980-08-10,277.888333638509
1980-08-11,278.369398752848
1980-08-12,282.095634460449
1980-08-13,283.82056427002
1980-08-14,283.242069244385
1980-08-15,281.312487284342
1980-08-16,281.618493398031
1980-08-17,279.84600575765
1980-08-18,276.194531758626
1980-08-19,276.72374979655
1980-08-20,280.278093973795
1980-08-21,280.440391540527
1980-08-22,278.128710428874
1980-08-23,279.946444193522
1980-08-24,282.515902201335
1980-08-25,283.271973927816
1980-08-26,286.063546498617
1980-08-27,283.16556040446
1980-08-28,280.379834493001
1980-08-29,277.931259155273
1980-08-30,279.781088511149
1980-08-31,281.81697845459
1980-09-01,281.945824940999
1980-09-02,284.014916737874
1980-09-03,283.4104347229
1980-09-04,284.42341486613
1980-09-05,283.39010365804
1980-09-06,279.57054011027
1980-09-07,281.278738657634
1980-09-08,282.337323506673
1980-09-09,283.066351572673
1980-09-10,283.306855519613
1980-09-11,283.428429921468
1980-09-12,283.664852142334
1980-09-13,285.335915883382
1980-09-14,283.294100443522
1980-09-15,279.039218902588
1980-09-16,282.948596954346
1980-09-17,283.387461344401
1980-09-18,282.216471354167
1980-09-19,282.810792287191
1980-09-20,283.362620035807
1980-09-21,283.056242624919
1980-09-22,282.644040425619
1980-09-23,284.278485616048
1980-09-24,283.819877624512
1980-09-25,283.38024520874
1980-09-26,286.106506347656
1980-09-27,284.878749847412
1980-09-28,284.074193318685
1980-09-29,282.681402842204
1980-09-30,283.654500325521
1980-10-01,285.060871124268
1980-10-02,287.092102050781
1980-10-03,288.553779602051
1980-10-04,288.165566762288
1980-10-05,283.324068705241
1980-10-06,282.025502522786
1980-10-07,283.54606628418
1980-10-08,286.01175181071
1980-10-09,288.39906056722
1980-10-10,287.79949315389
1980-10-11,284.207800547282
1980-10-12,283.139907836914
1980-10-13,282.174680074056
1980-10-14,280.008285522461
1980-10-15,284.741451263428
1980-10-16,284.088436126709
1980-10-17,282.490784962972
1980-10-18,283.076592763265
1980-10-19,281.768248240153
1980-10-20,281.276593526204
1980-10-21,283.08148320516
1980-10-22,285.178961435954
1980-10-23,285.193542480469
1980-10-24,283.205633799235
1980-10-25,288.016522725423
1980-10-26,286.835801442464
1980-10-27,288.322835286458
1980-10-28,287.272229512532
1980-10-29,286.578804016113
1980-10-30,287.855201721191
1980-10-31,286.697858174642
1980-11-01,286.951470692952
1980-11-02,283.893230438232
1980-11-03,284.996912638346
1980-11-04,284.588715871175
1980-11-05,288.255268096924
1980-11-06,285.109352111816
1980-11-07,285.984055836995
1980-11-08,285.223139444987
1980-11-09,283.332176208496
1980-11-10,278.21864827474
1980-11-11,279.788500467936
1980-11-12,283.616809844971
1980-11-13,286.393060048421
1980-11-14,284.384724934896
1980-11-15,286.955726623535
1980-11-16,286.225379943848
1980-11-17,283.038424173991
1980-11-18,283.966824849447
1980-11-19,286.59049987793
1980-11-20,290.388156890869
1980-11-21,289.297883351644
1980-11-22,286.942120869955
1980-11-23,286.391689300537
1980-11-24,284.743169148763
1980-11-25,284.256168365479
1980-11-26,282.618869781494
1980-11-27,281.609135945638
1980-11-28,285.375001271566
1980-11-29,285.172217051188
1980-11-30,284.607285817464
1980-12-01,284.855767567952
1980-12-02,283.233215332031
1980-12-03,283.613948822021
1980-12-04,285.776309967041
1980-12-05,287.622065226237
1980-12-06,284.698565165202
1980-12-07,281.590108235677
1980-12-08,286.649630228678
1980-12-09,284.935214996338
1980-12-10,283.035514831543
1980-12-11,283.51479212443
1980-12-12,283.479600270589
1980-12-13,285.868441263835
1980-12-14,289.166323343913
1980-12-15,291.022406260173
1980-12-16,291.128840128581
1980-12-17,290.938247680664
1980-12-18,291.647364298503
1980-12-19,292.834308624268
1980-12-20,290.610018412272
1980-12-21,288.11492284139
1980-12-22,286.857555389404
1980-12-23,287.550441741943
1980-12-24,287.349314371745
1980-12-25,289.01850382487
1980-12-26,290.092667897542
1980-12-27,288.758363087972
1980-12-28,287.938453674316
1980-12-29,286.671208699544
1980-12-30,287.701787312826
1980-12-31,290.11456934611
1981-01-01,289.068917592366
1981-01-02,290.273905436198
1981-01-03,291.607176462809
1981-01-04,291.142500559489
1981-01-05,291.541173299154
1981-01-06,290.847307840983
1981-01-07,288.176350911458
1981-01-08,286.360463460286
1981-01-09,282.635058085124
1981-01-10,288.10436630249
1981-01-11,290.862308502197
1981-01-12,291.905216217041
1981-01-13,288.384357452393
1981-01-14,287.287924448649
1981-01-15,292.059173583984
1981-01-16,293.389835357666
1981-01-17,293.337102254232
1981-01-18,289.24699529012
1981-01-19,289.068209330241
1981-01-20,291.425245920817
1981-01-21,292.250718434652
1981-01-22,290.728315989176
1981-01-23,292.001209259033
1981-01-24,292.89867401123
1981-01-25,291.325355529785
1981-01-26,291.679008483887
1981-01-27,293.207633972168
1981-01-28,293.689676920573
1981-01-29,291.60829671224
1981-01-30,292.685223897298
1981-01-31,291.459021250407
1981-02-01,288.998570760091
1981-02-02,289.518777211507
1981-02-03,287.115645090739
1981-02-04,289.851531982422
1981-02-05,289.964318593343
1981-02-06,291.223639170329
1981-02-07,290.202350616455
1981-02-08,287.018070220947
1981-02-09,288.348205566406
1981-02-10,292.57359568278
1981-02-11,294.323914845784
1981-02-12,295.267269134522
1981-02-13,290.706197102865
1981-02-14,288.759607950846
1981-02-15,289.655717213949
1981-02-16,291.50733311971
1981-02-17,291.826590220133
1981-02-18,288.453519185384
1981-02-19,288.057636260986
1981-02-20,289.087947845459
1981-02-21,286.979496002197
1981-02-22,289.407084147135
1981-02-23,289.919799804687
1981-02-24,291.347574869792
1981-02-25,290.099236806234
1981-02-26,288.598593393962
1981-02-27,289.005720774333
1981-02-28,290.436176300049
1981-03-01,291.158709208171
1981-03-02,292.100012461344
1981-03-03,289.549620310465
1981-03-04,287.101858774821
1981-03-05,287.795055389404
1981-03-06,289.017139434814
1981-03-07,290.331230163574
1981-03-08,290.421067555745
1981-03-09,294.22217686971
1981-03-10,295.93750890096
1981-03-11,293.230295817057
1981-03-12,291.62797164917
1981-03-13,290.174116770426
1981-03-14,287.251728057861
1981-03-15,289.821997324626
1981-03-16,291.797027587891
1981-03-17,291.071690877279
1981-03-18,291.030797322591
1981-03-19,287.333213806152
1981-03-20,285.727310180664
1981-03-21,288.508995056153
1981-03-22,291.663429260254
1981-03-23,292.259340922038
1981-03-24,292.436148325602
1981-03-25,292.218844095866
1981-03-26,290.802050272624
1981-03-27,292.039789835612
1981-03-28,288.10595703125
1981-03-29,283.905820210775
1981-03-30,281.772099812825
1981-03-31,283.596478780111
1981-04-01,286.052486419678
1981-04-02,287.26100285848
1981-04-03,287.760321299235
1981-04-04,287.229030609131
1981-04-05,286.553178151449
1981-04-06,284.746533711751
1981-04-07,286.16121673584
1981-04-08,286.97905476888
1981-04-09,288.42818069458
1981-04-10,290.511474609375
1981-04-11,291.087075551351
1981-04-12,288.978921254476
1981-04-13,285.566824595134
1981-04-14,286.473865509033
1981-04-15,288.267801920573
1981-04-16,289.53294245402
1981-04-17,289.89820988973
1981-04-18,287.9445215861
1981-04-19,286.217561086019
1981-04-20,287.30858484904
1981-04-21,287.813631693522
1981-04-22,286.642659505208
1981-04-23,284.707537333171
1981-04-24,287.039952596029
1981-04-25,286.165442148844
1981-04-26,285.520243326823
1981-04-27,287.3644434611
1981-04-28,285.510368347168
1981-04-29,286.295988718669
1981-04-30,288.175922393799
1981-05-01,283.140795389811
1981-05-02,282.030996958415
1981-05-03,282.701176961263
1981-05-04,282.198631286621
1981-05-05,284.510122934977
1981-05-06,283.303473154704
1981-05-07,283.328156789144
1981-05-08,286.517655690511
1981-05-09,288.438270568848
1981-05-10,288.171211242676
1981-05-11,287.813920338948
1981-05-12,285.48033396403
1981-05-13,282.219619750977
1981-05-14,277.211504618327
1981-05-15,278.699610392253
1981-05-16,279.026018778483
1981-05-17,278.25620396932
1981-05-18,281.894457499186
1981-05-19,285.136805216471
1981-05-20,282.722091674805
1981-05-21,282.512584686279
1981-05-22,282.302335103353
1981-05-23,280.666707356771
1981-05-24,280.301550547282
1981-05-25,280.151082356771
1981-05-26,279.701498667399
1981-05-27,279.672158559163
1981-05-28,280.388095855713
1981-05-29,280.166793823242
1981-05-30,280.497788747152
1981-05-31,281.840681711833
1981-06-01,283.461769104004
1981-06-02,285.199768066406
1981-06-03,288.273387908936
1981-06-04,288.971239725749
1981-06-05,285.694747924805
1981-06-06,281.185802459717
1981-06-07,280.540208180746
1981-06-08,281.590440114339
1981-06-09,279.618761698405
1981-06-10,279.614907582601
1981-06-11,280.139040629069
1981-06-12,280.559463500977
1981-06-13,282.541496276855
1981-06-14,283.774143218994
1981-06-15,283.241101582845
1981-06-16,283.372427622477
1981-06-17,284.498277028402
1981-06-18,281.684617360433
1981-06-19,281.153002421061
1981-06-20,279.951953887939
1981-06-21,279.342084248861
1981-06-22,279.937418619792
1981-06-23,279.431007385254
1981-06-24,279.722077687581
1981-06-25,276.644546508789
1981-06-26,277.671719868978
1981-06-27,281.456835428874
1981-06-28,284.54094060262
1981-06-29,283.497269948324
1981-06-30,284.123700459798
1981-07-01,279.492202758789
1981-07-02,281.182871500651
1981-07-03,282.2492090861
1981-07-04,282.426387786865
1981-07-05,281.489845275879
1981-07-06,282.234567006429
1981-07-07,283.483917236328
1981-07-08,281.242596944173
1981-07-09,279.524475097656
1981-07-10,278.909161885579
1981-07-11,279.204437255859
1981-07-12,278.921298980713
1981-07-13,278.701891581217
1981-07-14,277.91572189331
1981-07-15,278.370039621989
1981-07-16,279.008411407471
1981-07-17,278.749843597412
1981-07-18,278.975694020589
1981-07-19,279.019476572673
1981-07-20,277.909784952799
1981-07-21,278.058535257975
1981-07-22,278.070562998454
1981-07-23,279.05616124471
1981-07-24,280.650194803874
1981-07-25,282.923973083496
1981-07-26,284.29100672404
1981-07-27,282.359786987305
1981-07-28,281.420576731364
1981-07-29,281.324954986572
1981-07-30,282.369749704997
1981-07-31,283.952682495117
1981-08-01,281.568934122721
1981-08-02,278.548091888428
1981-08-03,278.705093383789
1981-08-04,277.80077234904
1981-08-05,276.357981363932
1981-08-06,277.672152201335
1981-08-07,280.144748687744
1981-08-08,280.996799468994
1981-08-09,280.176540374756
1981-08-10,279.166295369466
1981-08-11,280.105167388916
1981-08-12,277.369665781657
1981-08-13,277.242420196533
1981-08-14,279.580918629964
1981-08-15,280.573795318603
1981-08-16,281.734400431315
1981-08-17,280.637995402018
1981-08-18,281.282763163249
1981-08-19,281.968593597412
1981-08-20,283.281932830811
1981-08-21,281.333208719889
1981-08-22,280.70133972168
1981-08-23,280.19909286499
1981-08-24,280.443908691406
1981-08-25,281.562310536702
1981-08-26,280.337345123291
1981-08-27,278.426292419433
1981-08-28,277.776192982992
1981-08-29,277.126158396403
1981-08-30,277.942881266276
1981-08-31,279.951925913493
1981-09-01,280.938289642334
1981-09-02,281.638121287028
1981-09-03,281.4309425354
1981-09-04,281.72038269043
1981-09-05,281.516713460286
1981-09-06,278.828645070394
1981-09-07,280.981015523275
1981-09-08,283.172391255697
1981-09-09,281.823329925537
1981-09-10,282.353145599365
1981-09-11,280.836209615071
1981-09-12,282.662410736084
1981-09-13,283.570432027181
1981-09-14,282.048178354899
1981-09-15,280.309288024902
1981-09-16,280.265614827474
1981-09-17,280.386662801107
1981-09-18,279.557243347168
1981-09-19,282.604050954183
1981-09-20,284.092577616374
1981-09-21,282.683555603027
1981-09-22,281.583830515544
1981-09-23,282.784694671631
1981-09-24,284.010232289632
1981-09-25,285.37760925293
1981-09-26,283.578458150228
1981-09-27,283.0370165507
1981-09-28,282.477937062581
1981-09-29,282.517515818278
1981-09-30,281.73698425293
1981-10-01,283.474278767904
1981-10-02,284.358437856038
1981-10-03,286.075921376546
1981-10-04,288.477240244548
1981-10-05,287.743816375732
1981-10-06,286.835819244385
1981-10-07,282.716192881266
1981-10-08,283.850662231445
1981-10-09,283.70254389445
1981-10-10,282.074237823486
1981-10-11,284.343620300293
1981-10-12,282.145933787028
1981-10-13,281.926476796468
1981-10-14,283.977948506673
1981-10-15,285.970010121663
1981-10-16,285.61806233724
1981-10-17,284.617958068848
1981-10-18,282.044272104899
1981-10-19,280.81534576416
1981-10-20,282.427326202393
1981-10-21,283.619307200114
1981-10-22,286.146185557047
1981-10-23,289.257422129313
1981-10-24,287.692284901937
1981-10-25,284.466425577799
1981-10-26,282.562618255615
1981-10-27,283.195072174072
1981-10-28,279.063735961914
1981-10-29,278.795525868734
1981-10-30,280.291071573893
1981-10-31,285.205549875895
1981-11-01,285.621635437012
1981-11-02,282.261100769043
1981-11-03,284.457257588704
1981-11-04,285.034758249919
1981-11-05,285.857264200846
1981-11-06,286.545716603597
1981-11-07,288.446900685628
1981-11-08,287.026749928792
1981-11-09,286.064406077067
1981-11-10,282.808549245198
1981-11-11,281.045349121094
1981-11-12,284.875047047933
1981-11-13,286.466414133708
1981-11-14,289.735811869303
1981-11-15,289.900805155436
1981-11-16,287.906369527181
1981-11-17,288.769376118978
1981-11-18,284.865876515706
1981-11-19,284.445533752441
1981-11-20,284.403474171956
1981-11-21,282.054658253988
1981-11-22,283.881581624349
1981-11-23,285.114699045817
1981-11-24,283.37854385376
1981-11-25,283.905473073323
1981-11-26,284.487562815348
1981-11-27,286.660582224528
1981-11-28,287.195295969645
1981-11-29,288.485870361328
1981-11-30,288.015588124593
1981-12-01,288.405183156331
1981-12-02,291.386706034342
1981-12-03,289.303109486898
1981-12-04,287.449090321859
1981-12-05,288.033434549968
1981-12-06,291.871659596761
1981-12-07,291.032956441243
1981-12-08,289.809518178304
1981-12-09,289.291105906169
1981-12-10,287.730866750081
1981-12-11,285.840684254964
1981-12-12,287.008513132731
1981-12-13,289.454292297363
1981-12-14,288.859650929769
1981-12-15,289.740210215251
1981-12-16,288.761507670084
1981-12-17,287.083003997803
1981-12-18,288.732624053955
1981-12-19,287.693330128988
1981-12-20,288.231084187826
1981-12-21,290.803853352865
1981-12-22,290.65443166097
1981-12-23,289.804801940918
1981-12-24,290.833886464437
1981-12-25,290.847699483236
1981-12-26,290.398634592692
1981-12-27,290.606521606445
1981-12-28,291.372548421224
1981-12-29,290.023220062256
1981-12-30,290.656319936117
1981-12-31,293.185522715251
1982-01-01,290.510478973389
1982-01-02,289.294399261475
1982-01-03,290.535152435303
1982-01-04,291.958173116048
1982-01-05,290.675127665202
1982-01-06,289.90198135376
1982-01-07,288.063809712728
1982-01-08,285.721552530924
1982-01-09,285.845656077067
1982-01-10,286.368919372559
1982-01-11,288.761965433757
1982-01-12,289.913907368978
1982-01-13,293.07565053304
1982-01-14,292.570027669271
1982-01-15,290.749834696452
1982-01-16,290.767972310384
1982-01-17,288.759010314941
1982-01-18,292.382624308268
1982-01-19,290.902543385824
1982-01-20,285.96780649821
1982-01-21,285.1455078125
1982-01-22,290.444562276204
1982-01-23,290.284255981445
1982-01-24,287.492080688477
1982-01-25,285.271031697591
1982-01-26,287.61510848999
1982-01-27,290.77324295044
1982-01-28,290.737612406413
1982-01-29,286.757518768311
1982-01-30,290.228092193604
1982-01-31,291.41370010376
1982-02-01,292.000780741374
1982-02-02,292.785182952881
1982-02-03,291.40096282959
1982-02-04,286.920605977376
1982-02-05,287.820264180501
1982-02-06,288.606190999349
1982-02-07,281.992518107096
1982-02-08,287.893296559652
1982-02-09,291.287136077881
1982-02-10,294.393421173096
1982-02-11,291.534847259521
1982-02-12,288.121040344238
1982-02-13,289.706414540609
1982-02-14,286.133168538411
1982-02-15,290.138228098551
1982-02-16,291.382170359294
1982-02-17,291.937274932861
1982-02-18,292.227359771729
1982-02-19,293.329228719076
1982-02-20,291.454813639323
1982-02-21,288.09768931071
1982-02-22,288.166810353597
1982-02-23,291.830810546875
1982-02-24,291.975629170736
1982-02-25,294.009591420491
1982-02-26,292.616715749105
1982-02-27,291.718781789144
1982-02-28,292.282021840413
1982-03-01,292.867968241374
1982-03-02,293.115884145101
1982-03-03,289.394481658935
1982-03-04,284.727288564046
1982-03-05,285.593187967936
1982-03-06,287.485022226969
1982-03-07,289.75979868571
1982-03-08,289.957525889079
1982-03-09,290.096584320068
1982-03-10,290.191472371419
1982-03-11,291.04788462321
1982-03-12,292.569601694743
1982-03-13,291.711369832357
1982-03-14,287.659294128418
1982-03-15,283.861189524333
1982-03-16,283.662307739258
1982-03-17,283.837205251058
1982-03-18,284.295862833659
1982-03-19,286.476151784261
1982-03-20,287.186078389486
1982-03-21,286.308957417806
1982-03-22,286.177733103434
1982-03-23,288.051578521728
1982-03-24,286.062786102295
1982-03-25,286.66867574056
1982-03-26,286.685740152995
1982-03-27,284.948240915934
1982-03-28,286.050061543783
1982-03-29,287.648825327555
1982-03-30,288.278594970703
1982-03-31,288.594661712647
1982-04-01,288.480176289876
1982-04-02,285.541135152181
1982-04-03,286.571764628092
1982-04-04,287.418159484863
1982-04-05,284.670800526937
1982-04-06,283.32487487793
1982-04-07,287.007877349853
1982-04-08,285.991692860921
1982-04-09,282.953249613444
1982-04-10,281.393784840902
1982-04-11,282.266638437907
1982-04-12,282.274417877197
1982-04-13,282.908198038737
1982-04-14,282.803604125977
1982-04-15,283.62541325887
1982-04-16,282.529680887858
1982-04-17,282.423807779948
1982-04-18,283.548498789469
1982-04-19,283.366360982259
1982-04-20,284.548211415609
1982-04-21,282.976525624593
1982-04-22,282.264189402262
1982-04-23,283.061360677083
1982-04-24,282.749051411947
1982-04-25,282.594871520996
1982-04-26,281.912654876709
1982-04-27,282.229349772135
1982-04-28,281.861961364746
1982-04-29,283.218982696533
1982-04-30,284.875474294027
1982-05-01,284.419338226318
1982-05-02,282.503087361654
1982-05-03,279.941500345866
1982-05-04,280.793605804443
1982-05-05,279.633875528971
1982-05-06,280.673107147217
1982-05-07,282.043806711833
1982-05-08,284.479038238525
1982-05-09,286.754976908366
1982-05-10,285.095102945964
1982-05-11,286.061457316081
1982-05-12,285.972347259521
1982-05-13,285.078759511312
1982-05-14,284.016092936198
1982-05-15,283.31215540568
1982-05-16,280.678363800049
1982-05-17,280.522894541423
1982-05-18,282.619180043538
1982-05-19,283.710252126058
1982-05-20,285.97580464681
1982-05-21,284.814400990804
1982-05-22,281.524854024251
1982-05-23,283.697474161784
1982-05-24,281.583850860596
1982-05-25,282.297353108724
1982-05-26,282.977722167969
1982-05-27,281.108427683512
1982-05-28,282.405347188314
1982-05-29,278.946646372477
1982-05-30,280.016498565674
1982-05-31,281.091171264648
1982-06-01,281.277600606283
1982-06-02,281.402909596761
1982-06-03,281.959302266439
1982-06-04,284.473931630452
1982-06-05,280.980536142985
1982-06-06,278.70466486613
1982-06-07,278.388295491536
1982-06-08,278.621463775635
1982-06-09,278.105843861898
1982-06-10,278.922367095947
1982-06-11,279.207960764567
1982-06-12,279.498975118001
1982-06-13,279.51403427124
1982-06-14,278.242254892985
1982-06-15,278.279838562012
1982-06-16,278.486133575439
1982-06-17,279.013019561768
1982-06-18,279.778334299723
1982-06-19,279.07578531901
1982-06-20,279.991713205973
1982-06-21,280.494162241618
1982-06-22,281.583852132161
1982-06-23,281.86582438151
1982-06-24,281.064823150635
1982-06-25,279.60706837972
1982-06-26,279.875607808431
1982-06-27,278.131654103597
1982-06-28,277.91277440389
1982-06-29,278.127793629964
1982-06-30,278.249310811361
1982-07-01,280.21124903361
1982-07-02,280.340665181478
1982-07-03,280.757092793782
1982-07-04,281.131581624349
1982-07-05,277.849596659342
1982-07-06,276.694430033366
1982-07-07,275.800477345785
1982-07-08,276.293148040772
1982-07-09,277.01167678833
1982-07-10,276.168973286947
1982-07-11,277.529646555583
1982-07-12,277.477138519287
1982-07-13,280.933586120605
1982-07-14,280.666520436605
1982-07-15,279.141621907552
1982-07-16,279.974501291911
1982-07-17,282.547384897868
1982-07-18,283.680384318034
1982-07-19,284.104582468669
1982-07-20,283.87956237793
1982-07-21,279.222699483236
1982-07-22,276.818514506022
1982-07-23,277.012889862061
1982-07-24,277.133791605632
1982-07-25,276.708974202474
1982-07-26,277.799653371175
1982-07-27,278.818613688151
1982-07-28,280.515602111816
1982-07-29,280.846930185954
1982-07-30,280.835656483968
1982-07-31,284.041611989339
1982-08-01,283.687175750732
1982-08-02,281.591069539388
1982-08-03,278.926531473795
1982-08-04,277.734414418538
1982-08-05,281.036287943522
1982-08-06,281.847802480062
1982-08-07,280.742921193441
1982-08-08,280.958428700765
1982-08-09,280.048694610596
1982-08-10,282.14905166626
1982-08-11,282.928695678711
1982-08-12,281.504956563314
1982-08-13,281.515745798747
1982-08-14,283.108688354492
1982-08-15,281.709854125977
1982-08-16,276.56282043457
1982-08-17,276.258499145508
1982-08-18,277.980131785075
1982-08-19,276.252599080404
1982-08-20,279.345244089762
1982-08-21,280.342937469482
1982-08-22,282.70759455363
1982-08-23,284.303281148275
1982-08-24,281.437553405762
1982-08-25,282.903856913249
1982-08-26,281.464117685954
1982-08-27,279.593102773031
1982-08-28,279.809602101644
1982-08-29,281.264094034831
1982-08-30,277.516376495361
1982-08-31,281.653439839681
1982-09-01,282.901599884033
1982-09-02,278.681545257568
1982-09-03,277.044673919678
1982-09-04,280.227130889893
1982-09-05,280.958671569824
1982-09-06,282.213259379069
1982-09-07,280.791774749756
1982-09-08,282.782578786214
1982-09-09,281.514914194743
1982-09-10,282.620569864909
1982-09-11,284.071267445882
1982-09-12,285.255285898844
1982-09-13,282.724646250407
1982-09-14,280.8475634257
1982-09-15,280.203024546305
1982-09-16,278.40415318807
1982-09-17,278.940999348958
1982-09-18,280.370611826579
1982-09-19,282.413485209147
1982-09-20,284.67067972819
1982-09-21,282.162979125977
1982-09-22,281.172537485758
1982-09-23,283.511253356934
1982-09-24,285.313762664795
1982-09-25,286.627740224202
1982-09-26,286.33234278361
1982-09-27,285.236618041992
1982-09-28,282.047762552897
1982-09-29,278.974740346273
1982-09-30,282.111485799154
1982-10-01,283.085861206055
1982-10-02,283.561882019043
1982-10-03,281.683799743652
1982-10-04,280.866049448649
1982-10-05,280.823707580566
1982-10-06,280.033573150635
1982-10-07,280.454378763835
1982-10-08,281.492458343506
1982-10-09,283.798848470052
1982-10-10,284.519247690837
1982-10-11,282.824601491292
1982-10-12,283.961706797282
1982-10-13,284.00053024292
1982-10-14,285.396695454915
1982-10-15,285.725236256917
1982-10-16,283.453859965006
1982-10-17,280.773087819417
1982-10-18,281.671026865641
1982-10-19,278.860771179199
1982-10-20,279.30126953125
1982-10-21,281.286773681641
1982-10-22,285.177654266357
1982-10-23,284.433793385823
1982-10-24,283.242961883545
1982-10-25,279.994222005208
1982-10-26,280.574127197266
1982-10-27,280.030831654867
1982-10-28,282.305206298828
1982-10-29,284.488297780355
1982-10-30,284.869023640951
1982-10-31,286.099581400553
1982-11-01,288.094997406006
1982-11-02,289.902996063232
1982-11-03,287.156945546468
1982-11-04,287.381323496501
1982-11-05,286.794649759928
1982-11-06,286.831708272298
1982-11-07,289.083182017008
1982-11-08,290.400844573975
1982-11-09,290.606980641683
1982-11-10,290.489935557048
1982-11-11,289.969436645508
1982-11-12,286.911421457926
1982-11-13,281.596229553223
1982-11-14,281.391066233317
1982-11-15,285.950274149577
1982-11-16,286.522594451904
1982-11-17,287.678466796875
1982-11-18,288.515495300293
1982-11-19,288.768430074056
1982-11-20,285.897346496582
1982-11-21,285.693166097005
1982-11-22,285.104933420817
1982-11-23,284.970377604167
1982-11-24,286.743413289388
1982-11-25,287.002314249674
1982-11-26,289.773750305176
1982-11-27,291.687101999919
1982-11-28,289.934698740641
1982-11-29,287.852532704671
1982-11-30,282.27952448527
1982-12-01,279.347695668538
1982-12-02,280.818187713623
1982-12-03,283.878556569417
1982-12-04,281.720634460449
1982-12-05,285.41117477417
1982-12-06,288.697378794352
1982-12-07,288.054066975911
1982-12-08,286.610710144043
1982-12-09,285.763292948405
1982-12-10,289.025320688883
1982-12-11,290.77462387085
1982-12-12,287.36668141683
1982-12-13,283.339373270671
1982-12-14,282.31192779541
1982-12-15,286.325176239014
1982-12-16,286.761569976807
1982-12-17,289.563898722331
1982-12-18,290.379072825114
1982-12-19,290.892369588216
1982-12-20,292.475610097249
1982-12-21,289.962177276611
1982-12-22,290.244607289632
1982-12-23,287.475898742676
1982-12-24,288.636624654134
1982-12-25,288.222380320231
1982-12-26,287.89111328125
1982-12-27,283.73924891154
1982-12-28,283.524682362874
1982-12-29,284.201494852702
1982-12-30,283.625999450684
1982-12-31,281.366349538167
1983-01-01,283.299069722494
1983-01-02,284.190928141276
1983-01-03,288.085098266602
1983-01-04,290.103763580322
1983-01-05,290.832661946615
1983-01-06,288.881169637044
1983-01-07,288.176074981689
1983-01-08,286.744987487793
1983-01-09,285.948554992676
1983-01-10,288.543090820312
1983-01-11,291.620510101318
1983-01-12,293.370541890462
1983-01-13,291.55632909139
1983-01-14,287.200954437256
1983-01-15,287.653109232585
1983-01-16,288.261603037516
1983-01-17,287.96407699585
1983-01-18,288.569076538086
1983-01-19,289.439221700033
1983-01-20,286.043422698975
1983-01-21,285.024019877116
1983-01-22,287.216828664144
1983-01-23,286.116694132487
1983-01-24,284.121163686117
1983-01-25,287.216996510824
1983-01-26,286.948285420736
1983-01-27,283.866317749023
1983-01-28,286.522374471029
1983-01-29,289.156927744548
1983-01-30,289.497249603271
1983-01-31,288.776663462321
1983-02-01,286.096927642822
1983-02-02,286.972595214844
1983-02-03,290.383285522461
1983-02-04,290.298468271891
1983-02-05,289.591575622559
1983-02-06,285.428201039632
1983-02-07,286.076772054036
1983-02-08,287.729619344076
1983-02-09,285.626711527506
1983-02-10,286.11443456014
1983-02-11,287.987864176432
1983-02-12,286.796744028727
1983-02-13,287.557289123535
1983-02-14,288.460205078125
1983-02-15,287.380392710368
1983-02-16,289.061082204183
1983-02-17,290.890069325765
1983-02-18,290.123499552409
1983-02-19,289.959349314372
1983-02-20,289.007890065511
1983-02-21,289.183372497559
1983-02-22,287.101146697998
1983-02-23,288.335577646891
1983-02-24,290.204968770345
1983-02-25,289.706020355225
1983-02-26,288.711747487386
1983-02-27,288.816243489583
1983-02-28,290.826047261556
1983-03-01,290.796658833822
1983-03-02,288.117792765299
1983-03-03,288.019802093506
1983-03-04,284.813851674398
1983-03-05,285.226876576742
1983-03-06,287.381759643555
1983-03-07,289.216168721517
1983-03-08,291.284854888916
1983-03-09,290.707008361816
1983-03-10,293.365661621094
1983-03-11,289.752393086751
1983-03-12,287.119829813639
1983-03-13,290.754229227702
1983-03-14,291.22730255127
1983-03-15,290.883860270182
1983-03-16,289.167587280273
1983-03-17,282.913817087809
1983-03-18,282.456675211589
1983-03-19,286.753156026204
1983-03-20,288.97374979655
1983-03-21,290.153088887533
1983-03-22,289.475126902262
1983-03-23,291.475137074788
1983-03-24,293.121122996012
1983-03-25,293.872141520182
1983-03-26,287.416817982992
1983-03-27,287.726984659831
1983-03-28,288.874815622965
1983-03-29,288.400363922119
1983-03-30,285.398796081543
1983-03-31,281.078163146973
1983-04-01,285.985903422038
1983-04-02,288.588146209717
1983-04-03,287.831610361735
1983-04-04,284.854682922363
1983-04-05,284.302403767904
1983-04-06,284.321248372396
1983-04-07,286.605288187663
1983-04-08,286.62170791626
1983-04-09,286.058287302653
1983-04-10,283.11372756958
1983-04-11,280.99010848999
1983-04-12,282.979485829671
1983-04-13,286.672269185384
1983-04-14,287.942008972168
1983-04-15,289.455360412598
1983-04-16,286.407395680745
1983-04-17,283.191744486491
1983-04-18,287.009965260824
1983-04-19,286.498157501221
1983-04-20,286.583730061849
1983-04-21,289.062408447266
1983-04-22,286.455478668213
1983-04-23,285.169675191244
1983-04-24,285.074202219645
1983-04-25,286.337079366048
1983-04-26,286.963919321696
1983-04-27,285.714126586914
1983-04-28,283.5421778361
1983-04-29,278.154004414876
1983-04-30,282.563017527262
1983-05-01,284.228904724121
1983-05-02,283.350486755371
1983-05-03,283.860416412354
1983-05-04,282.424536387126
1983-05-05,286.58433787028
1983-05-06,289.758364359538
1983-05-07,285.066467285156
1983-05-08,283.213141123454
1983-05-09,284.113588968913
1983-05-10,285.313827514648
1983-05-11,284.150591532389
1983-05-12,281.916175842285
1983-05-13,279.928283691406
1983-05-14,278.472872416178
1983-05-15,281.216972351074
1983-05-16,282.810050964355
1983-05-17,283.445472717285
1983-05-18,282.497639973958
1983-05-19,280.7900390625
1983-05-20,280.264895121256
1983-05-21,280.69297281901
1983-05-22,282.462748209635
1983-05-23,281.623032887777
1983-05-24,279.346983591715
1983-05-25,280.383471171061
1983-05-26,280.558124542236
1983-05-27,282.487168629964
1983-05-28,281.978088378906
1983-05-29,282.331143697103
1983-05-30,284.869204203288
1983-05-31,286.590454101562
1983-06-01,284.221862792969
1983-06-02,280.39351272583
1983-06-03,276.461736043294
1983-06-04,275.569625854492
1983-06-05,277.775539398193
1983-06-06,279.253588358561
1983-06-07,280.576505025228
1983-06-08,281.623438517253
1983-06-09,283.424029032389
1983-06-10,284.646546681722
1983-06-11,284.970151265462
1983-06-12,284.321748097738
1983-06-13,283.790737152099
1983-06-14,282.989349365234
1983-06-15,284.444211324056
1983-06-16,282.815636952718
1983-06-17,279.382691701253
1983-06-18,277.814206441243
1983-06-19,276.636706034343
1983-06-20,278.593784332275
1983-06-21,278.603225708008
1983-06-22,279.291762034098
1983-06-23,280.932846069336
1983-06-24,281.55899810791
1983-06-25,279.844174702962
1983-06-26,278.73935953776
1983-06-27,280.574239095052
1983-06-28,281.164225260417
1983-06-29,282.526796976725
1983-06-30,282.700695037842
1983-07-01,278.530726114909
1983-07-02,277.174727121989
1983-07-03,278.108127593994
1983-07-04,277.833667755127
1983-07-05,277.698830922445
1983-07-06,276.769879659017
1983-07-07,278.692297617594
1983-07-08,281.117572784424
1983-07-09,281.998589833578
1983-07-10,284.324095408122
1983-07-11,285.066150665283
1983-07-12,281.551345825195
1983-07-13,279.749477386475
1983-07-14,280.666589101156
1983-07-15,281.317442576091
1983-07-16,280.357688903809
1983-07-17,280.300298055013
1983-07-18,279.602827707927
1983-07-19,279.326343536377
1983-07-20,278.82973353068
1983-07-21,277.510186513265
1983-07-22,278.129591623942
1983-07-23,279.459690093994
1983-07-24,279.733820597331
1983-07-25,278.247206370036
1983-07-26,274.902801513672
1983-07-27,276.301294962565
1983-07-28,277.046960194906
1983-07-29,278.00078201294
1983-07-30,280.096880594889
1983-07-31,281.679335276286
1983-08-01,283.283898671468
1983-08-02,283.225597381592
1983-08-03,282.769878387451
1983-08-04,281.049335479736
1983-08-05,279.026213328044
1983-08-06,280.04238764445
1983-08-07,280.432167053223
1983-08-08,282.214715321859
1983-08-09,283.46639251709
1983-08-10,283.132390340169
1983-08-11,282.701346079508
1983-08-12,281.138689676921
1983-08-13,278.926303863525
1983-08-14,276.143703460693
1983-08-15,277.848367055257
1983-08-16,279.939709981283
1983-08-17,279.300725301107
1983-08-18,280.610721588135
1983-08-19,282.041145324707
1983-08-20,283.293427785238
1983-08-21,283.659089406332
1983-08-22,281.95086034139
1983-08-23,279.97834777832
1983-08-24,281.578629811605
1983-08-25,279.66800181071
1983-08-26,278.638582865397
1983-08-27,278.60382715861
1983-08-28,279.800786336263
1983-08-29,280.00436147054
1983-08-30,280.431594848633
1983-08-31,281.376476287842
1983-09-01,282.126281738281
1983-09-02,282.563505808512
1983-09-03,281.022403717041
1983-09-04,280.14679590861
1983-09-05,279.250843048096
1983-09-06,281.874922434489
1983-09-07,284.396354675293
1983-09-08,285.624027252197
1983-09-09,285.312767028809
1983-09-10,285.082060496012
1983-09-11,286.598393758138
1983-09-12,283.898765563965
1983-09-13,285.108283996582
1983-09-14,282.771536509196
1983-09-15,279.917912801107
1983-09-16,276.814609527588
1983-09-17,279.630322774251
1983-09-18,281.046123504639
1983-09-19,282.28791809082
1983-09-20,283.231810251872
1983-09-21,285.78863398234
1983-09-22,285.054993947347
1983-09-23,282.500853220622
1983-09-24,283.897748311361
1983-09-25,285.088428497314
1983-09-26,285.225718180339
1983-09-27,284.295593261719
1983-09-28,281.985045115153
1983-09-29,281.22011311849
1983-09-30,283.733562469482
1983-10-01,285.619709014893
1983-10-02,282.835639953613
1983-10-03,284.110066731771
1983-10-04,282.696197509766
1983-10-05,280.194711049398
1983-10-06,281.138478597005
1983-10-07,283.386430104574
1983-10-08,286.781010945638
1983-10-09,287.850331624349
1983-10-10,285.240609486898
1983-10-11,283.883233388265
1983-10-12,283.641863505046
1983-10-13,280.50369644165
1983-10-14,280.842023213705
1983-10-15,282.082916259766
1983-10-16,281.576454162598
1983-10-17,281.96711730957
1983-10-18,280.605595906575
1983-10-19,284.089515686035
1983-10-20,287.439353942871
1983-10-21,289.321755727132
1983-10-22,289.362374623617
1983-10-23,287.93897374471
1983-10-24,287.134216308594
1983-10-25,287.592852274577
1983-10-26,288.058166503906
1983-10-27,287.336558024088
1983-10-28,286.04602432251
1983-10-29,287.625203450521
1983-10-30,289.300694783529
1983-10-31,286.024846394857
1983-11-01,285.534411112467
1983-11-02,282.213512420654
1983-11-03,286.410325368245
1983-11-04,288.929023742676
1983-11-05,290.237083435059
1983-11-06,288.485443115234
1983-11-07,287.576263427734
1983-11-08,286.403210957845
1983-11-09,288.40203221639
1983-11-10,287.252524058024
1983-11-11,289.158437093099
1983-11-12,288.741647084554
1983-11-13,285.085258483887
1983-11-14,285.948271433512
1983-11-15,283.799330393473
1983-11-16,282.378082275391
1983-11-17,285.75628789266
1983-11-18,288.490776062012
1983-11-19,288.262407938639
1983-11-20,286.999959309896
1983-11-21,285.058325449626
1983-11-22,284.459626515706
1983-11-23,282.217357635498
1983-11-24,281.034698486328
1983-11-25,282.077677408854
1983-11-26,283.07740910848
1983-11-27,285.318113962809
1983-11-28,282.951389312744
1983-11-29,281.694660186768
1983-11-30,282.288283030192
1983-12-01,283.181517283122
1983-12-02,286.561846415202
1983-12-03,287.945075988769
1983-12-04,289.782332102458
1983-12-05,287.930870056152
1983-12-06,289.59544245402
1983-12-07,289.83103688558
1983-12-08,288.830815633138
1983-12-09,292.55290222168
1983-12-10,289.047817230225
1983-12-11,286.942803700765
1983-12-12,285.400437672933
1983-12-13,286.96314239502
1983-12-14,286.529215494792
1983-12-15,285.041618347168
1983-12-16,284.236005147298
1983-12-17,288.492647806803
1983-12-18,287.023198445638
1983-12-19,287.932753245036
1983-12-20,284.85213470459
1983-12-21,283.409126281738
1983-12-22,286.120154062907
1983-12-23,286.870328267415
1983-12-24,287.89203898112
1983-12-25,286.232884724935
1983-12-26,286.978635152181
1983-12-27,288.31822458903
1983-12-28,287.892345428467
1983-12-29,284.258960723877
1983-12-30,282.498732248942
1983-12-31,286.453585306803
1984-01-01,286.312529246012
1984-01-02,286.199310302734
1984-01-03,288.850104014079
1984-01-04,289.513926188151
1984-01-05,288.98889541626
1984-01-06,289.213069915772
1984-01-07,284.596890767415
1984-01-08,284.75413386027
1984-01-09,287.217155456543
1984-01-10,288.864397684733
1984-01-11,289.765786488851
1984-01-12,289.390141805013
1984-01-13,286.223737080892
1984-01-14,285.642384847005
1984-01-15,282.828982035319
1984-01-16,284.266883850098
1984-01-17,282.954027811686
1984-01-18,284.722178141276
1984-01-19,288.769931793213
1984-01-20,288.31033706665
1984-01-21,288.860675811768
1984-01-22,287.569357554118
1984-01-23,289.607921600342
1984-01-24,290.995146433512
1984-01-25,286.558681488037
1984-01-26,289.506141662598
1984-01-27,290.312189737956
1984-01-28,290.32395807902
1984-01-29,288.871526082357
1984-01-30,287.862767537435
1984-01-31,286.586348215739
1984-02-01,289.607204437256
1984-02-02,291.598715464274
1984-02-03,291.626714070638
1984-02-04,288.414161682129
1984-02-05,287.555030822754
1984-02-06,286.54679107666
1984-02-07,285.081005096435
1984-02-08,285.971436818441
1984-02-09,288.045984903971
1984-02-10,289.73755645752
1984-02-11,290.97927347819
1984-02-12,287.350607554118
1984-02-13,287.924518585205
1984-02-14,289.884494781494
1984-02-15,291.285238901774
1984-02-16,289.777899424235
1984-02-17,288.836158752442
1984-02-18,287.559130350749
1984-02-19,288.961385091146
1984-02-20,283.899897257487
1984-02-21,284.561991373698
1984-02-22,283.979993184407
1984-02-23,287.807343800863
1984-02-24,288.637074788412
1984-02-25,289.006075541178
1984-02-26,289.138548533122
1984-02-27,291.308739980062
1984-02-28,290.960535685221
1984-02-29,291.045846303304
1984-03-01,290.433615366618
1984-03-02,290.585426330566
1984-03-03,291.983514149984
1984-03-04,293.272174835205
1984-03-05,291.436283111572
1984-03-06,291.601519266764
1984-03-07,289.140600840251
1984-03-08,290.36533610026
1984-03-09,290.388262430827
1984-03-10,290.126159667969
1984-03-11,287.427241007487
1984-03-12,288.913508097331
1984-03-13,289.289052327474
1984-03-14,288.624235788981
1984-03-15,288.66628519694
1984-03-16,287.977565765381
1984-03-17,288.051923116048
1984-03-18,287.156665802002
1984-03-19,285.408489227295
1984-03-20,286.067436218262
1984-03-21,288.501265207926
1984-03-22,289.093484242757
1984-03-23,286.238693237305
1984-03-24,284.441301981608
1984-03-25,285.020860036214
1984-03-26,285.861684163411
1984-03-27,286.93647257487
1984-03-28,288.434594472249
1984-03-29,290.267096201579
1984-03-30,289.931419372559
1984-03-31,290.268620808919
1984-04-01,289.959273020426
1984-04-02,289.120591481527
1984-04-03,286.171290079753
1984-04-04,285.78267288208
1984-04-05,287.491948445638
1984-04-06,287.839872996012
1984-04-07,287.488117218018
1984-04-08,289.30233891805
1984-04-09,284.05961227417
1984-04-10,281.021961212158
1984-04-11,283.146308898926
1984-04-12,284.724834442139
1984-04-13,284.733047485352
1984-04-14,284.139828999837
1984-04-15,286.521898905436
1984-04-16,286.356856028239
1984-04-17,286.295434315999
1984-04-18,285.016395568848
1984-04-19,283.530968983968
1984-04-20,283.138304392497
1984-04-21,283.85406366984
1984-04-22,282.657666524251
1984-04-23,283.364584604899
1984-04-24,283.590579986572
1984-04-25,285.519390106201
1984-04-26,287.251061757406
1984-04-27,287.213518778483
1984-04-28,284.92045211792
1984-04-29,284.538729349772
1984-04-30,280.487798055013
1984-05-01,282.508623758952
1984-05-02,282.640293121338
1984-05-03,280.075815836589
1984-05-04,280.374313354492
1984-05-05,282.367848714193
1984-05-06,285.340543111165
1984-05-07,285.998789469401
1984-05-08,286.745182037354
1984-05-09,286.82461420695
1984-05-10,284.79438273112
1984-05-11,281.710558573405
1984-05-12,281.512250264486
1984-05-13,283.302502950032
1984-05-14,285.209395090739
1984-05-15,284.745810190837
1984-05-16,281.172821044922
1984-05-17,279.725961049398
1984-05-18,282.059340159098
1984-05-19,282.969749450684
1984-05-20,278.821694691976
1984-05-21,277.710596720378
1984-05-22,279.425042470296
1984-05-23,280.095263163249
1984-05-24,282.703446706136
1984-05-25,284.645169576009
1984-05-26,284.117182413737
1984-05-27,282.300546010335
1984-05-28,282.36477915446
1984-05-29,282.202972412109
1984-05-30,281.13126373291
1984-05-31,279.19260152181
1984-06-01,276.830993652344
1984-06-02,278.472070058187
1984-06-03,279.787938435872
1984-06-04,282.494935353597
1984-06-05,284.492104848226
1984-06-06,282.688555399577
1984-06-07,282.375966389974
1984-06-08,279.94096883138
1984-06-09,282.961662292481
1984-06-10,286.01051457723
1984-06-11,284.915739695231
1984-06-12,283.651995340983
1984-06-13,284.150577545166
1984-06-14,280.305315653483
1984-06-15,278.809860229492
1984-06-16,278.699877421061
1984-06-17,279.750253041585
1984-06-18,281.275834401449
1984-06-19,282.184886932373
1984-06-20,282.853321075439
1984-06-21,283.033023834229
1984-06-22,283.597700754801
1984-06-23,282.105650583903
1984-06-24,278.100246429443
1984-06-25,277.372217814128
1984-06-26,281.234780629476
1984-06-27,283.027993520101
1984-06-28,283.808929443359
1984-06-29,283.363307952881
1984-06-30,284.040369669596
1984-07-01,284.041109720866
1984-07-02,284.265972137451
1984-07-03,284.514937082927
1984-07-04,284.477601369222
1984-07-05,281.332514444987
1984-07-06,282.279150644938
1984-07-07,282.707271575928
1984-07-08,280.037330627441
1984-07-09,277.582682291667
1984-07-10,278.046943664551
1984-07-11,280.19655863444
1984-07-12,282.009552001953
1984-07-13,284.169325510661
1984-07-14,283.161331176758
1984-07-15,279.882670084635
1984-07-16,276.139307657878
1984-07-17,276.381894429525
1984-07-18,277.698828379313
1984-07-19,277.514389038086
1984-07-20,279.5860303243
1984-07-21,280.715189615885
1984-07-22,281.832543690999
1984-07-23,282.419714609782
1984-07-24,280.289786020915
1984-07-25,280.546742757161
1984-07-26,279.737710316976
1984-07-27,279.087127685547
1984-07-28,278.363941192627
1984-07-29,280.016633351644
1984-07-30,282.231623331706
1984-07-31,283.350901285807
1984-08-01,284.399971008301
1984-08-02,282.915411631266
1984-08-03,283.409397125244
1984-08-04,283.636208852132
1984-08-05,280.560461680094
1984-08-06,276.854899088542
1984-08-07,276.755681355794
1984-08-08,275.912492116292
1984-08-09,276.579872131348
1984-08-10,278.499268849691
1984-08-11,280.394886016846
1984-08-12,281.470729827881
1984-08-13,281.81923421224
1984-08-14,282.852214813232
1984-08-15,282.955537160238
1984-08-16,282.725955963135
1984-08-17,282.386591593424
1984-08-18,282.801561991374
1984-08-19,283.818276723226
1984-08-20,284.028076171875
1984-08-21,285.119497934977
1984-08-22,284.223061879476
1984-08-23,284.547671000163
1984-08-24,279.759089152018
1984-08-25,277.586490631104
1984-08-26,279.584311167399
1984-08-27,280.672871907552
1984-08-28,279.004782358805
1984-08-29,281.347114562988
1984-08-30,283.330927530924
1984-08-31,282.498994191488
1984-09-01,281.994096120199
1984-09-02,281.974909464518
1984-09-03,283.162544250488
1984-09-04,282.292344411214
1984-09-05,282.818322499593
1984-09-06,283.145487467448
1984-09-07,279.376684824626
1984-09-08,279.884899139404
1984-09-09,278.9025293986
1984-09-10,280.447044372559
1984-09-11,283.494825998942
1984-09-12,283.857415517171
1984-09-13,284.602252960205
1984-09-14,283.353570302327
1984-09-15,280.659651438395
1984-09-16,279.990161895752
1984-09-17,278.661921183268
1984-09-18,279.742788950602
1984-09-19,279.949256896973
1984-09-20,280.169499715169
1984-09-21,282.102039337158
1984-09-22,283.310717264811
1984-09-23,283.497131347656
1984-09-24,285.118269602458
1984-09-25,285.722258249919
1984-09-26,284.233388264974
1984-09-27,283.819291432699
1984-09-28,281.073219299316
1984-09-29,283.239432017009
1984-09-30,283.291947682699
1984-10-01,280.128767649333
1984-10-02,278.325433095296
1984-10-03,279.439862569173
1984-10-04,280.136058807373
1984-10-05,280.063426971436
1984-10-06,281.481605529785
1984-10-07,284.582000732422
1984-10-08,282.478290557861
1984-10-09,283.005137125651
1984-10-10,283.62321472168
1984-10-11,286.453135172526
1984-10-12,285.020929972331
1984-10-13,284.443529764811
1984-10-14,286.288909912109
1984-10-15,287.299785614014
1984-10-16,288.005156199137
1984-10-17,288.46577835083
1984-10-18,288.867800394694
1984-10-19,287.091185251872
1984-10-20,284.551938374837
1984-10-21,284.151819864909
1984-10-22,281.624731699626
1984-10-23,279.36475499471
1984-10-24,279.583095550537
1984-10-25,281.831152598063
1984-10-26,284.592385609945
1984-10-27,284.232009887695
1984-10-28,283.459131876628
1984-10-29,285.699071248372
1984-10-30,287.104553222656
1984-10-31,285.860093434652
1984-11-01,287.997404734294
1984-11-02,287.354290008545
1984-11-03,287.169231414795
1984-11-04,285.963868459066
1984-11-05,288.831518809001
1984-11-06,288.307015736898
1984-11-07,288.546789805094
1984-11-08,286.78023147583
1984-11-09,288.312511444092
1984-11-10,288.524438222249
1984-11-11,287.535283406576
1984-11-12,289.801785786947
1984-11-13,289.665409088135
1984-11-14,289.534745534261
1984-11-15,290.969909667969
1984-11-16,289.947359720866
1984-11-17,286.060351053874
1984-11-18,284.23684946696
1984-11-19,284.502092997233
1984-11-20,284.637297312419
1984-11-21,286.689577738444
1984-11-22,287.826770782471
1984-11-23,291.531196594238
1984-11-24,291.677969614665
1984-11-25,290.483951568603
1984-11-26,283.635200500488
1984-11-27,283.0744972229
1984-11-28,285.574625651042
1984-11-29,288.867509206136
1984-11-30,290.217173258464
1984-12-01,289.772177378337
1984-12-02,289.022185007731
1984-12-03,287.954566955566
1984-12-04,290.003580729167
1984-12-05,290.843465169271
1984-12-06,289.037776947021
1984-12-07,289.585302988688
1984-12-08,290.746568044027
1984-12-09,288.944519042969
1984-12-10,288.482471466064
1984-12-11,288.887421925863
1984-12-12,288.846967061361
1984-12-13,288.555110931396
1984-12-14,289.23237101237
1984-12-15,289.235337575277
1984-12-16,290.342418670654
1984-12-17,292.315994262695
1984-12-18,288.567644755046
1984-12-19,287.829964955648
1984-12-20,289.917174021403
1984-12-21,291.562675476074
1984-12-22,292.792989095052
1984-12-23,290.19336827596
1984-12-24,288.591195424398
1984-12-25,289.189697265625
1984-12-26,289.231717427572
1984-12-27,290.95508702596
1984-12-28,293.133862813314
1984-12-29,292.002574920654
1984-12-30,290.892462412516
1984-12-31,285.600610097249
1985-01-01,288.963771820069
1985-01-02,292.879211425781
1985-01-03,292.948467254639
1985-01-04,292.693870544433
1985-01-05,291.747545878093
1985-01-06,289.795874277751
1985-01-07,291.431860605876
1985-01-08,292.3874168396
1985-01-09,290.744480133057
1985-01-10,290.352291107178
1985-01-11,293.94274520874
1985-01-12,291.059460957845
1985-01-13,289.353731791178
1985-01-14,288.512884775797
1985-01-15,288.430514017741
1985-01-16,287.969135284424
1985-01-17,289.318904876709
1985-01-18,290.083671569824
1985-01-19,292.516427357992
1985-01-20,292.771128336589
1985-01-21,292.023259480794
1985-01-22,289.976022084554
1985-01-23,291.002780914307
1985-01-24,290.314734141032
1985-01-25,290.045720418294
1985-01-26,291.340309143067
1985-01-27,289.325996398926
1985-01-28,287.885963439941
1985-01-29,291.687891642253
1985-01-30,290.042519887288
1985-01-31,289.855280558268
1985-02-01,293.07700475057
1985-02-02,292.615459442139
1985-02-03,287.768133799235
1985-02-04,285.491322835286
1985-02-05,288.210255940755
1985-02-06,290.645776112874
1985-02-07,291.081106821696
1985-02-08,291.31276067098
1985-02-09,290.094662984212
1985-02-10,290.134359995524
1985-02-11,291.569028218587
1985-02-12,289.660221099853
1985-02-13,283.703407287598
1985-02-14,287.143571217855
1985-02-15,289.847938537598
1985-02-16,291.508449554443
1985-02-17,291.828669230143
1985-02-18,289.475175221761
1985-02-19,290.307375590006
1985-02-20,287.20698928833
1985-02-21,285.104482014974
1985-02-22,287.19654973348
1985-02-23,286.990615844727
1985-02-24,288.392161051432
1985-02-25,289.943367004394
1985-02-26,290.839004516602
1985-02-27,291.327119191488
1985-02-28,290.986738840739
1985-03-01,291.441712697347
1985-03-02,291.127930959066
1985-03-03,291.34796778361
1985-03-04,292.283275604248
1985-03-05,293.396212259928
1985-03-06,294.040012359619
1985-03-07,292.25575764974
1985-03-08,287.329793294271
1985-03-09,284.072479248047
1985-03-10,284.579566955566
1985-03-11,286.71274693807
1985-03-12,286.500433603923
1985-03-13,289.329652150472
1985-03-14,285.481433868408
1985-03-15,284.809373219808
1985-03-16,286.535976409912
1985-03-17,288.085273742676
1985-03-18,289.429541269938
1985-03-19,285.003060658773
1985-03-20,286.46795018514
1985-03-21,282.173910776774
1985-03-22,285.985781351725
1985-03-23,287.194051106771
1985-03-24,283.969712575277
1985-03-25,282.975560506185
1985-03-26,286.25631459554
1985-03-27,285.642583211263
1985-03-28,284.404298146566
1985-03-29,285.711647033691
1985-03-30,286.4599609375
1985-03-31,285.677471160889
1985-04-01,281.833418528239
1985-04-02,286.370649973551
1985-04-03,288.504440307617
1985-04-04,285.423099517822
1985-04-05,282.469931284587
1985-04-06,283.541346232096
1985-04-07,280.782629648844
1985-04-08,283.561847686768
1985-04-09,284.904913584391
1985-04-10,285.196904500325
1985-04-11,284.936145782471
1985-04-12,285.762297312419
1985-04-13,285.405572255453
1985-04-14,286.039697011312
1985-04-15,285.883308410644
1985-04-16,285.149155934652
1985-04-17,287.130181630453
1985-04-18,289.311149597168
1985-04-19,290.28525797526
1985-04-20,291.477751413981
1985-04-21,289.115168253581
1985-04-22,284.001050313314
1985-04-23,280.910570780436
1985-04-24,283.019381205241
1985-04-25,283.765111287435
1985-04-26,283.293093363444
1985-04-27,282.686543782552
1985-04-28,283.354061126709
1985-04-29,280.882427215576
1985-04-30,281.544572194417
1985-05-01,281.658621470133
1985-05-02,282.14989344279
1985-05-03,282.241422017415
1985-05-04,280.255897521973
1985-05-05,282.061038970947
1985-05-06,284.73008219401
1985-05-07,285.761815388997
1985-05-08,284.299435933431
1985-05-09,284.682256062826
1985-05-10,284.989046732585
1985-05-11,285.001266479492
1985-05-12,283.187722524007
1985-05-13,281.471862792969
1985-05-14,280.133759816488
1985-05-15,279.871278127034
1985-05-16,279.675373077393
1985-05-17,279.706974029541
1985-05-18,280.426406860352
1985-05-19,281.836664835612
1985-05-20,283.091398874919
1985-05-21,285.055464426676
1985-05-22,284.915322621663
1985-05-23,283.707633972168
1985-05-24,284.33256149292
1985-05-25,279.614143371582
1985-05-26,279.767979939779
1985-05-27,281.439371744792
1985-05-28,281.781578063965
1985-05-29,281.739178975423
1985-05-30,281.579617818197
1985-05-31,281.575391133626
1985-06-01,281.757944742838
1985-06-02,281.843644460042
1985-06-03,282.24756749471
1985-06-04,281.638984680176
1985-06-05,283.687764485677
1985-06-06,285.549889882405
1985-06-07,284.449081420898
1985-06-08,281.909486134847
1985-06-09,281.644115447998
1985-06-10,282.230016072591
1985-06-11,282.03490447998
1985-06-12,281.185012817383
1985-06-13,281.546568552653
1985-06-14,282.085870107015
1985-06-15,283.028601328532
1985-06-16,282.778644561768
1985-06-17,282.370590209961
1985-06-18,282.468678792318
1985-06-19,282.512636820475
1985-06-20,281.993531545003
1985-06-21,283.345132191976
1985-06-22,283.606037139893
1985-06-23,280.825894673665
1985-06-24,279.165026346843
1985-06-25,278.896165211995
1985-06-26,279.22056833903
1985-06-27,278.910303751628
1985-06-28,279.47045135498
1985-06-29,281.230394999186
1985-06-30,282.572242736816
1985-07-01,280.018020629883
1985-07-02,280.003889719645
1985-07-03,279.837426503499
1985-07-04,280.81393178304
1985-07-05,281.60405476888
1985-07-06,283.020186106364
1985-07-07,282.454767862956
1985-07-08,281.442441304525
1985-07-09,279.33074315389
1985-07-10,280.53044128418
1985-07-11,279.068497975667
1985-07-12,280.520367940267
1985-07-13,282.633274078369
1985-07-14,283.722104390462
1985-07-15,282.291810353597
1985-07-16,280.61259841919
1985-07-17,282.366410573324
1985-07-18,285.588844299316
1985-07-19,284.108228047689
1985-07-20,282.045332590739
1985-07-21,281.181915283203
1985-07-22,281.927614847819
1985-07-23,282.590693155924
1985-07-24,281.575508117676
1985-07-25,279.8586769104
1985-07-26,278.850145975749
1985-07-27,279.658289591471
1985-07-28,279.520385742188
1985-07-29,280.095966339111
1985-07-30,281.432745615641
1985-07-31,281.740061442057
1985-08-01,282.658732096354
1985-08-02,281.986526489258
1985-08-03,280.800533294678
1985-08-04,279.122628529867
1985-08-05,279.197476704915
1985-08-06,278.932548522949
1985-08-07,279.964146931966
1985-08-08,281.382920583089
1985-08-09,282.035367329915
1985-08-10,282.433036804199
1985-08-11,281.946706136068
1985-08-12,281.807220458984
1985-08-13,278.328992207845
1985-08-14,277.43337504069
1985-08-15,277.636828104655
1985-08-16,276.201154073079
1985-08-17,277.963095347087
1985-08-18,280.614424387614
1985-08-19,282.864639282227
1985-08-20,283.144566853841
1985-08-21,279.783935546875
1985-08-22,279.285703023275
1985-08-23,279.783306121826
1985-08-24,281.105365753174
1985-08-25,281.651374816895
1985-08-26,284.249071756999
1985-08-27,283.078769683838
1985-08-28,280.915451049805
1985-08-29,277.833136240641
1985-08-30,277.574208577474
1985-08-31,281.112962086995
1985-09-01,282.074527740479
1985-09-02,281.723471323649
1985-09-03,283.260486602783
1985-09-04,285.21755472819
1985-09-05,285.854565938314
1985-09-06,280.981066385905
1985-09-07,279.224185943604
1985-09-08,281.122570037842
1985-09-09,283.887842814128
1985-09-10,284.644594828288
1985-09-11,282.269941965739
1985-09-12,278.237500508626
1985-09-13,281.117790222168
1985-09-14,280.782447814941
1985-09-15,282.339486440023
1985-09-16,281.812291463216
1985-09-17,282.094848632812
1985-09-18,282.756586710612
1985-09-19,282.619105021159
1985-09-20,282.420127868652
1985-09-21,281.871400197347
1985-09-22,282.663213094075
1985-09-23,281.860964457194
1985-09-24,281.94104385376
1985-09-25,283.373922983805
1985-09-26,284.767547607422
1985-09-27,285.514839172363
1985-09-28,284.673216501872
1985-09-29,283.005858103434
1985-09-30,283.663805643718
1985-10-01,282.134385426839
1985-10-02,283.652126312256
1985-10-03,284.022232055664
1985-10-04,283.9482421875
1985-10-05,283.06849416097
1985-10-06,282.530414581299
1985-10-07,285.682370503744
1985-10-08,286.353365580241
1985-10-09,281.536289215088
1985-10-10,283.835673014323
1985-10-11,282.857049306234
1985-10-12,282.131772359212
1985-10-13,284.895342508952
1985-10-14,285.380921681722
1985-10-15,281.857579549154
1985-10-16,282.124945322673
1985-10-17,279.495803833008
1985-10-18,279.422133127848
1985-10-19,279.843456268311
1985-10-20,282.603318532308
1985-10-21,287.033164978027
1985-10-22,285.80221303304
1985-10-23,286.002298990886
1985-10-24,285.936173756917
1985-10-25,284.627235412598
1985-10-26,281.174680074056
1985-10-27,277.854902903239
1985-10-28,280.447509765625
1985-10-29,281.849797566732
1985-10-30,284.028731028239
1985-10-31,285.151870727539
1985-11-01,286.682680765788
1985-11-02,287.996243794759
1985-11-03,284.948476155599
1985-11-04,280.861902872721
1985-11-05,279.637387593587
1985-11-06,281.414096832275
1985-11-07,280.209049224854
1985-11-08,281.264550526937
1985-11-09,283.018951416016
1985-11-10,284.046435038249
1985-11-11,286.626533508301
1985-11-12,285.242462158203
1985-11-13,285.043649037679
1985-11-14,282.664788564046
1985-11-15,288.158760070801
1985-11-16,289.325913747152
1985-11-17,288.583048502604
1985-11-18,289.465642293294
1985-11-19,289.360368092855
1985-11-20,289.418326059977
1985-11-21,286.182991027832
1985-11-22,284.459376017253
1985-11-23,286.6524365743
1985-11-24,287.523036956787
1985-11-25,286.598969777425
1985-11-26,286.475143432617
1985-11-27,285.172543843587
1985-11-28,284.708318074544
1985-11-29,285.959504445394
1985-11-30,288.607172648112
1985-12-01,288.814645131429
1985-12-02,289.628011067708
1985-12-03,286.576466878255
1985-12-04,285.815232594808
1985-12-05,286.604523976644
1985-12-06,286.295920054118
1985-12-07,287.90854771932
1985-12-08,287.876931508382
1985-12-09,288.185822804769
1985-12-10,287.847408294678
1985-12-11,288.420453389486
1985-12-12,288.572654724121
1985-12-13,289.929339090983
1985-12-14,289.727142333984
1985-12-15,291.152403513591
1985-12-16,290.577987670898
1985-12-17,287.570864359538
1985-12-18,285.477825164795
1985-12-19,287.240853627523
1985-12-20,290.654115041097
1985-12-21,291.394260406494
1985-12-22,292.364851633708
1985-12-23,293.327276865641
1985-12-24,291.140837351481
1985-12-25,290.580396016439
1985-12-26,289.66360727946
1985-12-27,290.718415578206
1985-12-28,290.165777842204
1985-12-29,291.843910217285
1985-12-30,289.048300425212
1985-12-31,287.398288726807
1986-01-01,288.896954854329
1986-01-02,289.173657735189
1986-01-03,292.679147084554
1986-01-04,292.407869974772
1986-01-05,291.161719004313
1986-01-06,293.10587310791
1986-01-07,291.572494506836
1986-01-08,293.011203765869
1986-01-09,291.869691212972
1986-01-10,291.968193054199
1986-01-11,291.000746409098
1986-01-12,292.360618591309
1986-01-13,291.727361043294
1986-01-14,291.442981719971
1986-01-15,291.405110677083
1986-01-16,292.050554911296
1986-01-17,291.909475962321
1986-01-18,293.714330037435
1986-01-19,292.234312693278
1986-01-20,291.403647104899
1986-01-21,293.32753499349
1986-01-22,293.652624766032
1986-01-23,292.516640981038
1986-01-24,294.245202382406
1986-01-25,292.830413818359
1986-01-26,290.033977508545
1986-01-27,289.777356465657
1986-01-28,290.059504191081
1986-01-29,287.367571512858
1986-01-30,282.76865641276
1986-01-31,286.689501444499
1986-02-01,289.929428100586
1986-02-02,290.191689809163
1986-02-03,289.831670125326
1986-02-04,291.460792541504
1986-02-05,290.244997660319
1986-02-06,289.50564066569
1986-02-07,289.330913543701
1986-02-08,289.405307769775
1986-02-09,286.502030690511
1986-02-10,286.472522735596
1986-02-11,288.312046051025
1986-02-12,290.715515136719
1986-02-13,291.173328399658
1986-02-14,288.463241577148
1986-02-15,289.206342061361
1986-02-16,288.678067525228
1986-02-17,287.336648305257
1986-02-18,290.436250050863
1986-02-19,290.204765319824
1986-02-20,290.538968404134
1986-02-21,291.908081054687
1986-02-22,290.757850646973
1986-02-23,291.187726338704
1986-02-24,292.120499928792
1986-02-25,292.246382395427
1986-02-26,293.310306549072
1986-02-27,290.482672373454
1986-02-28,289.307271321615
1986-03-01,286.728518168131
1986-03-02,285.624725341797
1986-03-03,286.538640340169
1986-03-04,286.916007995605
1986-03-05,285.434949239095
1986-03-06,286.498662312825
1986-03-07,286.041720072428
1986-03-08,284.425256093343
1986-03-09,288.312096913655
1986-03-10,288.894021352132
1986-03-11,289.700600941976
1986-03-12,292.446325937907
1986-03-13,293.377401987712
1986-03-14,291.551752726237
1986-03-15,291.464944203695
1986-03-16,292.84471766154
1986-03-17,289.717566172282
1986-03-18,287.805503845215
1986-03-19,287.183798472087
1986-03-20,286.989458719889
1986-03-21,287.435779571533
1986-03-22,285.392842610677
1986-03-23,285.548807779948
1986-03-24,285.043860117594
1986-03-25,287.399824778239
1986-03-26,282.202640533447
1986-03-27,283.643739064535
1986-03-28,287.981943766276
1986-03-29,286.901149749756
1986-03-30,282.765059153239
1986-03-31,283.354738871256
1986-04-01,282.859882354736
1986-04-02,283.897621154785
1986-04-03,284.780207316081
1986-04-04,283.527694702148
1986-04-05,286.827514648438
1986-04-06,288.711245218913
1986-04-07,287.960135142008
1986-04-08,285.412536621094
1986-04-09,285.900107065837
1986-04-10,285.668694814046
1986-04-11,282.430730183919
1986-04-12,284.926034291585
1986-04-13,286.597268422445
1986-04-14,283.616240183512
1986-04-15,283.595230102539
1986-04-16,281.374816894531
1986-04-17,283.010290781657
1986-04-18,283.372661590576
1986-04-19,285.267129262288
1986-04-20,284.990976969401
1986-04-21,286.675970713297
1986-04-22,288.164107004801
1986-04-23,287.324780782064
1986-04-24,287.77166112264
1986-04-25,287.711186726888
1986-04-26,289.239649454753
1986-04-27,290.174041748047
1986-04-28,290.468338012695
1986-04-29,289.645011901856
1986-04-30,286.666577657064
1986-05-01,286.158584594727
1986-05-02,285.176780700684
1986-05-03,282.804908752441
1986-05-04,283.445763905843
1986-05-05,283.223337809245
1986-05-06,282.120797475179
1986-05-07,281.302379608154
1986-05-08,282.267309824626
1986-05-09,282.254552205404
1986-05-10,282.963625590007
1986-05-11,285.11715443929
1986-05-12,286.458684285482
1986-05-13,284.838408152262
1986-05-14,284.482652028402
1986-05-15,283.427628835042
1986-05-16,282.667795817057
1986-05-17,284.311330159505
1986-05-18,286.892634073893
1986-05-19,282.309354146322
1986-05-20,279.068964640299
1986-05-21,284.194976806641
1986-05-22,283.632591247559
1986-05-23,278.955816904704
1986-05-24,277.628200531006
1986-05-25,280.40096282959
1986-05-26,282.125858306885
1986-05-27,281.277228037516
1986-05-28,279.260382334391
1986-05-29,281.185731252034
1986-05-30,284.038113911947
1986-05-31,283.92413965861
1986-06-01,282.039048512777
1986-06-02,280.882535298665
1986-06-03,280.570588429769
1986-06-04,281.679660797119
1986-06-05,283.151691436768
1986-06-06,282.885125478109
1986-06-07,281.744305928548
1986-06-08,281.777188618978
1986-06-09,281.808883666992
1986-06-10,283.397967020671
1986-06-11,284.09788386027
1986-06-12,283.201933542887
1986-06-13,282.934366861979
1986-06-14,279.1863377889
1986-06-15,278.531995137532
1986-06-16,276.752324422201
1986-06-17,276.326000213623
1986-06-18,277.859573364258
1986-06-19,276.166051228841
1986-06-20,278.658894856771
1986-06-21,279.815338134766
1986-06-22,282.377085367839
1986-06-23,283.861560821533
1986-06-24,283.743586222331
1986-06-25,283.684431711833
1986-06-26,280.777262369792
1986-06-27,279.753790537516
1986-06-28,281.822550455729
1986-06-29,282.124362945557
1986-06-30,279.973084767659
1986-07-01,280.21665318807
1986-07-02,278.515112559001
1986-07-03,278.175852457682
1986-07-04,278.230448404948
1986-07-05,276.888122558594
1986-07-06,278.409158070882
1986-07-07,279.968096415202
1986-07-08,280.601961771647
1986-07-09,278.781954447428
1986-07-10,279.369734446208
1986-07-11,279.59271367391
1986-07-12,279.350509643555
1986-07-13,275.219122568766
1986-07-14,275.867440541585
1986-07-15,276.559154510498
1986-07-16,278.055266062419
1986-07-17,278.379923502604
1986-07-18,278.581926981608
1986-07-19,278.743476867676
1986-07-20,278.962820688884
1986-07-21,279.333408355713
1986-07-22,277.436827341716
1986-07-23,276.821544647217
1986-07-24,280.465943654378
1986-07-25,283.676659901937
1986-07-26,282.907248179118
1986-07-27,277.936937967936
1986-07-28,279.312632242839
1986-07-29,282.868267059326
1986-07-30,283.020909627279
1986-07-31,282.895790100098
1986-08-01,281.980094909668
1986-08-02,280.44208017985
1986-08-03,278.571411132812
1986-08-04,278.223720550537
1986-08-05,278.628917694092
1986-08-06,277.232004801432
1986-08-07,280.1125831604
1986-08-08,280.621495564779
1986-08-09,279.908964792888
1986-08-10,281.366032918294
1986-08-11,280.078707377116
1986-08-12,280.356283823649
1986-08-13,278.309168497721
1986-08-14,278.03801091512
1986-08-15,277.608483632406
1986-08-16,278.042962392171
1986-08-17,278.443428039551
1986-08-18,279.458806355794
1986-08-19,281.685559590658
1986-08-20,282.756072998047
1986-08-21,283.550666809082
1986-08-22,283.237177530924
1986-08-23,282.362386067708
1986-08-24,281.155865987142
1986-08-25,279.574236551921
1986-08-26,277.420277913411
1986-08-27,276.442866007487
1986-08-28,277.157224019369
1986-08-29,278.758834838867
1986-08-30,279.106993357341
1986-08-31,276.709267934164
1986-09-01,278.313143412272
1986-09-02,280.504965464274
1986-09-03,281.087263743083
1986-09-04,279.361968994141
1986-09-05,281.199762980143
1986-09-06,283.343490600586
1986-09-07,284.309516906738
1986-09-08,284.235441843669
1986-09-09,280.475261688232
1986-09-10,277.025065104167
1986-09-11,280.27722676595
1986-09-12,283.364018758138
1986-09-13,282.508255004883
1986-09-14,282.53880182902
1986-09-15,283.175404866536
1986-09-16,283.065204620361
1986-09-17,281.470335642497
1986-09-18,279.861612955729
1986-09-19,280.356811523438
1986-09-20,281.579615275065
1986-09-21,282.580538431803
1986-09-22,282.057846069336
1986-09-23,281.040409088135
1986-09-24,279.499462127686
1986-09-25,281.810830434164
1986-09-26,283.748252868652
1986-09-27,285.151158650716
1986-09-28,286.489194234212
1986-09-29,284.758237202962
1986-09-30,282.746004740397
1986-10-01,284.822653452555
1986-10-02,284.774227142334
1986-10-03,285.409923553467
1986-10-04,287.049308776855
1986-10-05,287.279622395833
1986-10-06,285.000322977702
1986-10-07,283.208965301514
1986-10-08,283.368644714356
1986-10-09,284.586696624756
1986-10-10,285.27417755127
1986-10-11,285.781851450602
1986-10-12,285.611171722412
1986-10-13,285.425120035807
1986-10-14,283.695159912109
1986-10-15,283.557771046956
1986-10-16,284.756510416667
1986-10-17,285.462961832682
1986-10-18,284.903643290202
1986-10-19,283.112305959066
1986-10-20,282.7370262146
1986-10-21,284.989429473877
1986-10-22,285.017495473226
1986-10-23,284.666371663411
1986-10-24,286.09067662557
1986-10-25,287.589995066325
1986-10-26,287.901571909586
1986-10-27,286.855289459229
1986-10-28,284.24923324585
1986-10-29,283.631399790446
1986-10-30,284.953386942545
1986-10-31,284.101991017659
1986-11-01,285.754431406657
1986-11-02,286.853368123372
1986-11-03,287.335905710856
1986-11-04,284.907290140788
1986-11-05,284.164010365804
1986-11-06,285.235248565674
1986-11-07,289.886123657227
1986-11-08,289.809098561605
1986-11-09,288.118666330973
1986-11-10,286.493929545085
1986-11-11,287.803270975749
1986-11-12,287.674242655436
1986-11-13,287.477191925049
1986-11-14,284.939130147298
1986-11-15,284.757242838542
1986-11-16,283.146343231201
1986-11-17,286.0743115743
1986-11-18,286.905930836995
1986-11-19,285.259471893311
1986-11-20,283.069499969483
1986-11-21,283.317181905111
1986-11-22,284.835311889648
1986-11-23,287.249089558919
1986-11-24,287.631876627604
1986-11-25,287.025384267171
1986-11-26,286.055544535319
1986-11-27,285.299485524496
1986-11-28,286.22534942627
1986-11-29,285.913054148356
1986-11-30,283.979662577311
1986-12-01,284.206522623698
1986-12-02,282.672468821208
1986-12-03,283.794279734294
1986-12-04,284.254650115967
1986-12-05,284.01251856486
1986-12-06,285.37134552002
1986-12-07,286.170850118001
1986-12-08,284.509744008382
1986-12-09,284.748802185059
1986-12-10,285.259134928385
1986-12-11,284.221844991048
1986-12-12,286.612411499024
1986-12-13,287.923871358236
1986-12-14,289.349076588949
1986-12-15,292.295753479004
1986-12-16,290.626113891602
1986-12-17,288.338385264079
1986-12-18,290.534717559814
1986-12-19,292.582580566406
1986-12-20,291.850631713867
1986-12-21,292.313549041748
1986-12-22,290.869188944499
1986-12-23,289.700522104899
1986-12-24,289.988112131755
1986-12-25,289.414632161458
1986-12-26,288.23082224528
1986-12-27,289.438406626383
1986-12-28,288.717018127441
1986-12-29,289.567740122477
1986-12-30,290.822438557943
1986-12-31,285.965264638265
1987-01-01,283.241722106934
1987-01-02,287.290846506755
1987-01-03,288.202435811361
1987-01-04,287.073115030925
1987-01-05,287.295167287191
1987-01-06,287.700133005778
1987-01-07,289.436576843262
1987-01-08,290.585147857666
1987-01-09,291.594755808512
1987-01-10,292.788491566976
1987-01-11,293.380972544352
1987-01-12,293.609144846598
1987-01-13,293.666131337484
1987-01-14,294.709239959717
1987-01-15,294.1163965861
1987-01-16,293.792961120605
1987-01-17,291.52192179362
1987-01-18,292.483910878499
1987-01-19,292.480646769206
1987-01-20,293.230907440185
1987-01-21,291.407274881999
1987-01-22,290.523787180583
1987-01-23,290.171346028646
1987-01-24,288.097471872965
1987-01-25,286.75496673584
1987-01-26,288.563280741374
1987-01-27,288.663604736328
1987-01-28,290.536221822103
1987-01-29,293.349608103434
1987-01-30,291.251969655355
1987-01-31,292.736260732015
1987-02-01,292.877588907878
1987-02-02,294.059785207113
1987-02-03,292.802207946777
1987-02-04,292.847919464111
1987-02-05,292.02140045166
1987-02-06,289.086187998454
1987-02-07,288.199921925863
1987-02-08,287.427745819092
1987-02-09,283.97028986613
1987-02-10,286.951704661052
1987-02-11,288.892612457275
1987-02-12,291.51691309611
1987-02-13,292.445294698079
1987-02-14,288.06832631429
1987-02-15,284.682287851969
1987-02-16,285.771241505941
1987-02-17,286.53244527181
1987-02-18,286.399473826091
1987-02-19,284.505554199219
1987-02-20,286.664580027262
1987-02-21,288.856389363607
1987-02-22,291.148779551188
1987-02-23,291.590096791585
1987-02-24,290.691165924072
1987-02-25,288.341904958089
1987-02-26,288.715830485026
1987-02-27,290.928475697835
1987-02-28,288.020534515381
1987-03-01,286.968547821045
1987-03-02,289.27215830485
1987-03-03,291.053639729818
1987-03-04,288.823960622152
1987-03-05,285.785260518392
1987-03-06,283.984444936117
1987-03-07,284.37329864502
1987-03-08,286.239068349203
1987-03-09,288.360315958659
1987-03-10,290.537474314372
1987-03-11,287.280630747477
1987-03-12,287.947221120199
1987-03-13,289.162144978841
1987-03-14,289.504959106445
1987-03-15,286.994397481282
1987-03-16,283.975944519043
1987-03-17,285.035017649333
1987-03-18,284.633266448975
1987-03-19,285.158564249674
1987-03-20,285.09069442749
1987-03-21,287.043340047201
1987-03-22,286.112438201904
1987-03-23,286.831629435221
1987-03-24,289.235060373942
1987-03-25,287.683478037516
1987-03-26,283.280249277751
1987-03-27,282.203687032064
1987-03-28,284.79890314738
1987-03-29,284.471187591553
1987-03-30,288.677261352539
1987-03-31,289.784063975016
1987-04-01,289.657911936442
1987-04-02,285.596318562826
1987-04-03,286.648202260335
1987-04-04,283.568812052409
1987-04-05,282.700839996338
1987-04-06,281.329303741455
1987-04-07,283.544887542725
1987-04-08,285.522265116374
1987-04-09,288.417911529541
1987-04-10,288.512855529785
1987-04-11,284.581937154134
1987-04-12,283.468905131022
1987-04-13,286.509343465169
1987-04-14,287.432108561198
1987-04-15,288.65796661377
1987-04-16,286.278705596924
1987-04-17,284.431997934977
1987-04-18,284.582721710205
1987-04-19,284.492586771647
1987-04-20,286.017293294271
1987-04-21,288.547217051188
1987-04-22,288.175229390462
1987-04-23,285.594746907552
1987-04-24,282.391249338786
1987-04-25,280.881601969401
1987-04-26,286.020941416422
1987-04-27,287.478916168213
1987-04-28,286.765968322754
1987-04-29,287.036900838216
1987-04-30,284.241769154867
1987-05-01,282.922612508138
1987-05-02,278.563526153564
1987-05-03,278.633551279704
1987-05-04,281.928329467773
1987-05-05,285.315731048584
1987-05-06,285.783374786377
1987-05-07,282.87696202596
1987-05-08,280.266930898031
1987-05-09,281.701361338298
1987-05-10,282.85951868693
1987-05-11,279.891180674235
1987-05-12,281.481872558594
1987-05-13,282.897038777669
1987-05-14,282.483350118001
1987-05-15,281.954526265462
1987-05-16,284.339902242025
1987-05-17,285.968681335449
1987-05-18,284.688986460368
1987-05-19,284.735754648844
1987-05-20,287.254320780436
1987-05-21,286.285227457682
1987-05-22,283.654619852702
1987-05-23,280.920552571615
1987-05-24,279.345925649007
1987-05-25,281.310568491618
1987-05-26,282.928220113118
1987-05-27,281.72801844279
1987-05-28,282.812962849935
1987-05-29,285.765008290609
1987-05-30,285.130873362223
1987-05-31,283.409164428711
1987-06-01,283.414267222087
1987-06-02,283.288468678792
1987-06-03,284.675207773844
1987-06-04,284.894107818604
1987-06-05,285.704226175944
1987-06-06,280.462633768718
1987-06-07,280.114849090576
1987-06-08,279.74858601888
1987-06-09,281.114789326986
1987-06-10,281.106313069661
1987-06-11,279.661760965983
1987-06-12,280.266929626465
1987-06-13,281.644063313802
1987-06-14,282.944651285807
1987-06-15,285.108891805013
1987-06-16,281.629870096842
1987-06-17,275.917008717855
1987-06-18,278.596638997396
1987-06-19,281.519810994466
1987-06-20,280.527863820394
1987-06-21,279.202922821045
1987-06-22,278.100479125977
1987-06-23,277.101310729981
1987-06-24,278.433920542399
1987-06-25,280.878743489583
1987-06-26,281.197551727295
1987-06-27,280.066963195801
1987-06-28,279.284432729085
1987-06-29,279.549912770589
1987-06-30,281.669152577718
1987-07-01,279.317127227783
1987-07-02,277.459770202637
1987-07-03,277.524265289307
1987-07-04,277.803880055745
1987-07-05,279.598532358805
1987-07-06,279.301691691081
1987-07-07,278.141136169433
1987-07-08,281.04256439209
1987-07-09,282.436453501383
1987-07-10,279.892127990723
1987-07-11,280.395624796549
1987-07-12,282.48796081543
1987-07-13,282.987435658773
1987-07-14,281.929218292236
1987-07-15,281.97412109375
1987-07-16,281.314645131429
1987-07-17,279.819224039713
1987-07-18,280.971474965413
1987-07-19,281.399342854818
1987-07-20,279.019262949626
1987-07-21,280.434977213542
1987-07-22,280.674992879232
1987-07-23,279.297917683919
1987-07-24,278.953759511312
1987-07-25,279.793603261312
1987-07-26,279.642372131348
1987-07-27,280.201244354248
1987-07-28,280.31207148234
1987-07-29,279.422795613607
1987-07-30,278.746267954508
1987-07-31,278.173998514811
1987-08-01,280.14417775472
1987-08-02,283.930377960205
1987-08-03,283.036835988363
1987-08-04,282.126444498698
1987-08-05,283.39968363444
1987-08-06,286.509377797445
1987-08-07,283.056137084961
1987-08-08,282.109067281087
1987-08-09,282.637732187907
1987-08-10,283.37842686971
1987-08-11,282.42591603597
1987-08-12,278.228247324626
1987-08-13,278.378749847412
1987-08-14,278.82172648112
1987-08-15,279.374392191569
1987-08-16,280.431064605713
1987-08-17,281.723480224609
1987-08-18,283.786401112874
1987-08-19,282.27930577596
1987-08-20,280.671863555908
1987-08-21,282.390642801921
1987-08-22,284.675121307373
1987-08-23,285.56112798055
1987-08-24,285.489690144857
1987-08-25,284.57115427653
1987-08-26,285.223681131999
1987-08-27,284.098129272461
1987-08-28,282.890394846598
1987-08-29,281.64954884847
1987-08-30,279.808873494466
1987-08-31,280.075570424398
1987-09-01,280.868413289388
1987-09-02,282.558151245117
1987-09-03,283.563521067301
1987-09-04,281.986830393473
1987-09-05,283.309883117676
1987-09-06,280.466584523519
1987-09-07,281.519514719645
1987-09-08,280.357219696045
1987-09-09,280.253995259603
1987-09-10,281.074111938476
1987-09-11,281.779541015625
1987-09-12,283.586092631022
1987-09-13,283.327802022298
1987-09-14,282.829695383708
1987-09-15,279.910793304443
1987-09-16,281.197817484538
1987-09-17,282.36297861735
1987-09-18,283.294354756673
1987-09-19,281.564584096273
1987-09-20,281.150023142497
1987-09-21,280.780773162842
1987-09-22,284.695887247721
1987-09-23,284.746578216553
1987-09-24,283.077716827393
1987-09-25,281.934626261393
1987-09-26,282.030103047689
1987-09-27,285.06827545166
1987-09-28,285.865826924642
1987-09-29,284.985368092855
1987-09-30,285.430726369222
1987-10-01,284.712173461914
1987-10-02,283.015757242839
1987-10-03,284.095116933187
1987-10-04,284.866060892741
1987-10-05,284.603452046712
1987-10-06,286.459159851074
1987-10-07,288.811403910319
1987-10-08,288.147366841634
1987-10-09,286.78334681193
1987-10-10,284.596481323242
1987-10-11,283.325735727946
1987-10-12,284.554253896077
1987-10-13,285.080465952555
1987-10-14,284.977897644043
1987-10-15,280.738641103109
1987-10-16,280.013576507568
1987-10-17,280.73547744751
1987-10-18,282.102558135986
1987-10-19,282.421221415202
1987-10-20,283.482992808024
1987-10-21,284.149695078532
1987-10-22,283.859756469727
1987-10-23,285.33688100179
1987-10-24,286.77224222819
1987-10-25,289.230093638102
1987-10-26,288.938311258952
1987-10-27,287.927345275879
1987-10-28,286.243719736735
1987-10-29,287.76721572876
1987-10-30,287.105851491292
1987-10-31,281.651231129964
1987-11-01,284.54049428304
1987-11-02,287.470470428467
1987-11-03,283.847077687581
1987-11-04,289.489522298177
1987-11-05,288.012185414632
1987-11-06,286.922890981038
1987-11-07,287.494012196859
1987-11-08,286.67136891683
1987-11-09,285.868306477865
1987-11-10,287.407577514648
1987-11-11,287.652417500814
1987-11-12,285.875520070394
1987-11-13,288.938818613688
1987-11-14,289.627368927002
1987-11-15,286.778105417887
1987-11-16,283.094619750977
1987-11-17,283.471321105957
1987-11-18,281.802633921305
1987-11-19,281.328784942627
1987-11-20,283.408358256022
1987-11-21,287.106836954753
1987-11-22,287.600322723389
1987-11-23,287.47829691569
1987-11-24,287.532850901286
1987-11-25,288.649679819743
1987-11-26,288.680793762207
1987-11-27,289.050886789958
1987-11-28,286.476294199626
1987-11-29,287.448972066243
1987-11-30,285.357840220133
1987-12-01,284.5027440389
1987-12-02,286.744386037191
1987-12-03,290.31294631958
1987-12-04,290.058404286702
1987-12-05,289.514623006185
1987-12-06,286.8391456604
1987-12-07,285.16707611084
1987-12-08,285.349142710368
1987-12-09,286.526986440023
1987-12-10,286.842615763346
1987-12-11,284.590024312337
1987-12-12,286.754800160726
1987-12-13,286.956943511963
1987-12-14,289.452861785889
1987-12-15,289.79381942749
1987-12-16,290.980172475179
1987-12-17,290.583850860596
1987-12-18,291.139718373617
1987-12-19,290.875310262044
1987-12-20,289.596328735352
1987-12-21,286.501537322998
1987-12-22,290.233168284098
1987-12-23,288.627681732178
1987-12-24,291.464571634928
1987-12-25,289.913462320964
1987-12-26,290.069061279297
1987-12-27,285.70370610555
1987-12-28,285.387376149495
1987-12-29,289.962423960368
1987-12-30,290.256155649821
1987-12-31,287.993015289307
1988-01-01,284.271673838297
1988-01-02,284.786791483561
1988-01-03,287.509086608887
1988-01-04,287.176537831624
1988-01-05,287.047397613525
1988-01-06,289.062858581543
1988-01-07,290.297733306885
1988-01-08,290.793059031169
1988-01-09,289.549437204997
1988-01-10,284.944651285807
1988-01-11,286.575620015462
1988-01-12,290.668042500814
1988-01-13,291.944044748942
1988-01-14,294.102699279785
1988-01-15,290.01245880127
1988-01-16,288.058343251546
1988-01-17,288.987270355225
1988-01-18,290.949982961019
1988-01-19,291.197587331136
1988-01-20,292.874111175537
1988-01-21,287.720542907715
1988-01-22,284.628178914388
1988-01-23,288.948322296143
1988-01-24,290.565186818441
1988-01-25,290.907608032227
1988-01-26,291.150208791097
1988-01-27,290.469838460286
1988-01-28,291.107049306234
1988-01-29,292.152566274007
1988-01-30,290.881509145101
1988-01-31,294.005292256673
1988-02-01,293.17214457194
1988-02-02,293.146923065186
1988-02-03,293.38762029012
1988-02-04,291.815893809001
1988-02-05,288.977124532064
1988-02-06,287.135772705078
1988-02-07,291.695079803467
1988-02-08,290.897009531657
1988-02-09,290.082815806071
1988-02-10,293.371061960856
1988-02-11,294.178788503011
1988-02-12,293.508247375488
1988-02-13,294.266125996908
1988-02-14,294.276733398438
1988-02-15,293.489307403564
1988-02-16,293.138702392578
1988-02-17,292.618872324626
1988-02-18,288.304143269857
1988-02-19,285.697854359945
1988-02-20,287.250410715739
1988-02-21,288.996649424235
1988-02-22,288.142864227295
1988-02-23,288.492015838623
1988-02-24,289.913461049398
1988-02-25,288.461671193441
1988-02-26,284.474793752034
1988-02-27,287.29062906901
1988-02-28,289.513429005941
1988-02-29,290.852088928223
1988-03-01,288.930652618408
1988-03-02,287.638769785563
1988-03-03,289.864379882813
1988-03-04,291.960009256999
1988-03-05,291.254353841146
1988-03-06,290.007633209229
1988-03-07,288.928746541341
1988-03-08,286.050603230794
1988-03-09,287.201952616374
1988-03-10,289.752831776937
1988-03-11,290.805123647054
1988-03-12,291.813999176025
1988-03-13,289.937792460124
1988-03-14,288.533114115397
1988-03-15,289.216353098551
1988-03-16,288.64261118571
1988-03-17,286.893756866455
1988-03-18,284.48998260498
1988-03-19,285.498369852702
1988-03-20,282.13428624471
1988-03-21,284.258970896403
1988-03-22,284.714023590088
1988-03-23,287.017069498698
1988-03-24,287.166219075521
1988-03-25,288.222101847331
1988-03-26,286.872779846191
1988-03-27,284.010917663574
1988-03-28,288.261942545573
1988-03-29,287.188172658285
1988-03-30,284.638156890869
1988-03-31,283.938587188721
1988-04-01,286.123854319255
1988-04-02,286.45409266154
1988-04-03,286.308724721273
1988-04-04,286.538112640381
1988-04-05,284.335081736247
1988-04-06,286.710556030273
1988-04-07,287.50914255778
1988-04-08,287.283313751221
1988-04-09,288.00005086263
1988-04-10,285.064922332764
1988-04-11,281.097301483154
1988-04-12,282.377039591471
1988-04-13,282.593467712402
1988-04-14,284.452131907145
1988-04-15,286.653709411621
1988-04-16,286.170752207438
1988-04-17,286.600063323975
1988-04-18,282.436688741048
1988-04-19,281.165096282959
1988-04-20,285.134792327881
1988-04-21,284.809354146322
1988-04-22,282.444469451904
1988-04-23,281.21507136027
1988-04-24,282.643048604329
1988-04-25,282.789773305257
1988-04-26,282.233001708984
1988-04-27,283.04682413737
1988-04-28,283.562708536784
1988-04-29,283.429899851481
1988-04-30,280.084504445394
1988-05-01,277.606678009033
1988-05-02,278.406600952148
1988-05-03,280.9805615743
1988-05-04,283.761680603027
1988-05-05,285.695528666178
1988-05-06,286.533879597982
1988-05-07,283.966190338135
1988-05-08,281.377646128337
1988-05-09,283.266422271729
1988-05-10,286.838424682617
1988-05-11,287.410582224528
1988-05-12,286.362416585287
1988-05-13,282.130359649658
1988-05-14,281.248470306396
1988-05-15,285.4190381368
1988-05-16,286.070854187012
1988-05-17,281.711031595866
1988-05-18,284.850340525309
1988-05-19,286.57080968221
1988-05-20,290.445850372315
1988-05-21,283.915161132812
1988-05-22,281.81272761027
1988-05-23,281.620367685954
1988-05-24,280.271608988444
1988-05-25,277.039775848389
1988-05-26,277.971168518066
1988-05-27,280.975791931152
1988-05-28,284.434861501058
1988-05-29,284.138128916422
1988-05-30,284.382166544596
1988-05-31,281.448136647542
1988-06-01,280.975499471029
1988-06-02,278.410614013672
1988-06-03,279.087692260742
1988-06-04,279.388188680013
1988-06-05,279.939624786377
1988-06-06,281.229894002279
1988-06-07,285.525796254476
1988-06-08,287.91259765625
1988-06-09,284.60719426473
1988-06-10,282.392995198568
1988-06-11,280.746546427409
1988-06-12,281.133558909098
1988-06-13,280.597977956136
1988-06-14,276.400048573812
1988-06-15,275.509438832601
1988-06-16,276.80716196696
1988-06-17,280.50937906901
1988-06-18,283.732718149821
1988-06-19,285.145395914714
1988-06-20,281.583817799886
1988-06-21,279.73549524943
1988-06-22,281.700056711833
1988-06-23,281.486838022868
1988-06-24,282.604969024658
1988-06-25,281.669286092122
1988-06-26,282.525241851807
1988-06-27,284.853337605794
1988-06-28,284.235024770101
1988-06-29,284.524089813232
1988-06-30,282.808404286703
1988-07-01,277.314765930176
1988-07-02,277.566828409831
1988-07-03,281.343449910482
1988-07-04,281.01282119751
1988-07-05,281.788238525391
1988-07-06,280.010206858317
1988-07-07,277.767428080241
1988-07-08,275.857838948568
1988-07-09,278.178443908691
1988-07-10,280.050524393717
1988-07-11,283.456693013509
1988-07-12,284.371162414551
1988-07-13,280.123945871989
1988-07-14,280.316619873047
1988-07-15,281.131108601888
1988-07-16,281.294269561768
1988-07-17,281.335770924886
1988-07-18,282.210455576579
1988-07-19,281.661397298177
1988-07-20,280.675866444906
1988-07-21,280.30797958374
1988-07-22,280.459584554036
1988-07-23,281.642529805501
1988-07-24,284.956705729167
1988-07-25,284.556226094564
1988-07-26,283.850121815999
1988-07-27,284.468769073486
1988-07-28,282.690198262533
1988-07-29,281.15699895223
1988-07-30,283.549269358317
1988-07-31,283.692272186279
1988-08-01,282.348794301351
1988-08-02,281.164839426677
1988-08-03,278.706844329834
1988-08-04,280.182010650635
1988-08-05,280.027222951253
1988-08-06,281.59680557251
1988-08-07,282.467726389567
1988-08-08,284.113047281901
1988-08-09,283.331714630127
1988-08-10,283.887616475423
1988-08-11,282.445700327555
1988-08-12,279.393987019857
1988-08-13,277.630037943522
1988-08-14,277.92946879069
1988-08-15,281.336057027181
1988-08-16,282.420279184977
1988-08-17,283.428454081217
1988-08-18,283.418244679769
1988-08-19,282.288495381673
1988-08-20,280.720567067464
1988-08-21,281.514077504476
1988-08-22,280.828444163005
1988-08-23,282.718200683594
1988-08-24,284.634614308675
1988-08-25,281.118542989095
1988-08-26,275.757422129313
1988-08-27,277.185489654541
1988-08-28,279.54367574056
1988-08-29,282.23357518514
1988-08-30,284.67462793986
1988-08-31,283.079921722412
1988-09-01,282.114194234212
1988-09-02,280.397307078043
1988-09-03,281.636692047119
1988-09-04,283.02174504598
1988-09-05,283.165372212728
1988-09-06,281.705328623454
1988-09-07,283.303217569987
1988-09-08,282.372366587321
1988-09-09,279.056532541911
1988-09-10,280.279160817464
1988-09-11,283.932840983073
1988-09-12,285.313924153646
1988-09-13,286.848672231038
1988-09-14,288.027094523112
1988-09-15,284.209114074707
1988-09-16,285.11631266276
1988-09-17,284.52661895752
1988-09-18,285.384122212728
1988-09-19,287.905979156494
1988-09-20,290.077270507813
1988-09-21,288.055132548014
1988-09-22,286.758107503255
1988-09-23,284.627241770426
1988-09-24,283.989976247152
1988-09-25,284.819236755371
1988-09-26,286.60466003418
1988-09-27,287.437707265218
1988-09-28,288.229820251465
1988-09-29,287.16100692749
1988-09-30,286.470213572184
1988-10-01,285.289126078288
1988-10-02,284.516544342041
1988-10-03,285.355276743571
1988-10-04,285.874687194824
1988-10-05,287.230388641357
1988-10-06,287.612384796143
1988-10-07,286.799635569255
1988-10-08,284.630516052246
1988-10-09,283.401727040609
1988-10-10,285.375761667887
1988-10-11,286.167204538981
1988-10-12,287.155943552653
1988-10-13,284.725320180257
1988-10-14,285.143286387126
1988-10-15,284.043027242025
1988-10-16,285.836666107178
1988-10-17,284.215136210124
1988-10-18,284.730506896973
1988-10-19,286.586297353109
1988-10-20,283.912377675374
1988-10-21,283.197986602783
1988-10-22,280.361464182536
1988-10-23,284.732409159342
1988-10-24,289.113923390706
1988-10-25,285.430189768473
1988-10-26,286.826011657715
1988-10-27,285.735140482585
1988-10-28,287.125124613444
1988-10-29,288.111624399821
1988-10-30,290.182713826497
1988-10-31,290.701522827148
1988-11-01,287.461118062337
1988-11-02,283.738059997559
1988-11-03,285.668668111165
1988-11-04,287.485991160075
1988-11-05,288.714878082275
1988-11-06,287.803201039632
1988-11-07,283.887058258057
1988-11-08,280.024101257324
1988-11-09,285.077748616536
1988-11-10,288.706310272217
1988-11-11,289.126914978027
1988-11-12,286.877595265706
1988-11-13,281.921009063721
1988-11-14,285.088665008545
1988-11-15,288.070156097412
1988-11-16,286.606484731038
1988-11-17,286.342063903809
1988-11-18,289.20929590861
1988-11-19,289.584028879801
1988-11-20,290.355024973551
1988-11-21,286.809777577718
1988-11-22,283.927797953288
1988-11-23,287.945519765218
1988-11-24,287.749664306641
1988-11-25,286.670110066732
1988-11-26,287.697823842367
1988-11-27,290.763401031494
1988-11-28,292.810194651286
1988-11-29,290.577423095703
1988-11-30,292.05895614624
1988-12-01,290.389063517253
1988-12-02,288.493985493978
1988-12-03,288.074028015137
1988-12-04,287.937183380127
1988-12-05,287.769494374593
1988-12-06,289.188930511475
1988-12-07,290.077475229899
1988-12-08,288.374540964762
1988-12-09,287.369967142741
1988-12-10,289.912287394206
1988-12-11,290.770287831624
1988-12-12,291.116645812988
1988-12-13,290.586448669434
1988-12-14,288.012411753337
1988-12-15,287.423586527507
1988-12-16,284.42542775472
1988-12-17,286.824356079102
1988-12-18,290.582834879557
1988-12-19,289.828088124593
1988-12-20,291.066478729248
1988-12-21,291.56575012207
1988-12-22,291.572785695394
1988-12-23,289.475776672363
1988-12-24,288.983345031738
1988-12-25,287.997285207113
1988-12-26,290.626350402832
1988-12-27,291.385159810384
1988-12-28,291.645352681478
1988-12-29,293.733074188232
1988-12-30,291.617678324381
1988-12-31,291.396423339844
1989-01-01,291.127555847168
1989-01-02,289.927851359049
1989-01-03,291.84438196818
1989-01-04,293.016991933187
1989-01-05,291.861910502116
1989-01-06,290.8258005778
1989-01-07,290.927377065023
1989-01-08,291.598250071208
1989-01-09,292.841340382894
1989-01-10,292.825448354085
1989-01-11,291.397922515869
1989-01-12,291.990842183431
1989-01-13,293.290234883626
1989-01-14,291.360028584798
1989-01-15,287.44490814209
1989-01-16,286.539403279622
1989-01-17,288.986701965332
1989-01-18,290.369349161784
1989-01-19,290.261498769124
1989-01-20,293.341776529948
1989-01-21,294.458380381266
1989-01-22,292.194403330485
1989-01-23,292.779158274333
1989-01-24,291.028480529785
1989-01-25,288.666811625163
1989-01-26,290.00212987264
1989-01-27,289.060081481934
1989-01-28,288.065853118896
1989-01-29,284.430183410645
1989-01-30,286.808792114258
1989-01-31,290.777670542399
1989-02-01,291.233990987142
1989-02-02,291.738868713379
1989-02-03,292.71729405721
1989-02-04,291.448253631592
1989-02-05,290.111324310303
1989-02-06,287.209416707357
1989-02-07,288.23131942749
1989-02-08,287.771170298258
1989-02-09,286.860600789388
1989-02-10,288.151254018148
1989-02-11,291.245685577393
1989-02-12,292.716860453288
1989-02-13,290.429116566976
1989-02-14,287.990075429281
1989-02-15,287.89480082194
1989-02-16,286.137875874837
1989-02-17,288.880560557047
1989-02-18,289.608273824056
1989-02-19,288.41330464681
1989-02-20,290.840408325195
1989-02-21,291.602148691813
1989-02-22,291.784954071045
1989-02-23,291.726318359375
1989-02-24,288.409955342611
1989-02-25,284.176036834717
1989-02-26,283.166945139567
1989-02-27,286.372183481852
1989-02-28,288.973264058431
1989-03-01,288.533908843994
1989-03-02,289.216716766357
1989-03-03,289.029833475749
1989-03-04,290.349355061849
1989-03-05,290.404275258382
1989-03-06,291.565578460693
1989-03-07,291.675474802653
1989-03-08,291.080856323242
1989-03-09,291.662768046061
1989-03-10,291.510491689046
1989-03-11,290.791497548421
1989-03-12,289.002807617188
1989-03-13,293.017370859782
1989-03-14,293.511636098226
1989-03-15,291.669150034587
1989-03-16,290.594123840332
1989-03-17,287.622431437175
1989-03-18,284.462801615397
1989-03-19,289.172078450521
1989-03-20,288.846640268962
1989-03-21,285.612895965576
1989-03-22,281.712829589844
1989-03-23,286.46148554484
1989-03-24,289.310170491536
1989-03-25,290.215607961019
1989-03-26,286.517472585042
1989-03-27,286.873896280924
1989-03-28,287.926003774007
1989-03-29,290.016488393148
1989-03-30,289.828211466471
1989-03-31,285.595518747966
1989-04-01,287.39274597168
1989-04-02,287.273489634196
1989-04-03,287.538522084554
1989-04-04,285.243626912435
1989-04-05,283.517899831136
1989-04-06,285.658259073893
1989-04-07,287.258032480876
1989-04-08,289.892707824707
1989-04-09,288.207037607829
1989-04-10,284.251406351725
1989-04-11,286.027674357096
1989-04-12,282.399757385254
1989-04-13,279.335797627767
1989-04-14,284.177502950033
1989-04-15,285.76974105835
1989-04-16,287.989423116048
1989-04-17,289.949567159017
1989-04-18,290.586484273275
1989-04-19,290.382476806641
1989-04-20,285.119420369466
1989-04-21,284.5403175354
1989-04-22,286.646756490072
1989-04-23,284.825926462809
1989-04-24,285.048876444499
1989-04-25,285.600584665934
1989-04-26,285.707778930664
1989-04-27,286.479339599609
1989-04-28,285.086251576742
1989-04-29,286.247539520264
1989-04-30,287.959078470866
1989-05-01,287.780923207601
1989-05-02,288.79448445638
1989-05-03,288.511114756266
1989-05-04,289.494174957275
1989-05-05,287.662539164225
1989-05-06,286.923166910807
1989-05-07,285.967800140381
1989-05-08,286.072588602702
1989-05-09,281.300225575765
1989-05-10,279.643295288086
1989-05-11,280.424036661784
1989-05-12,281.430459340413
1989-05-13,284.467027028402
1989-05-14,286.972469329834
1989-05-15,287.635234832764
1989-05-16,285.32544708252
1989-05-17,283.883027394613
1989-05-18,284.00124613444
1989-05-19,280.424971262614
1989-05-20,281.322907765706
1989-05-21,283.708230336507
1989-05-22,284.618371327718
1989-05-23,284.291397094727
1989-05-24,282.660968780518
1989-05-25,283.554646809896
1989-05-26,282.811906178792
1989-05-27,280.943603515625
1989-05-28,278.671370188395
1989-05-29,278.108067830404
1989-05-30,277.097957611084
1989-05-31,278.988329569499
1989-06-01,279.32085164388
1989-06-02,281.569081624349
1989-06-03,282.067042032878
1989-06-04,279.468641916911
1989-06-05,279.790439605713
1989-06-06,277.493462880452
1989-06-07,280.625419616699
1989-06-08,284.495900472005
1989-06-09,286.750502268473
1989-06-10,284.034268697103
1989-06-11,285.530559539795
1989-06-12,287.790237426758
1989-06-13,283.311185201009
1989-06-14,280.347983042399
1989-06-15,283.614570617676
1989-06-16,282.519265492757
1989-06-17,278.794518788656
1989-06-18,280.203709920247
1989-06-19,283.121423085531
1989-06-20,281.382934570312
1989-06-21,278.934422810872
1989-06-22,277.585343678792
1989-06-23,279.339078267415
1989-06-24,280.204062143962
1989-06-25,282.977785746257
1989-06-26,283.064876556396
1989-06-27,277.810501098633
1989-06-28,278.471213022868
1989-06-29,279.221369425456
1989-06-30,278.5851465861
1989-07-01,277.245693206787
1989-07-02,277.202910105387
1989-07-03,277.924602508545
1989-07-04,277.798772176107
1989-07-05,279.003692626953
1989-07-06,281.014826456706
1989-07-07,283.666474660238
1989-07-08,280.903394063314
1989-07-09,279.910710652669
1989-07-10,280.464435577392
1989-07-11,282.942596435547
1989-07-12,283.173599243164
1989-07-13,281.43637975057
1989-07-14,281.61177444458
1989-07-15,280.625002543131
1989-07-16,280.165908813477
1989-07-17,279.593903859456
1989-07-18,281.623124440511
1989-07-19,279.424177805583
1989-07-20,277.221795399984
1989-07-21,277.10684076945
1989-07-22,276.934485117594
1989-07-23,276.312437693278
1989-07-24,275.718130747477
1989-07-25,275.761466979981
1989-07-26,276.894681294759
1989-07-27,278.156014760335
1989-07-28,276.921387990316
1989-07-29,277.297289530436
1989-07-30,277.745970408122
1989-07-31,278.145393371582
1989-08-01,278.853177388509
1989-08-02,281.032150268555
1989-08-03,282.758945465088
1989-08-04,283.454137166341
1989-08-05,282.156194051107
1989-08-06,280.42059580485
1989-08-07,281.126667022705
1989-08-08,280.927087148031
1989-08-09,281.35292561849
1989-08-10,282.892803192139
1989-08-11,280.630897521973
1989-08-12,279.580070495605
1989-08-13,279.287251790365
1989-08-14,278.132010142008
1989-08-15,277.48752339681
1989-08-16,278.287144978841
1989-08-17,278.780609130859
1989-08-18,277.696114857992
1989-08-19,277.697813669841
1989-08-20,278.073802947998
1989-08-21,278.407885233561
1989-08-22,280.557847340902
1989-08-23,282.36664835612
1989-08-24,283.001209259033
1989-08-25,284.915334065755
1989-08-26,285.584175109863
1989-08-27,283.580507914225
1989-08-28,283.298000335693
1989-08-29,284.451375325521
1989-08-30,284.394376118978
1989-08-31,282.320128122965
1989-09-01,279.134564717611
1989-09-02,276.273818969727
1989-09-03,277.163196563721
1989-09-04,280.355851491292
1989-09-05,279.800622304281
1989-09-06,281.269559224447
1989-09-07,282.684144337972
1989-09-08,282.80469640096
1989-09-09,284.25061416626
1989-09-10,284.730656941732
1989-09-11,284.300684611003
1989-09-12,284.580853780111
1989-09-13,284.298446655273
1989-09-14,284.421421051025
1989-09-15,284.280061086019
1989-09-16,284.318277994792
1989-09-17,284.272973378499
1989-09-18,284.291501363119
1989-09-19,285.212370554606
1989-09-20,283.241121927897
1989-09-21,283.538110097249
1989-09-22,282.751194000244
1989-09-23,278.913752237956
1989-09-24,279.907774607341
1989-09-25,282.245519002279
1989-09-26,284.919607798258
1989-09-27,286.825871785482
1989-09-28,288.337591807048
1989-09-29,289.019512176514
1989-09-30,287.32701365153
1989-10-01,287.022103627523
1989-10-02,286.383589426676
1989-10-03,287.419623057048
1989-10-04,287.349403381348
1989-10-05,283.992380777995
1989-10-06,280.819199879964
1989-10-07,281.987410227458
1989-10-08,283.557178497314
1989-10-09,285.645189921061
1989-10-10,285.909283955892
1989-10-11,285.809440612793
1989-10-12,287.108436584473
1989-10-13,285.735172271729
1989-10-14,286.298586527506
1989-10-15,286.408782958984
1989-10-16,284.803774515788
1989-10-17,281.699988047282
1989-10-18,283.785588582357
1989-10-19,279.522505442301
1989-10-20,280.34454981486
1989-10-21,285.37110265096
1989-10-22,288.309070587158
1989-10-23,287.064078013102
1989-10-24,285.309377034505
1989-10-25,284.988250732422
1989-10-26,285.958254496257
1989-10-27,285.739187876383
1989-10-28,286.813716888428
1989-10-29,287.577903747559
1989-10-30,289.171797434489
1989-10-31,288.636857350667
1989-11-01,288.481595357259
1989-11-02,288.26313273112
1989-11-03,286.343859354655
1989-11-04,286.199278513591
1989-11-05,285.882911682129
1989-11-06,287.738257090251
1989-11-07,288.501514434814
1989-11-08,289.26607131958
1989-11-09,289.495154062907
1989-11-10,291.192418416341
1989-11-11,286.819862365723
1989-11-12,284.158863067627
1989-11-13,287.248570760091
1989-11-14,289.211413065592
1989-11-15,289.348395029704
1989-11-16,288.596167246501
1989-11-17,288.985154469808
1989-11-18,288.355276743571
1989-11-19,288.535751342773
1989-11-20,287.330252329509
1989-11-21,284.055109659831
1989-11-22,283.350963592529
1989-11-23,285.777221679687
1989-11-24,289.011063893636
1989-11-25,290.44782892863
1989-11-26,289.221603393555
1989-11-27,288.283561706543
1989-11-28,285.586390177409
1989-11-29,281.61382039388
1989-11-30,283.541146596273
1989-12-01,286.456184387207
1989-12-02,289.830266316732
1989-12-03,290.801956176758
1989-12-04,290.302758534749
1989-12-05,289.09888458252
1989-12-06,284.762886047363
1989-12-07,284.698622385661
1989-12-08,284.40976079305
1989-12-09,283.40948232015
1989-12-10,284.217402140299
1989-12-11,286.461554209391
1989-12-12,287.105299631755
1989-12-13,289.856128692627
1989-12-14,290.348387400309
1989-12-15,292.556652069092
1989-12-16,292.209664662679
1989-12-17,288.910428365072
1989-12-18,284.872010548909
1989-12-19,281.80886332194
1989-12-20,284.045447031657
1989-12-21,286.184280395508
1989-12-22,289.820269266764
1989-12-23,288.738273620605
1989-12-24,285.406000773112
1989-12-25,285.485406239828
1989-12-26,287.695702870687
1989-12-27,288.949975331624
1989-12-28,291.032431284587
1989-12-29,291.97080485026
1989-12-30,288.709671020508
1989-12-31,289.115334828695
1990-01-01,288.265589396159
1990-01-02,289.628955841064
1990-01-03,290.901583353678
1990-01-04,290.329738616943
1990-01-05,290.714393615723
1990-01-06,286.544034322103
1990-01-07,284.817105611165
1990-01-08,286.432854970296
1990-01-09,288.407828013102
1990-01-10,287.848505655925
1990-01-11,286.328055063883
1990-01-12,289.840412139893
1990-01-13,291.656364440918
1990-01-14,292.107302347819
1990-01-15,291.221576690674
1990-01-16,291.126131693522
1990-01-17,290.879906972249
1990-01-18,293.295211791992
1990-01-19,286.868445078532
1990-01-20,289.854657491048
1990-01-21,292.440123240153
1990-01-22,291.5105565389
1990-01-23,291.756125132243
1990-01-24,288.292364756266
1990-01-25,286.411757151286
1990-01-26,291.987884521484
1990-01-27,293.507633209228
1990-01-28,291.242207845052
1990-01-29,293.783644358317
1990-01-30,294.884958902995
1990-01-31,287.72207514445
1990-02-01,289.936686197917
1990-02-02,291.667711893717
1990-02-03,292.736087799072
1990-02-04,292.923601786296
1990-02-05,294.240492502848
1990-02-06,294.113544464111
1990-02-07,295.924591064453
1990-02-08,292.92268371582
1990-02-09,288.765497843424
1990-02-10,289.092727661133
1990-02-11,291.539918263753
1990-02-12,292.206011454264
1990-02-13,290.663880666097
1990-02-14,288.699775695801
1990-02-15,292.087237040202
1990-02-16,293.361311594645
1990-02-17,293.532932281494
1990-02-18,293.282105763753
1990-02-19,293.195083618164
1990-02-20,292.643337249756
1990-02-21,291.802867889404
1990-02-22,290.333311716715
1990-02-23,292.06142171224
1990-02-24,293.883211771647
1990-02-25,292.617509206136
1990-02-26,291.761940002441
1990-02-27,287.266231536865
1990-02-28,284.099521636963
1990-03-01,288.783011118571
1990-03-02,289.340887705485
1990-03-03,289.801010131836
1990-03-04,291.157127380371
1990-03-05,291.096625010172
1990-03-06,291.108535766602
1990-03-07,292.248124440511
1990-03-08,293.173688252767
1990-03-09,293.984477996826
1990-03-10,292.383611043294
1990-03-11,293.585333506266
1990-03-12,295.054499308268
1990-03-13,295.237074534098
1990-03-14,291.121045430501
1990-03-15,287.088278452555
1990-03-16,288.268625895182
1990-03-17,290.948881785075
1990-03-18,287.898034413656
1990-03-19,290.50626373291
1990-03-20,291.97905476888
1990-03-21,288.682390848796
1990-03-22,287.477823893229
1990-03-23,285.499144236247
1990-03-24,282.388548533122
1990-03-25,284.221722920736
1990-03-26,285.866877237956
1990-03-27,283.665938059489
1990-03-28,287.471925099691
1990-03-29,290.416558583578
1990-03-30,290.685357411702
1990-03-31,288.536062876383
1990-04-01,286.33718363444
1990-04-02,288.686898549398
1990-04-03,289.333065032959
1990-04-04,285.837041219076
1990-04-05,281.326358795166
1990-04-06,284.77645111084
1990-04-07,284.579207102458
1990-04-08,286.776560465495
1990-04-09,286.0519434611
1990-04-10,284.375170389811
1990-04-11,284.903222401937
1990-04-12,285.369162241618
1990-04-13,286.910480499268
1990-04-14,287.871637980143
1990-04-15,288.060625712077
1990-04-16,290.248149871826
1990-04-17,289.245857238769
1990-04-18,289.308892567952
1990-04-19,281.62307993571
1990-04-20,283.874855041504
1990-04-21,286.956208546956
1990-04-22,281.732771555583
1990-04-23,279.385089874268
1990-04-24,283.03822072347
1990-04-25,287.497923533122
1990-04-26,288.894055684407
1990-04-27,288.912481943766
1990-04-28,289.367174784343
1990-04-29,288.143133799235
1990-04-30,287.355683644613
1990-05-01,287.347742716471
1990-05-02,286.110502878825
1990-05-03,286.411691029867
1990-05-04,285.477432250977
1990-05-05,282.269111633301
1990-05-06,282.426741282145
1990-05-07,287.369077046712
1990-05-08,286.248847961426
1990-05-09,281.481384277344
1990-05-10,279.760074615479
1990-05-11,282.104920705159
1990-05-12,283.939331054687
1990-05-13,282.153596242269
1990-05-14,282.929040273031
1990-05-15,283.448300679525
1990-05-16,281.831578572591
1990-05-17,280.586494445801
1990-05-18,281.328741709391
1990-05-19,281.926349639893
1990-05-20,282.883589426676
1990-05-21,282.675868988037
1990-05-22,282.073754628499
1990-05-23,285.723428090413
1990-05-24,287.040568033854
1990-05-25,287.74308904012
1990-05-26,287.489976247152
1990-05-27,283.847359975179
1990-05-28,282.876480102539
1990-05-29,283.65550104777
1990-05-30,284.442854563395
1990-05-31,282.594607035319
1990-06-01,282.119190216065
1990-06-02,282.796694437663
1990-06-03,284.161820729574
1990-06-04,284.731850941976
1990-06-05,282.684530893962
1990-06-06,281.879243214925
1990-06-07,278.401646931966
1990-06-08,277.847933451335
1990-06-09,276.774798075358
1990-06-10,279.232626597087
1990-06-11,279.349774678548
1990-06-12,280.587135314942
1990-06-13,280.276152292888
1990-06-14,279.119611104329
1990-06-15,279.231302897135
1990-06-16,280.674976348877
1990-06-17,282.11216100057
1990-06-18,281.663373311361
1990-06-19,283.085547129313
1990-06-20,281.088057200114
1990-06-21,280.129484812419
1990-06-22,280.949335734049
1990-06-23,281.065853118896
1990-06-24,280.355514526367
1990-06-25,280.758700052897
1990-06-26,281.340810139974
1990-06-27,283.29953511556
1990-06-28,282.049390157064
1990-06-29,281.461991628011
1990-06-30,282.318237304687
1990-07-01,282.10807800293
1990-07-02,280.477797190348
1990-07-03,279.713422139486
1990-07-04,279.678690592448
1990-07-05,279.670392354329
1990-07-06,280.179252624512
1990-07-07,281.678773244222
1990-07-08,281.462350209554
1990-07-09,283.31534576416
1990-07-10,282.694774627686
1990-07-11,278.883860270182
1990-07-12,277.482135772705
1990-07-13,280.153944651286
1990-07-14,277.970637003581
1990-07-15,279.769231160482
1990-07-16,281.184675852458
1990-07-17,281.093355814616
1990-07-18,278.774283091227
1990-07-19,278.226468404134
1990-07-20,277.405311584473
1990-07-21,278.66056950887
1990-07-22,282.862527211507
1990-07-23,285.046716054281
1990-07-24,282.331433614095
1990-07-25,282.067752838135
1990-07-26,282.575691223144
1990-07-27,283.337875366211
1990-07-28,282.539976755778
1990-07-29,281.928281148275
1990-07-30,281.166114807129
1990-07-31,279.791474660238
1990-08-01,279.116205851237
1990-08-02,279.355080922445
1990-08-03,280.016015370687
1990-08-04,279.633527119954
1990-08-05,281.220904032389
1990-08-06,285.492703755697
1990-08-07,286.114213307698
1990-08-08,283.852823893229
1990-08-09,280.280339558919
1990-08-10,280.381156921387
1990-08-11,282.250596364339
1990-08-12,282.011459350586
1990-08-13,284.538515726725
1990-08-14,283.383967081706
1990-08-15,282.794092814128
1990-08-16,282.250310262044
1990-08-17,281.932605743408
1990-08-18,280.669321695963
1990-08-19,281.424680074056
1990-08-20,280.346785227458
1990-08-21,280.216654459635
1990-08-22,280.878124237061
1990-08-23,282.543952941894
1990-08-24,281.287855784098
1990-08-25,283.831681569417
1990-08-26,282.943598429362
1990-08-27,280.846557617188
1990-08-28,280.726940155029
1990-08-29,279.799101511637
1990-08-30,278.720105489095
1990-08-31,279.225694020589
1990-09-01,280.63284556071
1990-09-02,280.807776133219
1990-09-03,282.753725687663
1990-09-04,283.993691762288
1990-09-05,283.789398193359
1990-09-06,282.658256530762
1990-09-07,280.653238932292
1990-09-08,278.767547607422
1990-09-09,280.246088663737
1990-09-10,278.494129180908
1990-09-11,278.642138163249
1990-09-12,278.537045796712
1990-09-13,281.474867502848
1990-09-14,283.231371561686
1990-09-15,283.610338846843
1990-09-16,283.390669504802
1990-09-17,282.088146209717
1990-09-18,281.272719065348
1990-09-19,279.285491943359
1990-09-20,280.582644144694
1990-09-21,282.199712117513
1990-09-22,282.679195404053
1990-09-23,283.843502044678
1990-09-24,284.017603556315
1990-09-25,283.316298166911
1990-09-26,282.202590942383
1990-09-27,282.287914276123
1990-09-28,283.760012308757
1990-09-29,283.440844217936
1990-09-30,279.859258015951
1990-10-01,278.120793660482
1990-10-02,279.325901031494
1990-10-03,282.747812906901
1990-10-04,283.974380493164
1990-10-05,285.446177164714
1990-10-06,285.747998555501
1990-10-07,283.846397399902
1990-10-08,280.055391947428
1990-10-09,283.13858795166
1990-10-10,284.729736328125
1990-10-11,286.019181569417
1990-10-12,287.065727233887
1990-10-13,286.078168233236
1990-10-14,287.282262166341
1990-10-15,289.206659952799
1990-10-16,285.957263946533
1990-10-17,282.299102783203
1990-10-18,281.74605178833
1990-10-19,285.659845987956
1990-10-20,285.92945988973
1990-10-21,287.565149943034
1990-10-22,287.822472890218
1990-10-23,286.911506652832
1990-10-24,286.069694519043
1990-10-25,287.414271036784
1990-10-26,287.941020965576
1990-10-27,288.047930399577
1990-10-28,285.410059611003
1990-10-29,280.488657633464
1990-10-30,286.153786977132
1990-10-31,287.528809865316
1990-11-01,283.797505696615
1990-11-02,282.902782440185
1990-11-03,286.099450429281
1990-11-04,287.328671773275
1990-11-05,287.565836588542
1990-11-06,284.702718098958
1990-11-07,281.58008702596
1990-11-08,284.723046620687
1990-11-09,287.978135426839
1990-11-10,287.09263865153
1990-11-11,288.234486897787
1990-11-12,289.931550343831
1990-11-13,287.410499572754
1990-11-14,285.550457000732
1990-11-15,287.940830230713
1990-11-16,288.598078409831
1990-11-17,287.998755137126
1990-11-18,287.570645650228
1990-11-19,288.806162516276
1990-11-20,286.149915059408
1990-11-21,283.982421875
1990-11-22,285.38664372762
1990-11-23,286.42281850179
1990-11-24,286.372355143229
1990-11-25,288.617163340251
1990-11-26,288.951763153076
1990-11-27,287.096745808919
1990-11-28,286.385083516439
1990-11-29,286.534880320231
1990-11-30,287.389631907145
1990-12-01,287.308091481527
1990-12-02,289.034924825033
1990-12-03,289.343018849691
1990-12-04,287.555035909017
1990-12-05,285.349650065104
1990-12-06,283.523751576742
1990-12-07,287.993929545085
1990-12-08,290.425038655599
1990-12-09,292.24006652832
1990-12-10,292.620752970378
1990-12-11,291.919923146566
1990-12-12,291.36642074585
1990-12-13,292.146750132243
1990-12-14,290.395553588867
1990-12-15,291.40625
1990-12-16,290.860234578451
1990-12-17,287.681006113688
1990-12-18,286.240036010742
1990-12-19,287.9724706014
1990-12-20,288.704889933268
1990-12-21,286.844038645427
1990-12-22,285.380814870198
1990-12-23,286.35896174113
1990-12-24,288.759788513184
1990-12-25,289.671778361003
1990-12-26,287.782661437988
1990-12-27,289.491305033366
1990-12-28,290.012336730957
1990-12-29,288.72278213501
1990-12-30,289.773728688558
1990-12-31,287.145464579264
1991-01-01,284.529535929362
1991-01-02,287.751135508219
1991-01-03,283.844607035319
1991-01-04,286.559975941976
1991-01-05,289.447261810303
1991-01-06,293.325876871745
1991-01-07,292.15703201294
1991-01-08,291.928338368734
1991-01-09,287.479788462321
1991-01-10,283.265265146891
1991-01-11,284.14438756307
1991-01-12,287.053843180339
1991-01-13,289.370595296224
1991-01-14,288.858713785807
1991-01-15,292.488620758057
1991-01-16,291.906195322672
1991-01-17,288.791172027588
1991-01-18,287.941328684489
1991-01-19,289.974356333415
1991-01-20,288.604351043701
1991-01-21,289.861977895101
1991-01-22,291.228022257487
1991-01-23,292.637718200684
1991-01-24,294.220650990804
1991-01-25,292.332102457682
1991-01-26,289.609516143799
1991-01-27,289.323867797851
1991-01-28,293.706893920898
1991-01-29,294.293722788493
1991-01-30,292.411814371745
1991-01-31,291.593030293782
1991-02-01,289.535130818685
1991-02-02,288.771082560221
1991-02-03,285.909880320231
1991-02-04,288.534154256185
1991-02-05,289.745714823405
1991-02-06,291.265303293864
1991-02-07,292.176231384277
1991-02-08,290.923577626546
1991-02-09,291.732270558675
1991-02-10,294.076285044352
1991-02-11,292.531737009684
1991-02-12,291.497992197672
1991-02-13,293.355710347493
1991-02-14,293.197962443034
1991-02-15,293.66833114624
1991-02-16,294.838494618734
1991-02-17,293.202706654866
1991-02-18,289.715343475342
1991-02-19,289.559057871501
1991-02-20,287.35994720459
1991-02-21,286.144640604655
1991-02-22,286.281403859456
1991-02-23,288.75190226237
1991-02-24,287.918159484863
1991-02-25,287.916080474854
1991-02-26,283.583939870199
1991-02-27,287.680981953939
1991-02-28,285.56579208374
1991-03-01,286.062503814697
1991-03-02,286.994951883952
1991-03-03,289.989363352458
1991-03-04,288.76535542806
1991-03-05,288.776261647542
1991-03-06,288.815938313802
1991-03-07,285.877194722494
1991-03-08,285.675188700358
1991-03-09,286.189085642497
1991-03-10,286.661641438802
1991-03-11,286.46488571167
1991-03-12,286.787508646647
1991-03-13,288.222637176514
1991-03-14,288.033073425293
1991-03-15,289.408266703288
1991-03-16,288.119057973226
1991-03-17,286.93143081665
1991-03-18,288.278938293457
1991-03-19,288.443177541097
1991-03-20,287.697161356608
1991-03-21,285.987294514974
1991-03-22,287.719678243001
1991-03-23,288.717961629232
1991-03-24,289.335837046305
1991-03-25,288.152990976969
1991-03-26,288.239987691244
1991-03-27,289.020482381185
1991-03-28,289.355397542318
1991-03-29,289.670031229655
1991-03-30,286.984020233154
1991-03-31,285.785655975342
1991-04-01,285.881614685058
1991-04-02,288.18287785848
1991-04-03,290.165660858154
1991-04-04,290.338943481445
1991-04-05,288.644629160563
1991-04-06,287.601196289062
1991-04-07,285.952607472738
1991-04-08,286.787811279297
1991-04-09,282.813643137614
1991-04-10,281.92328008016
1991-04-11,282.617399851481
1991-04-12,281.587172190348
1991-04-13,283.774355570475
1991-04-14,282.72047551473
1991-04-15,285.507628122965
1991-04-16,287.870906829834
1991-04-17,287.615088144938
1991-04-18,288.578285217285
1991-04-19,287.543179829915
1991-04-20,283.775386810303
1991-04-21,281.902945200602
1991-04-22,279.780415852865
1991-04-23,282.358777364095
1991-04-24,284.210168202718
1991-04-25,283.113581339518
1991-04-26,284.46177927653
1991-04-27,284.358273824056
1991-04-28,284.758467356364
1991-04-29,282.440630594889
1991-04-30,283.868654886882
1991-05-01,283.422746022542
1991-05-02,283.370955149333
1991-05-03,283.471467336019
1991-05-04,284.213191986084
1991-05-05,282.637460072835
1991-05-06,283.600035349528
1991-05-07,282.339522043864
1991-05-08,283.263693491618
1991-05-09,283.995489756266
1991-05-10,284.847286224365
1991-05-11,285.272247314453
1991-05-12,282.082581837972
1991-05-13,282.879572550456
1991-05-14,283.351787567139
1991-05-15,280.751509348551
1991-05-16,284.194718678792
1991-05-17,284.669302622477
1991-05-18,283.134051005045
1991-05-19,280.782020568848
1991-05-20,283.768110911052
1991-05-21,284.01850382487
1991-05-22,283.553632100423
1991-05-23,284.11917368571
1991-05-24,282.301264444987
1991-05-25,280.642177581787
1991-05-26,281.020347595215
1991-05-27,282.161153157552
1991-05-28,283.473433176677
1991-05-29,283.932666778564
1991-05-30,281.734155019124
1991-05-31,282.426204681397
1991-06-01,284.113258361816
1991-06-02,281.815813700358
1991-06-03,278.525522867839
1991-06-04,279.566818237305
1991-06-05,283.951109568278
1991-06-06,286.370235443115
1991-06-07,281.736048380534
1991-06-08,279.916226704915
1991-06-09,279.473901112874
1991-06-10,278.414764404297
1991-06-11,278.281520843506
1991-06-12,279.694544474284
1991-06-13,280.93240737915
1991-06-14,279.476523081462
1991-06-15,278.716607411702
1991-06-16,279.02965037028
1991-06-17,281.15790049235
1991-06-18,283.318264007568
1991-06-19,282.59088007609
1991-06-20,280.438915252686
1991-06-21,277.00411605835
1991-06-22,277.039927164713
1991-06-23,280.272967020671
1991-06-24,280.016240437825
1991-06-25,280.719023386637
1991-06-26,279.959935506185
1991-06-27,277.611793518066
1991-06-28,278.287188212077
1991-06-29,278.472342173258
1991-06-30,277.587852478027
1991-07-01,278.031739552816
1991-07-02,279.157594045003
1991-07-03,277.815054575602
1991-07-04,278.173095703125
1991-07-05,276.701321919759
1991-07-06,277.452011108398
1991-07-07,276.958583831787
1991-07-08,277.850395202637
1991-07-09,280.582820892334
1991-07-10,278.862058003743
1991-07-11,276.712020874023
1991-07-12,278.89985148112
1991-07-13,278.596054077149
1991-07-14,279.595765431722
1991-07-15,278.236099243164
1991-07-16,276.697963714599
1991-07-17,279.101702372233
1991-07-18,282.579325358073
1991-07-19,282.867788950602
1991-07-20,282.962298075358
1991-07-21,282.818318684896
1991-07-22,282.655011494954
1991-07-23,283.387860616048
1991-07-24,281.721993764242
1991-07-25,280.570133209229
1991-07-26,279.821273803711
1991-07-27,279.013384501139
1991-07-28,279.854876200358
1991-07-29,280.576440175374
1991-07-30,281.86733118693
1991-07-31,283.661326090495
1991-08-01,283.722474416097
1991-08-02,281.177293141683
1991-08-03,279.091526031494
1991-08-04,278.792104085286
1991-08-05,279.359923044841
1991-08-06,282.665135701497
1991-08-07,286.473191579183
1991-08-08,284.974132537842
1991-08-09,285.401114145915
1991-08-10,283.56943766276
1991-08-11,280.010411580404
1991-08-12,280.069502512614
1991-08-13,283.507078806559
1991-08-14,284.919086456299
1991-08-15,284.911529541016
1991-08-16,283.733397165934
1991-08-17,285.35497156779
1991-08-18,279.829053243001
1991-08-19,276.827011108398
1991-08-20,278.27708307902
1991-08-21,280.112332661947
1991-08-22,280.689614613851
1991-08-23,282.12051264445
1991-08-24,282.367420196533
1991-08-25,282.169993082682
1991-08-26,285.124139149984
1991-08-27,283.216716766357
1991-08-28,283.939851125081
1991-08-29,283.563975016276
1991-08-30,283.438888549805
1991-08-31,284.038735707601
1991-09-01,283.969014485677
1991-09-02,285.383202870687
1991-09-03,285.265332539876
1991-09-04,282.588481903076
1991-09-05,281.474834442139
1991-09-06,280.674453735352
1991-09-07,280.664571126302
1991-09-08,280.655165354411
1991-09-09,281.783139546712
1991-09-10,283.326245625814
1991-09-11,283.150969187419
1991-09-12,282.811389923096
1991-09-13,282.975916544596
1991-09-14,285.445948282878
1991-09-15,285.590356190999
1991-09-16,285.287391662598
1991-09-17,283.043821970622
1991-09-18,282.771408081055
1991-09-19,284.351991017659
1991-09-20,285.922379811605
1991-09-21,284.566240946452
1991-09-22,284.120250701904
1991-09-23,284.064380645752
1991-09-24,283.344168345133
1991-09-25,281.382528940837
1991-09-26,282.618249257406
1991-09-27,283.729174296061
1991-09-28,282.754002888997
1991-09-29,282.714740753174
1991-09-30,283.583869934082
1991-10-01,283.185084025065
1991-10-02,281.615445454915
1991-10-03,281.877667744954
1991-10-04,280.106947580973
1991-10-05,281.284334818522
1991-10-06,279.790079752604
1991-10-07,283.050094604492
1991-10-08,285.708937327067
1991-10-09,287.085175832112
1991-10-10,286.072174072266
1991-10-11,281.639027913411
1991-10-12,282.071721394857
1991-10-13,282.542672475179
1991-10-14,282.802726745606
1991-10-15,282.808109283447
1991-10-16,285.237174987793
1991-10-17,286.449457804362
1991-10-18,286.337763468425
1991-10-19,284.04537709554
1991-10-20,285.197950998942
1991-10-21,284.885300954183
1991-10-22,284.928270975749
1991-10-23,285.984930674235
1991-10-24,286.510518391927
1991-10-25,280.670783996582
1991-10-26,282.90869140625
1991-10-27,286.297901153564
1991-10-28,287.964682261149
1991-10-29,284.961743672689
1991-10-30,281.483381907145
1991-10-31,283.186227162679
1991-11-01,283.906930287679
1991-11-02,284.937548319499
1991-11-03,284.103618621826
1991-11-04,282.871063232422
1991-11-05,282.691778818766
1991-11-06,284.170843760172
1991-11-07,285.557168324788
1991-11-08,283.006704966227
1991-11-09,286.086096445719
1991-11-10,284.339642842611
1991-11-11,283.874661763509
1991-11-12,283.178910573324
1991-11-13,283.722873687744
1991-11-14,283.751419067383
1991-11-15,281.359418233236
1991-11-16,281.100017547607
1991-11-17,283.295084635417
1991-11-18,285.906934102376
1991-11-19,287.169344584147
1991-11-20,285.395881652832
1991-11-21,286.696806589762
1991-11-22,285.438351949056
1991-11-23,285.653086344401
1991-11-24,283.556269327799
1991-11-25,283.925956726074
1991-11-26,284.380500793457
1991-11-27,282.167391459147
1991-11-28,285.017607371012
1991-11-29,285.026649475098
1991-11-30,281.005714416504
1991-12-01,286.16029993693
1991-12-02,287.381106058756
1991-12-03,283.587093353272
1991-12-04,282.815505981445
1991-12-05,285.470157623291
1991-12-06,285.85209274292
1991-12-07,285.755071004232
1991-12-08,286.531332651774
1991-12-09,286.410369873047
1991-12-10,285.504230499268
1991-12-11,285.56388092041
1991-12-12,287.560455322266
1991-12-13,286.560493469238
1991-12-14,283.442895253499
1991-12-15,285.675243377686
1991-12-16,283.544415791829
1991-12-17,282.407707214355
1991-12-18,283.577424367269
1991-12-19,287.657653808594
1991-12-20,288.983154296875
1991-12-21,290.807219187419
1991-12-22,291.03913752238
1991-12-23,291.386015574137
1991-12-24,288.714542388916
1991-12-25,291.315879821777
1991-12-26,290.751089731852
1991-12-27,292.615337371826
1991-12-28,292.695844014486
1991-12-29,291.603107452393
1991-12-30,291.116338094076
1991-12-31,289.800069173177
1992-01-01,287.375526428223
1992-01-02,282.997943878174
1992-01-03,282.315832773844
1992-01-04,282.941291809082
1992-01-05,287.66480255127
1992-01-06,289.841812133789
1992-01-07,290.922356923421
1992-01-08,291.367706298828
1992-01-09,290.215513865153
1992-01-10,288.713934580485
1992-01-11,291.483280181885
1992-01-12,291.561365763346
1992-01-13,291.806732177734
1992-01-14,293.304827372233
1992-01-15,292.165837605794
1992-01-16,289.569492340088
1992-01-17,290.893920898437
1992-01-18,290.763250986735
1992-01-19,289.141265869141
1992-01-20,285.675519307454
1992-01-21,284.368288675944
1992-01-22,288.117524464925
1992-01-23,288.427061716715
1992-01-24,291.581741333008
1992-01-25,291.103965759277
1992-01-26,292.383888244629
1992-01-27,290.190629323324
1992-01-28,289.724436442057
1992-01-29,290.465962727865
1992-01-30,290.609169006348
1992-01-31,288.862719217936
1992-02-01,290.710572560628
1992-02-02,289.907239278157
1992-02-03,288.175404866536
1992-02-04,289.232482910156
1992-02-05,289.858618418376
1992-02-06,289.615287780762
1992-02-07,287.403638203939
1992-02-08,287.599085489909
1992-02-09,290.076251983643
1992-02-10,288.801867167155
1992-02-11,287.033486684163
1992-02-12,285.935484568278
1992-02-13,289.410045623779
1992-02-14,292.465023040771
1992-02-15,292.564993540446
1992-02-16,287.33776473999
1992-02-17,285.816163380941
1992-02-18,289.35683186849
1992-02-19,289.352350870768
1992-02-20,289.366021474202
1992-02-21,289.414984385173
1992-02-22,287.158410390218
1992-02-23,288.24041112264
1992-02-24,290.540087381999
1992-02-25,291.155670166016
1992-02-26,287.298041025798
1992-02-27,288.749847412109
1992-02-28,288.87856165568
1992-02-29,282.426738739014
1992-03-01,280.977171579997
1992-03-02,284.001383463542
1992-03-03,285.738293965658
1992-03-04,281.417910257975
1992-03-05,286.085728963216
1992-03-06,288.959992726644
1992-03-07,290.241287231445
1992-03-08,290.307914733887
1992-03-09,291.461822509766
1992-03-10,288.503742218018
1992-03-11,287.220437367757
1992-03-12,289.154041290283
1992-03-13,283.772449493408
1992-03-14,282.053246815999
1992-03-15,285.470436096191
1992-03-16,287.167897542318
1992-03-17,288.014752705892
1992-03-18,285.765249888102
1992-03-19,286.230103810628
1992-03-20,286.262097676595
1992-03-21,286.590794881185
1992-03-22,286.356332143148
1992-03-23,281.670207977295
1992-03-24,280.554458618164
1992-03-25,283.405227661133
1992-03-26,283.597873687744
1992-03-27,285.069113413493
1992-03-28,285.659671783447
1992-03-29,287.429845174154
1992-03-30,288.426886240641
1992-03-31,286.008317311605
1992-04-01,286.411371866862
1992-04-02,287.026416778565
1992-04-03,281.025133768717
1992-04-04,279.347443898519
1992-04-05,281.612810770671
1992-04-06,281.427706400553
1992-04-07,281.238286336263
1992-04-08,284.913459777832
1992-04-09,286.500638326009
1992-04-10,287.075585683187
1992-04-11,284.799268086751
1992-04-12,283.681325276693
1992-04-13,282.723491668701
1992-04-14,282.390585581462
1992-04-15,282.347872416178
1992-04-16,282.010276794434
1992-04-17,282.464570363363
1992-04-18,282.921769460042
1992-04-19,284.744988759359
1992-04-20,281.872745513916
1992-04-21,280.177988688151
1992-04-22,280.488428751628
1992-04-23,278.309731801351
1992-04-24,280.876284281413
1992-04-25,282.007578531901
1992-04-26,283.99827448527
1992-04-27,285.943456013997
1992-04-28,281.117336273193
1992-04-29,282.773314158122
1992-04-30,280.49726486206
1992-05-01,281.507939656576
1992-05-02,282.085507710775
1992-05-03,282.78071085612
1992-05-04,282.138362884521
1992-05-05,284.334345499674
1992-05-06,285.106466929118
1992-05-07,284.68520228068
1992-05-08,280.406614939372
1992-05-09,278.622829437256
1992-05-10,279.064079284668
1992-05-11,280.102121988932
1992-05-12,281.447002410889
1992-05-13,277.142189025879
1992-05-14,281.025165557861
1992-05-15,283.747299194336
1992-05-16,280.570026397705
1992-05-17,279.899890899658
1992-05-18,280.972935994466
1992-05-19,283.477870941162
1992-05-20,283.10789235433
1992-05-21,279.871892293294
1992-05-22,279.234909057617
1992-05-23,276.27726872762
1992-05-24,278.506015777588
1992-05-25,279.015673319499
1992-05-26,280.341423034668
1992-05-27,279.34517288208
1992-05-28,280.625854492188
1992-05-29,280.284936269124
1992-05-30,279.274738311768
1992-05-31,276.778600056966
1992-06-01,276.635248819987
1992-06-02,279.187581380208
1992-06-03,279.401503245036
1992-06-04,280.058130900065
1992-06-05,279.469773610433
1992-06-06,280.869414011637
1992-06-07,282.506483713786
1992-06-08,285.07398223877
1992-06-09,283.607622782389
1992-06-10,282.086252848307
1992-06-11,284.307683308919
1992-06-12,282.478936513265
1992-06-13,283.550530751546
1992-06-14,281.502305348714
1992-06-15,278.930056254069
1992-06-16,280.959073384603
1992-06-17,281.290260314941
1992-06-18,282.194754282634
1992-06-19,280.694822947184
1992-06-20,277.969773610433
1992-06-21,275.897499084473
1992-06-22,277.074685414632
1992-06-23,279.111311594645
1992-06-24,278.904123942057
1992-06-25,278.020336151123
1992-06-26,277.693879445394
1992-06-27,277.095596313477
1992-06-28,278.912526448568
1992-06-29,278.436810811361
1992-06-30,277.807130177816
1992-07-01,275.75820795695
1992-07-02,278.855054219564
1992-07-03,282.4960009257
1992-07-04,284.724407196045
1992-07-05,285.478514353434
1992-07-06,283.328411102295
1992-07-07,282.224179585775
1992-07-08,281.855682373047
1992-07-09,280.385387420654
1992-07-10,278.483339945475
1992-07-11,277.445411682129
1992-07-12,277.927719116211
1992-07-13,279.018366495768
1992-07-14,280.444469451904
1992-07-15,280.588591257731
1992-07-16,281.559377034505
1992-07-17,280.175034840902
1992-07-18,278.30508295695
1992-07-19,280.367492675781
1992-07-20,282.37998453776
1992-07-21,283.959932963053
1992-07-22,282.154022216797
1992-07-23,280.449827829997
1992-07-24,280.15881729126
1992-07-25,279.601963043213
1992-07-26,280.04021581014
1992-07-27,280.719411214193
1992-07-28,280.383752187093
1992-07-29,283.63498433431
1992-07-30,283.919297536214
1992-07-31,283.223470052083
1992-08-01,282.332646687825
1992-08-02,280.961930592855
1992-08-03,282.248719533285
1992-08-04,282.065742492676
1992-08-05,278.913120269775
1992-08-06,279.051761627197
1992-08-07,282.108151753743
1992-08-08,282.426102956136
1992-08-09,284.642457326253
1992-08-10,283.252092997233
1992-08-11,279.833910624186
1992-08-12,280.478295644124
1992-08-13,282.138876597086
1992-08-14,281.495376586914
1992-08-15,282.725054423014
1992-08-16,281.655934651693
1992-08-17,279.557963053385
1992-08-18,278.611042022705
1992-08-19,279.583414713542
1992-08-20,281.767417907715
1992-08-21,281.746630350749
1992-08-22,279.463466644287
1992-08-23,277.435883839925
1992-08-24,277.506163279215
1992-08-25,280.700892130534
1992-08-26,281.199422200521
1992-08-27,280.237050374349
1992-08-28,276.760851542155
1992-08-29,277.515120188395
1992-08-30,276.723719278971
1992-08-31,277.449106852214
1992-09-01,279.96022160848
1992-09-02,280.584311167399
1992-09-03,282.482528686523
1992-09-04,281.297293345133
1992-09-05,282.957878112793
1992-09-06,282.016428629557
1992-09-07,280.05081431071
1992-09-08,281.154791514079
1992-09-09,281.025844573975
1992-09-10,280.777807871501
1992-09-11,279.483936309814
1992-09-12,277.01294708252
1992-09-13,279.434520721436
1992-09-14,280.508721669515
1992-09-15,282.486625671387
1992-09-16,282.444295247396
1992-09-17,280.517082214355
1992-09-18,282.184079488118
1992-09-19,281.304504394531
1992-09-20,283.687352498372
1992-09-21,282.960952758789
1992-09-22,282.732012430827
1992-09-23,284.261604309082
1992-09-24,282.678906758626
1992-09-25,280.043874104818
1992-09-26,282.41249593099
1992-09-27,281.027993520101
1992-09-28,279.299916585286
1992-09-29,279.729738871256
1992-09-30,278.017622629801
1992-10-01,280.533159891764
1992-10-02,283.587219238281
1992-10-03,282.81004969279
1992-10-04,279.527375539144
1992-10-05,279.168916066488
1992-10-06,282.951454162598
1992-10-07,284.704729715983
1992-10-08,285.155337015788
1992-10-09,285.16077931722
1992-10-10,284.574611663818
1992-10-11,285.281801859538
1992-10-12,286.690101623535
1992-10-13,287.000881195068
1992-10-14,280.739875793457
1992-10-15,278.169078826904
1992-10-16,280.813524881999
1992-10-17,280.125169118245
1992-10-18,279.72319539388
1992-10-19,283.294518788656
1992-10-20,285.537724812826
1992-10-21,286.799552917481
1992-10-22,288.493961334229
1992-10-23,286.252310434977
1992-10-24,285.310824076335
1992-10-25,283.736255645752
1992-10-26,284.189777374268
1992-10-27,282.963855743408
1992-10-28,279.2166112264
1992-10-29,280.488035837809
1992-10-30,282.876050313314
1992-10-31,283.817259470622
1992-11-01,284.377991994222
1992-11-02,286.539746602376
1992-11-03,286.567292531331
1992-11-04,286.85031636556
1992-11-05,286.56530380249
1992-11-06,285.636580149333
1992-11-07,286.20751063029
1992-11-08,286.588559468587
1992-11-09,286.201006571452
1992-11-10,287.608487447103
1992-11-11,286.589907328288
1992-11-12,287.092881520589
1992-11-13,288.589293162028
1992-11-14,289.220600128174
1992-11-15,290.510779062907
1992-11-16,289.144983927409
1992-11-17,286.627726236979
1992-11-18,285.266755421956
1992-11-19,284.589300791423
1992-11-20,282.920744578044
1992-11-21,284.288508097331
1992-11-22,285.173823038737
1992-11-23,284.683553059896
1992-11-24,285.072914123535
1992-11-25,284.593550364176
1992-11-26,285.180782318115
1992-11-27,287.000651041667
1992-11-28,288.670944213867
1992-11-29,287.28317006429
1992-11-30,287.924050649007
1992-12-01,287.991010030111
1992-12-02,287.110364278158
1992-12-03,289.113731384277
1992-12-04,288.214926401774
1992-12-05,288.026638031006
1992-12-06,284.318561553955
1992-12-07,282.644803365072
1992-12-08,283.267107645671
1992-12-09,288.462474822998
1992-12-10,290.079842885335
1992-12-11,288.305046081543
1992-12-12,286.550842285156
1992-12-13,286.135833740234
1992-12-14,281.897618611654
1992-12-15,284.07453918457
1992-12-16,288.631949106852
1992-12-17,289.423245747884
1992-12-18,287.381553649902
1992-12-19,280.30312983195
1992-12-20,279.924650828044
1992-12-21,280.587855021159
1992-12-22,281.377161661784
1992-12-23,286.569641113281
1992-12-24,288.053156534831
1992-12-25,287.392209370931
1992-12-26,289.517798105876
1992-12-27,289.97758992513
1992-12-28,291.976325988769
1992-12-29,291.915093739828
1992-12-30,291.332752227783
1992-12-31,287.753499348958
1993-01-01,284.244515736898
1993-01-02,285.862116495768
1993-01-03,287.169653574626
1993-01-04,284.186111450195
1993-01-05,285.594488779704
1993-01-06,287.610527038574
1993-01-07,288.291268666585
1993-01-08,289.680763244629
1993-01-09,288.702921549479
1993-01-10,288.779907226563
1993-01-11,290.437226613363
1993-01-12,290.480046590169
1993-01-13,291.32917658488
1993-01-14,287.523568471273
1993-01-15,284.325308481852
1993-01-16,287.632951100667
1993-01-17,285.687808990479
1993-01-18,291.635924021403
1993-01-19,291.089249928792
1993-01-20,289.008230845133
1993-01-21,290.744365692139
1993-01-22,291.508049011231
1993-01-23,289.232962290446
1993-01-24,287.725569407145
1993-01-25,289.871655782064
1993-01-26,289.051909128825
1993-01-27,286.754212697347
1993-01-28,284.295764923096
1993-01-29,285.282239278158
1993-01-30,287.141304016113
1993-01-31,286.384914398193
1993-02-01,283.794308980306
1993-02-02,283.681503295898
1993-02-03,281.535390218099
1993-02-04,284.419542948405
1993-02-05,288.040630340576
1993-02-06,287.873612721761
1993-02-07,285.413820902506
1993-02-08,287.835360209147
1993-02-09,289.648020426432
1993-02-10,288.955268859863
1993-02-11,289.632521311442
1993-02-12,288.085763295492
1993-02-13,287.732738494873
1993-02-14,287.617811838786
1993-02-15,283.646747589111
1993-02-16,284.496050516764
1993-02-17,284.799847920736
1993-02-18,286.918908437093
1993-02-19,287.968104044596
1993-02-20,287.666787465413
1993-02-21,289.044125874837
1993-02-22,288.849890391032
1993-02-23,288.40500386556
1993-02-24,289.952545166016
1993-02-25,290.933636983236
1993-02-26,290.852625528971
1993-02-27,290.312202453613
1993-02-28,287.964204152425
1993-03-01,289.264101664225
1993-03-02,290.473415374756
1993-03-03,292.220090230306
1993-03-04,289.906356811523
1993-03-05,286.875895182292
1993-03-06,286.51873143514
1993-03-07,286.397312164307
1993-03-08,284.599107106527
1993-03-09,283.907731374105
1993-03-10,283.788290659587
1993-03-11,285.233182271322
1993-03-12,288.768362681071
1993-03-13,288.125816345215
1993-03-14,284.448575337728
1993-03-15,284.725476582845
1993-03-16,285.462221781413
1993-03-17,287.361507415771
1993-03-18,287.678808848063
1993-03-19,282.480288187663
1993-03-20,283.111279805501
1993-03-21,284.258786519368
1993-03-22,283.439912160237
1993-03-23,281.422365824382
1993-03-24,281.852498372396
1993-03-25,284.088207244873
1993-03-26,286.71595509847
1993-03-27,286.563929239909
1993-03-28,286.797969818115
1993-03-29,286.521892547607
1993-03-30,286.157708485921
1993-03-31,290.031389872233
1993-04-01,286.466679890951
1993-04-02,283.520346323649
1993-04-03,284.050291697184
1993-04-04,286.097424825033
1993-04-05,289.176394144694
1993-04-06,288.73092397054
1993-04-07,288.630616505941
1993-04-08,290.13915125529
1993-04-09,287.833332061768
1993-04-10,286.657005310058
1993-04-11,282.795190175374
1993-04-12,282.683340708415
1993-04-13,283.092981974284
1993-04-14,282.780595143636
1993-04-15,280.203871409098
1993-04-16,281.91397857666
1993-04-17,282.805399576823
1993-04-18,284.490056355794
1993-04-19,284.487757364909
1993-04-20,284.652203877767
1993-04-21,285.804482777913
1993-04-22,282.403638203939
1993-04-23,279.55779393514
1993-04-24,279.628892262777
1993-04-25,279.770968119304
1993-04-26,282.485832214355
1993-04-27,283.570181528727
1993-04-28,281.241701761881
1993-04-29,283.081769307454
1993-04-30,284.067537943522
1993-05-01,283.036778767904
1993-05-02,283.180519104004
1993-05-03,280.59761428833
1993-05-04,282.680758158366
1993-05-05,285.823356628418
1993-05-06,286.683119455973
1993-05-07,283.748645782471
1993-05-08,280.437530517578
1993-05-09,282.449709574382
1993-05-10,286.600222269694
1993-05-11,286.295926411947
1993-05-12,286.755273183187
1993-05-13,285.842343648275
1993-05-14,283.699924468994
1993-05-15,284.344505310059
1993-05-16,286.23881149292
1993-05-17,284.666414896647
1993-05-18,284.229890187581
1993-05-19,282.68412399292
1993-05-20,281.587289174398
1993-05-21,280.477830251058
1993-05-22,279.684950510661
1993-05-23,280.785739898682
1993-05-24,281.427447001139
1993-05-25,282.987813313802
1993-05-26,283.189388275147
1993-05-27,282.208024342855
1993-05-28,281.324831644694
1993-05-29,280.103693644206
1993-05-30,282.760875701904
1993-05-31,280.654585520427
1993-06-01,283.711592356364
1993-06-02,284.722166697184
1993-06-03,282.343388875326
1993-06-04,282.321528116862
1993-06-05,284.53636042277
1993-06-06,283.635772705078
1993-06-07,283.00000890096
1993-06-08,283.920096079508
1993-06-09,284.530572255453
1993-06-10,283.32353591919
1993-06-11,282.455673217773
1993-06-12,284.50312423706
1993-06-13,285.463975270589
1993-06-14,283.892753601074
1993-06-15,280.97008005778
1993-06-16,281.373775482178
1993-06-17,282.78391901652
1993-06-18,280.954376220703
1993-06-19,281.322156270345
1993-06-20,280.855753580729
1993-06-21,282.839898427327
1993-06-22,283.144859313965
1993-06-23,282.109073638916
1993-06-24,279.727821350098
1993-06-25,279.866079966227
1993-06-26,277.57411702474
1993-06-27,279.939257303874
1993-06-28,278.766750335693
1993-06-29,276.572194417318
1993-06-30,277.033761342367
1993-07-01,276.793060302734
1993-07-02,276.275468190511
1993-07-03,275.722376505534
1993-07-04,277.088643391927
1993-07-05,278.991194407145
1993-07-06,282.212773640951
1993-07-07,281.90886815389
1993-07-08,279.093794504801
1993-07-09,278.4177831014
1993-07-10,278.498792012532
1993-07-11,278.241277058919
1993-07-12,279.273291269938
1993-07-13,278.515913645427
1993-07-14,278.24606068929
1993-07-15,279.74258295695
1993-07-16,278.533645629883
1993-07-17,279.381478627523
1993-07-18,279.89920425415
1993-07-19,282.9412206014
1993-07-20,282.800796508789
1993-07-21,281.519565582275
1993-07-22,281.356334686279
1993-07-23,282.08583577474
1993-07-24,282.6203956604
1993-07-25,278.774239857992
1993-07-26,276.137531280518
1993-07-27,279.219248453776
1993-07-28,282.862199147542
1993-07-29,283.091562906901
1993-07-30,282.041914621989
1993-07-31,280.327718098958
1993-08-01,279.678641001383
1993-08-02,280.352472941081
1993-08-03,280.084564208984
1993-08-04,281.621027628581
1993-08-05,277.050896962484
1993-08-06,277.968180338542
1993-08-07,277.611820220947
1993-08-08,278.016469319661
1993-08-09,280.056078592936
1993-08-10,280.858507792155
1993-08-11,280.280602773031
1993-08-12,279.269316355387
1993-08-13,279.978239695231
1993-08-14,280.822237650553
1993-08-15,282.86493174235
1993-08-16,279.211929321289
1993-08-17,276.82497660319
1993-08-18,280.794502258301
1993-08-19,280.119192759196
1993-08-20,277.345708211263
1993-08-21,282.734457651774
1993-08-22,282.355058034261
1993-08-23,279.862131754557
1993-08-24,280.051163991292
1993-08-25,279.993246714274
1993-08-26,281.693584442139
1993-08-27,281.823660532633
1993-08-28,280.843310038249
1993-08-29,278.428169250488
1993-08-30,276.846134185791
1993-08-31,277.749235788981
1993-09-01,279.39019648234
1993-09-02,280.69423421224
1993-09-03,282.144868214925
1993-09-04,282.826859792074
1993-09-05,281.398998260498
1993-09-06,278.139006296794
1993-09-07,277.811318715413
1993-09-08,278.19911702474
1993-09-09,278.933259328206
1993-09-10,281.258876800537
1993-09-11,281.656628926595
1993-09-12,282.920745849609
1993-09-13,282.96453221639
1993-09-14,282.518553415934
1993-09-15,283.490823109945
1993-09-16,283.3818359375
1993-09-17,284.064153035482
1993-09-18,282.62920888265
1993-09-19,280.012627919515
1993-09-20,279.829064687093
1993-09-21,280.085784912109
1993-09-22,280.653697967529
1993-09-23,281.106388092041
1993-09-24,281.854688008626
1993-09-25,281.885129292806
1993-09-26,279.982065836589
1993-09-27,280.071980794271
1993-09-28,276.487799326579
1993-09-29,278.405095418294
1993-09-30,281.278119405111
1993-10-01,282.48461151123
1993-10-02,283.619085947673
1993-10-03,285.140303293864
1993-10-04,285.003243764242
1993-10-05,286.181044260661
1993-10-06,286.442637125651
1993-10-07,288.20259475708
1993-10-08,287.196379343669
1993-10-09,284.202332814535
1993-10-10,285.473210652669
1993-10-11,286.486506144206
1993-10-12,283.994187672933
1993-10-13,282.953483581543
1993-10-14,284.443522135417
1993-10-15,284.096791585286
1993-10-16,282.271263122559
1993-10-17,282.595747629801
1993-10-18,283.995716094971
1993-10-19,285.487192789713
1993-10-20,289.261426289876
1993-10-21,286.024421691895
1993-10-22,285.406567891439
1993-10-23,283.08033879598
1993-10-24,282.317115783691
1993-10-25,281.875946044922
1993-10-26,283.99877166748
1993-10-27,283.480598449707
1993-10-28,284.262468973796
1993-10-29,285.353488922119
1993-10-30,285.657992045085
1993-10-31,286.36550394694
1993-11-01,283.897800445557
1993-11-02,279.411080678304
1993-11-03,280.654075622559
1993-11-04,281.731906890869
1993-11-05,284.654071807861
1993-11-06,286.848523457845
1993-11-07,287.631446838379
1993-11-08,286.137359619141
1993-11-09,284.63804880778
1993-11-10,283.778460184733
1993-11-11,285.495362599691
1993-11-12,286.387002309163
1993-11-13,282.151869455973
1993-11-14,281.406304677328
1993-11-15,281.386166890462
1993-11-16,283.620300292969
1993-11-17,284.752886454264
1993-11-18,285.110018412272
1993-11-19,281.257397969564
1993-11-20,285.415448506673
1993-11-21,286.000540415446
1993-11-22,282.198139190674
1993-11-23,280.019050598144
1993-11-24,284.232739766439
1993-11-25,284.534992218018
1993-11-26,284.849292755127
1993-11-27,285.322100321452
1993-11-28,286.177635192871
1993-11-29,286.532435099284
1993-11-30,282.559593200684
1993-12-01,285.510637919108
1993-12-02,286.495585123698
1993-12-03,287.069661458333
1993-12-04,283.836078643799
1993-12-05,283.158855438232
1993-12-06,288.547494252523
1993-12-07,284.91237004598
1993-12-08,284.501401265462
1993-12-09,284.629067738851
1993-12-10,284.104192097982
1993-12-11,284.303641001383
1993-12-12,287.845760345459
1993-12-13,287.156452178955
1993-12-14,289.509974161784
1993-12-15,288.641279856364
1993-12-16,286.99550374349
1993-12-17,288.354590098063
1993-12-18,289.224332173665
1993-12-19,287.397965749105
1993-12-20,287.21494547526
1993-12-21,287.274216969808
1993-12-22,287.030646006266
1993-12-23,286.196000417074
1993-12-24,285.016722361247
1993-12-25,284.30345026652
1993-12-26,285.717086791992
1993-12-27,287.400952657064
1993-12-28,291.020257314046
1993-12-29,291.43189239502
1993-12-30,292.766742706299
1993-12-31,292.862309773763
1994-01-01,291.200361887614
1994-01-02,289.618050893148
1994-01-03,289.567398071289
1994-01-04,289.929414113363
1994-01-05,292.47535832723
1994-01-06,288.116447448731
1994-01-07,291.219284057617
1994-01-08,293.58624903361
1994-01-09,293.926681518555
1994-01-10,293.765711466471
1994-01-11,292.455586751302
1994-01-12,289.769133249919
1994-01-13,288.300557454427
1994-01-14,291.238423665365
1994-01-15,292.459224700928
1994-01-16,289.433219909668
1994-01-17,286.637917836507
1994-01-18,288.408790588379
1994-01-19,292.079432169596
1994-01-20,293.636135101318
1994-01-21,293.903399149577
1994-01-22,293.851929982503
1994-01-23,293.644279479981
1994-01-24,293.616152445475
1994-01-25,291.663361867269
1994-01-26,288.177542368571
1994-01-27,284.97225189209
1994-01-28,283.921360015869
1994-01-29,285.540926615397
1994-01-30,286.811893463135
1994-01-31,289.925507863363
1994-02-01,288.02089436849
1994-02-02,286.346436818441
1994-02-03,288.422580718994
1994-02-04,285.738639831543
1994-02-05,286.829165140788
1994-02-06,289.183943430583
1994-02-07,284.966813405355
1994-02-08,288.452713012695
1994-02-09,289.873446146647
1994-02-10,289.478181203206
1994-02-11,289.767319997152
1994-02-12,290.549051920573
1994-02-13,290.669804890951
1994-02-14,291.132588704427
1994-02-15,287.342449188232
1994-02-16,287.947344462077
1994-02-17,292.387474060059
1994-02-18,293.668993631999
1994-02-19,294.069081624349
1994-02-20,293.236877441406
1994-02-21,291.10612487793
1994-02-22,290.677733103434
1994-02-23,291.519457499186
1994-02-24,290.727444966634
1994-02-25,291.101375579834
1994-02-26,292.052337646484
1994-02-27,292.491539001465
1994-02-28,290.784603118896
1994-03-01,290.788567860921
1994-03-02,291.046934763591
1994-03-03,287.316324869792
1994-03-04,287.064901987712
1994-03-05,289.998867034912
1994-03-06,291.024050394694
1994-03-07,290.88535563151
1994-03-08,286.696266174316
1994-03-09,283.609174092611
1994-03-10,284.791114807129
1994-03-11,284.089552561442
1994-03-12,285.358552296956
1994-03-13,285.900327046712
1994-03-14,289.615357716878
1994-03-15,290.35422261556
1994-03-16,289.190196990967
1994-03-17,288.355515797933
1994-03-18,288.769437154134
1994-03-19,290.593910217285
1994-03-20,287.302471160889
1994-03-21,283.235515594482
1994-03-22,282.720359802246
1994-03-23,282.029495239258
1994-03-24,285.076321919759
1994-03-25,283.188612620036
1994-03-26,284.669174194336
1994-03-27,284.560925801595
1994-03-28,286.934190114339
1994-03-29,287.906770070394
1994-03-30,282.946833292643
1994-03-31,285.182554880778
1994-04-01,286.332069396973
1994-04-02,288.07409286499
1994-04-03,288.166182200114
1994-04-04,286.288798014323
1994-04-05,282.677551269531
1994-04-06,286.313598632812
1994-04-07,286.16660563151
1994-04-08,286.729309082031
1994-04-09,287.190610249837
1994-04-10,286.257691701253
1994-04-11,287.150236765544
1994-04-12,288.096654256185
1994-04-13,290.42004776001
1994-04-14,290.504591623942
1994-04-15,287.56262588501
1994-04-16,288.293782552083
1994-04-17,284.926554361979
1994-04-18,286.577396392822
1994-04-19,287.955986022949
1994-04-20,287.567890167236
1994-04-21,285.099383036296
1994-04-22,279.952072143555
1994-04-23,282.583782196045
1994-04-24,279.551163991292
1994-04-25,280.74226252238
1994-04-26,282.581076304118
1994-04-27,279.324640909831
1994-04-28,281.227317810058
1994-04-29,282.03993733724
1994-04-30,284.558108011881
1994-05-01,285.048843383789
1994-05-02,284.99924214681
1994-05-03,288.549697875977
1994-05-04,287.526075998942
1994-05-05,280.786070505778
1994-05-06,282.043665568034
1994-05-07,282.503686269124
1994-05-08,283.368899027506
1994-05-09,284.802378336589
1994-05-10,284.790041605632
1994-05-11,283.305463155111
1994-05-12,283.808643341064
1994-05-13,281.959676106771
1994-05-14,279.014715830485
1994-05-15,278.694277445475
1994-05-16,282.672743479411
1994-05-17,283.028533935547
1994-05-18,282.912864685059
1994-05-19,285.727949778239
1994-05-20,287.564257303874
1994-05-21,284.410402933757
1994-05-22,281.701024373372
1994-05-23,283.560749053955
1994-05-24,286.351332346598
1994-05-25,285.587285359701
1994-05-26,285.234703063965
1994-05-27,286.802160898844
1994-05-28,284.936913808187
1994-05-29,283.663152058919
1994-05-30,284.480763753255
1994-05-31,281.873439788818
1994-06-01,280.300973256429
1994-06-02,278.16069539388
1994-06-03,278.738253275553
1994-06-04,278.167821248372
1994-06-05,277.551666259766
1994-06-06,277.658391316732
1994-06-07,277.175237019857
1994-06-08,276.966692606608
1994-06-09,279.711411794027
1994-06-10,281.09428024292
1994-06-11,283.300178527832
1994-06-12,285.32906850179
1994-06-13,283.413088480632
1994-06-14,280.776093800863
1994-06-15,279.567141215006
1994-06-16,279.634918212891
1994-06-17,279.015597025553
1994-06-18,279.530637105306
1994-06-19,282.154135386149
1994-06-20,283.681458791097
1994-06-21,282.853792826335
1994-06-22,281.919067382812
1994-06-23,278.78574625651
1994-06-24,282.810924530029
1994-06-25,283.683494567871
1994-06-26,283.965312957764
1994-06-27,281.87697092692
1994-06-28,278.638167063395
1994-06-29,277.389830271403
1994-06-30,275.128171284994
1994-07-01,279.126937866211
1994-07-02,279.276985168457
1994-07-03,274.327902475993
1994-07-04,276.762886047363
1994-07-05,280.335244496663
1994-07-06,281.363615671794
1994-07-07,279.26714960734
1994-07-08,279.574668884277
1994-07-09,278.323706309001
1994-07-10,278.186987559001
1994-07-11,281.756786346436
1994-07-12,280.337334950765
1994-07-13,275.792870839437
1994-07-14,275.419495900472
1994-07-15,276.061806996663
1994-07-16,277.367267608643
1994-07-17,280.017639160156
1994-07-18,282.679138183594
1994-07-19,282.146681467692
1994-07-20,279.528345743815
1994-07-21,281.31622950236
1994-07-22,282.295340220133
1994-07-23,281.553015391032
1994-07-24,279.840250651042
1994-07-25,281.433099110921
1994-07-26,283.062679290771
1994-07-27,283.148288726807
1994-07-28,282.664334615072
1994-07-29,281.695105234782
1994-07-30,280.735584259033
1994-07-31,281.839138031006
1994-08-01,280.883673350016
1994-08-02,282.209930419922
1994-08-03,282.596363067627
1994-08-04,282.40743637085
1994-08-05,282.174082438151
1994-08-06,282.153090159098
1994-08-07,281.454681396484
1994-08-08,281.737122853597
1994-08-09,282.635701497396
1994-08-10,279.105686187744
1994-08-11,275.834753672282
1994-08-12,278.347407023112
1994-08-13,280.787530263265
1994-08-14,282.727171579997
1994-08-15,283.238175710042
1994-08-16,279.731304168701
1994-08-17,279.055628458659
1994-08-18,281.389658610026
1994-08-19,280.437414805094
1994-08-20,279.250116984049
1994-08-21,280.799199422201
1994-08-22,281.718078613281
1994-08-23,281.802031199137
1994-08-24,282.954636891683
1994-08-25,282.949620564779
1994-08-26,283.137241363525
1994-08-27,278.568768819173
1994-08-28,280.474806467692
1994-08-29,283.392941792806
1994-08-30,284.224665323893
1994-08-31,282.524836222331
1994-09-01,280.078332265218
1994-09-02,281.826267242432
1994-09-03,280.856530507406
1994-09-04,279.674135843913
1994-09-05,280.792111714681
1994-09-06,283.043608347575
1994-09-07,283.600531260173
1994-09-08,282.276391347249
1994-09-09,278.559421539307
1994-09-10,277.072275797526
1994-09-11,281.268535614014
1994-09-12,282.760537465413
1994-09-13,281.623194376628
1994-09-14,282.163738250732
1994-09-15,284.072982788086
1994-09-16,284.481103261312
1994-09-17,284.033715565999
1994-09-18,283.67170715332
1994-09-19,283.964899698893
1994-09-20,283.884476979573
1994-09-21,284.317005157471
1994-09-22,281.190804799398
1994-09-23,280.914840698242
1994-09-24,279.065349578857
1994-09-25,282.042975107829
1994-09-26,283.279959360758
1994-09-27,280.994909922282
1994-09-28,281.83411026001
1994-09-29,282.868380228678
1994-09-30,280.640068054199
1994-10-01,277.995421091716
1994-10-02,279.395538330078
1994-10-03,276.453895568848
1994-10-04,279.907038370768
1994-10-05,280.569408416748
1994-10-06,283.073183695475
1994-10-07,285.579064687093
1994-10-08,284.4999071757
1994-10-09,286.0159034729
1994-10-10,285.480779012044
1994-10-11,281.563753763835
1994-10-12,283.155203501383
1994-10-13,283.110481262207
1994-10-14,282.478368123372
1994-10-15,280.148155212402
1994-10-16,280.465827941895
1994-10-17,283.224260965983
1994-10-18,284.343846638997
1994-10-19,283.436256408691
1994-10-20,282.823380788167
1994-10-21,281.918125152588
1994-10-22,281.052257537842
1994-10-23,283.559811909993
1994-10-24,285.094738006592
1994-10-25,286.503622690837
1994-10-26,285.138900756836
1994-10-27,284.463071187337
1994-10-28,284.792598724365
1994-10-29,286.285533905029
1994-10-30,288.787296295166
1994-10-31,287.345844268799
1994-11-01,284.880658467611
1994-11-02,279.013652801514
1994-11-03,283.955740610758
1994-11-04,287.078163146973
1994-11-05,287.341276804606
1994-11-06,287.984335581462
1994-11-07,290.607004801432
1994-11-08,290.011277516683
1994-11-09,287.860800425211
1994-11-10,285.401871999105
1994-11-11,284.618723551432
1994-11-12,285.332700093587
1994-11-13,285.479312896729
1994-11-14,287.804492950439
1994-11-15,288.697118123372
1994-11-16,288.391859690348
1994-11-17,285.576742808024
1994-11-18,284.590506235758
1994-11-19,284.347204844157
1994-11-20,281.737630208333
1994-11-21,283.902495066325
1994-11-22,286.417659759522
1994-11-23,286.999196370443
1994-11-24,284.161852518717
1994-11-25,283.654680887858
1994-11-26,284.281810760498
1994-11-27,285.624329884847
1994-11-28,287.191411336263
1994-11-29,288.657736460368
1994-11-30,287.246594746908
1994-12-01,285.95506922404
1994-12-02,287.049059549967
1994-12-03,287.771138509115
1994-12-04,285.737575531006
1994-12-05,282.817709604899
1994-12-06,285.786900838216
1994-12-07,285.175337473552
1994-12-08,289.898237864176
1994-12-09,290.913327534994
1994-12-10,289.501875559489
1994-12-11,288.120333353678
1994-12-12,287.665033976237
1994-12-13,288.377630869547
1994-12-14,284.910678863525
1994-12-15,286.535488128662
1994-12-16,288.619761149089
1994-12-17,289.324432373047
1994-12-18,289.578322092692
1994-12-19,290.570593516032
1994-12-20,289.731511433919
1994-12-21,287.80740737915
1994-12-22,288.631409962972
1994-12-23,287.0418993632
1994-12-24,284.87948735555
1994-12-25,285.98918279012
1994-12-26,285.666386922201
1994-12-27,284.690784454346
1994-12-28,289.818365732829
1994-12-29,291.399411519368
1994-12-30,292.88547261556
1994-12-31,290.759717305501
1995-01-01,287.495993296305
1995-01-02,289.418524424235
1995-01-03,289.28719329834
1995-01-04,283.238761901856
1995-01-05,283.044597625732
1995-01-06,288.038795471191
1995-01-07,289.919263203939
1995-01-08,290.027716318766
1995-01-09,290.510701497396
1995-01-10,287.455131530762
1995-01-11,287.071517944336
1995-01-12,285.513779958089
1995-01-13,286.619214375814
1995-01-14,289.861784617106
1995-01-15,291.56858698527
1995-01-16,291.30824915568
1995-01-17,293.173746744792
1995-01-18,294.029047648112
1995-01-19,293.902383168538
1995-01-20,292.029772440593
1995-01-21,287.560279846191
1995-01-22,291.173975626628
1995-01-23,293.851467132568
1995-01-24,292.00061416626
1995-01-25,292.046831766764
1995-01-26,292.588480631511
1995-01-27,292.277182261149
1995-01-28,290.769320170085
1995-01-29,286.410823822021
1995-01-30,289.414511362712
1995-01-31,289.924880981445
1995-02-01,292.663261413574
1995-02-02,294.060586293538
1995-02-03,290.120014190674
1995-02-04,289.934894561768
1995-02-05,290.426553090413
1995-02-06,290.930736541748
1995-02-07,288.744799296061
1995-02-08,292.181856791178
1995-02-09,290.423051198323
1995-02-10,289.417330423991
1995-02-11,289.417195638021
1995-02-12,288.807661692302
1995-02-13,287.198276519775
1995-02-14,288.246475219727
1995-02-15,287.978593190511
1995-02-16,288.507367451986
1995-02-17,288.411987304687
1995-02-18,291.267674763997
1995-02-19,291.888515472412
1995-02-20,291.90305074056
1995-02-21,290.331418355306
1995-02-22,288.350719451904
1995-02-23,290.81067276001
1995-02-24,293.197018941244
1995-02-25,290.315322875977
1995-02-26,288.323366800944
1995-02-27,291.708357493083
1995-02-28,291.380816141764
1995-03-01,287.923826853434
1995-03-02,287.095367431641
1995-03-03,286.304420471192
1995-03-04,286.708498636881
1995-03-05,287.13942082723
1995-03-06,287.4641456604
1995-03-07,289.237597147624
1995-03-08,289.240071614583
1995-03-09,291.001424153646
1995-03-10,291.723833719889
1995-03-11,291.518713633219
1995-03-12,287.495897928874
1995-03-13,287.758401234945
1995-03-14,289.531350453695
1995-03-15,286.989014943441
1995-03-16,287.893531799316
1995-03-17,284.425380706787
1995-03-18,281.701137542725
1995-03-19,286.057155609131
1995-03-20,289.679870605469
1995-03-21,289.200558980306
1995-03-22,289.317213694255
1995-03-23,290.709576924642
1995-03-24,291.011749267578
1995-03-25,289.658650716146
1995-03-26,290.42668279012
1995-03-27,289.669605255127
1995-03-28,288.999720255534
1995-03-29,290.686386108398
1995-03-30,291.719773610433
1995-03-31,290.499956766764
1995-04-01,291.022500356039
1995-04-02,290.431555430094
1995-04-03,288.135533650716
1995-04-04,289.620735168457
1995-04-05,287.946806589762
1995-04-06,288.815811157227
1995-04-07,291.163576761881
1995-04-08,289.890492757161
1995-04-09,288.888904571533
1995-04-10,288.452390034994
1995-04-11,289.98503112793
1995-04-12,290.063837687174
1995-04-13,287.040646870931
1995-04-14,285.072919209798
1995-04-15,284.67501449585
1995-04-16,283.927972157796
1995-04-17,285.187000274658
1995-04-18,284.428529103597
1995-04-19,284.517086029053
1995-04-20,287.025571187337
1995-04-21,289.862909952799
1995-04-22,288.409749348958
1995-04-23,287.32133992513
1995-04-24,285.702472686768
1995-04-25,286.588199615479
1995-04-26,288.220063527425
1995-04-27,286.808444976807
1995-04-28,285.66614151001
1995-04-29,281.866517384847
1995-04-30,280.761273701986
1995-05-01,284.049035390218
1995-05-02,286.921029408773
1995-05-03,285.726423899333
1995-05-04,286.378829956055
1995-05-05,288.521832784017
1995-05-06,288.129648844401
1995-05-07,284.483629862468
1995-05-08,281.450063069661
1995-05-09,279.796919504801
1995-05-10,281.121395111084
1995-05-11,278.911777496338
1995-05-12,282.756674448649
1995-05-13,285.86754989624
1995-05-14,284.912693023682
1995-05-15,284.440603892008
1995-05-16,286.253403981527
1995-05-17,285.458483378092
1995-05-18,284.400515238444
1995-05-19,281.585032145182
1995-05-20,281.533175150553
1995-05-21,278.904838562012
1995-05-22,281.355705261231
1995-05-23,282.727830251058
1995-05-24,278.684608459473
1995-05-25,279.762065887451
1995-05-26,280.14048131307
1995-05-27,279.885168711344
1995-05-28,281.848584493001
1995-05-29,283.458939870199
1995-05-30,281.713069915771
1995-05-31,281.077336629232
1995-06-01,281.328684488932
1995-06-02,281.734289805095
1995-06-03,279.288021087646
1995-06-04,276.960473378499
1995-06-05,277.772378285726
1995-06-06,278.61189142863
1995-06-07,281.299275716146
1995-06-08,279.442276000977
1995-06-09,281.294911702474
1995-06-10,283.447200775146
1995-06-11,280.847414652507
1995-06-12,279.807275136312
1995-06-13,281.107692718506
1995-06-14,282.778031667074
1995-06-15,282.81352742513
1995-06-16,283.376988728841
1995-06-17,280.179902394613
1995-06-18,280.922721862793
1995-06-19,279.34340540568
1995-06-20,278.412105560303
1995-06-21,279.422328948975
1995-06-22,280.804686228434
1995-06-23,277.918092091878
1995-06-24,278.404661814372
1995-06-25,281.99409866333
1995-06-26,283.398255666097
1995-06-27,283.918430328369
1995-06-28,283.689563751221
1995-06-29,283.905970255534
1995-06-30,282.961981455485
1995-07-01,278.88240814209
1995-07-02,277.762386322022
1995-07-03,279.442586263021
1995-07-04,280.162127176921
1995-07-05,281.975648244222
1995-07-06,281.487487792969
1995-07-07,281.961016337077
1995-07-08,279.69380569458
1995-07-09,280.645702362061
1995-07-10,281.397663116455
1995-07-11,280.779401143392
1995-07-12,280.475800832113
1995-07-13,281.699019114176
1995-07-14,283.967245737712
1995-07-15,282.199825286865
1995-07-16,279.735917409261
1995-07-17,277.618417104085
1995-07-18,274.941472371419
1995-07-19,276.007191975911
1995-07-20,279.634567260742
1995-07-21,281.392400105794
1995-07-22,279.201482137044
1995-07-23,278.789033253988
1995-07-24,280.025636037191
1995-07-25,279.632391611735
1995-07-26,279.099280039469
1995-07-27,279.521953582764
1995-07-28,278.818634033203
1995-07-29,278.189342498779
1995-07-30,277.482153574626
1995-07-31,278.013206481934
1995-08-01,276.971499125163
1995-08-02,277.275559743246
1995-08-03,278.618456522624
1995-08-04,278.933171590169
1995-08-05,281.646483103434
1995-08-06,280.822748819987
1995-08-07,281.604334513346
1995-08-08,280.794189453125
1995-08-09,281.065933227539
1995-08-10,281.963881174723
1995-08-11,280.809469858805
1995-08-12,280.34363301595
1995-08-13,279.23642985026
1995-08-14,280.809118906657
1995-08-15,279.153531392415
1995-08-16,279.788504282633
1995-08-17,282.29247156779
1995-08-18,283.245549519857
1995-08-19,283.663112640381
1995-08-20,282.738201141357
1995-08-21,282.557688395182
1995-08-22,280.687525431315
1995-08-23,277.461143493652
1995-08-24,280.963333129883
1995-08-25,281.37903213501
1995-08-26,277.551489512126
1995-08-27,275.981474558512
1995-08-28,276.983974456787
1995-08-29,280.135142008464
1995-08-30,278.601092020671
1995-08-31,282.562260945638
1995-09-01,285.100467681885
1995-09-02,288.105579376221
1995-09-03,280.230787913005
1995-09-04,278.60302734375
1995-09-05,281.713633219401
1995-09-06,284.604192097982
1995-09-07,283.540988922119
1995-09-08,279.1123046875
1995-09-09,277.309515635173
1995-09-10,276.532787322998
1995-09-11,279.067459106445
1995-09-12,279.262580871582
1995-09-13,282.711683909098
1995-09-14,283.910489400228
1995-09-15,284.494202931722
1995-09-16,285.150194803874
1995-09-17,283.429306030273
1995-09-18,283.522596995036
1995-09-19,280.527884165446
1995-09-20,279.908205668131
1995-09-21,282.169170379639
1995-09-22,283.953731536865
1995-09-23,286.012537638346
1995-09-24,284.695402781169
1995-09-25,285.392734527588
1995-09-26,285.1202100118
1995-09-27,283.631462097168
1995-09-28,286.19846979777
1995-09-29,286.326047261556
1995-09-30,284.923451741536
1995-10-01,285.803665161133
1995-10-02,286.637287139893
1995-10-03,285.332566579183
1995-10-04,285.789296468099
1995-10-05,286.345244089762
1995-10-06,285.623934427897
1995-10-07,284.707595825195
1995-10-08,285.121612548828
1995-10-09,285.872002919515
1995-10-10,284.072035471598
1995-10-11,280.49373626709
1995-10-12,282.745379130046
1995-10-13,283.623373667399
1995-10-14,281.325461069743
1995-10-15,284.479007720947
1995-10-16,283.176039377848
1995-10-17,283.650670369466
1995-10-18,280.859678904216
1995-10-19,283.112706502279
1995-10-20,280.470099131266
1995-10-21,282.63808186849
1995-10-22,283.292424519857
1995-10-23,281.692756652832
1995-10-24,284.693008422852
1995-10-25,285.589734395345
1995-10-26,285.610707600911
1995-10-27,286.83180363973
1995-10-28,287.156113942464
1995-10-29,284.582099914551
1995-10-30,285.030511220296
1995-10-31,286.879158020019
1995-11-01,286.622993469238
1995-11-02,282.943115234375
1995-11-03,280.264572143555
1995-11-04,284.632049560547
1995-11-05,285.31521987915
1995-11-06,282.837478637695
1995-11-07,280.499257405599
1995-11-08,283.972901662191
1995-11-09,288.653998057047
1995-11-10,290.057202657064
1995-11-11,287.659208933512
1995-11-12,287.392525990804
1995-11-13,285.556991577148
1995-11-14,286.550731658936
1995-11-15,285.02087020874
1995-11-16,283.479447682699
1995-11-17,286.654687245687
1995-11-18,285.334162394206
1995-11-19,288.493207295736
1995-11-20,286.89798227946
1995-11-21,283.114846547445
1995-11-22,281.150906880697
1995-11-23,280.998158772786
1995-11-24,286.358202616374
1995-11-25,287.966218312581
1995-11-26,291.080594380697
1995-11-27,285.785302480062
1995-11-28,282.572297414144
1995-11-29,284.103741963704
1995-11-30,288.194091796875
1995-12-01,290.193960825602
1995-12-02,290.244862874349
1995-12-03,290.489370981852
1995-12-04,293.217737833659
1995-12-05,294.073375701904
1995-12-06,291.50936126709
1995-12-07,291.38362121582
1995-12-08,292.134051005046
1995-12-09,289.894367218018
1995-12-10,287.499871571859
1995-12-11,287.697463989258
1995-12-12,290.046257019043
1995-12-13,291.638750712077
1995-12-14,293.65145111084
1995-12-15,288.521331787109
1995-12-16,289.233123779297
1995-12-17,289.91969426473
1995-12-18,286.780167897542
1995-12-19,284.738046010335
1995-12-20,287.283519744873
1995-12-21,289.889512379964
1995-12-22,292.995478312174
1995-12-23,292.369962056478
1995-12-24,289.444670359294
1995-12-25,288.41216023763
1995-12-26,287.207099914551
1995-12-27,287.513044993083
1995-12-28,288.818539937337
1995-12-29,291.188802083333
1995-12-30,289.795783996582
1995-12-31,289.392342885335
1996-01-01,289.184204101562
1996-01-02,288.596683502197
1996-01-03,289.826388041178
1996-01-04,291.21241124471
1996-01-05,291.361832936605
1996-01-06,290.381893157959
1996-01-07,289.935385386149
1996-01-08,289.872299194336
1996-01-09,292.19918568929
1996-01-10,292.009740193685
1996-01-11,292.242652893066
1996-01-12,291.413082122803
1996-01-13,290.718826293945
1996-01-14,290.817755381266
1996-01-15,290.962768554687
1996-01-16,287.432565053304
1996-01-17,288.720984141032
1996-01-18,290.90949122111
1996-01-19,287.576018015544
1996-01-20,289.775408426921
1996-01-21,289.063975016276
1996-01-22,290.886349995931
1996-01-23,291.336538950602
1996-01-24,290.203909556071
1996-01-25,286.465339660644
1996-01-26,285.207321166992
1996-01-27,285.87007522583
1996-01-28,287.504117329915
1996-01-29,287.55553817749
1996-01-30,289.045134226481
1996-01-31,289.714556376139
1996-02-01,290.588929494222
1996-02-02,293.837894439697
1996-02-03,296.17945988973
1996-02-04,293.746439615885
1996-02-05,291.243527730306
1996-02-06,291.028517405192
1996-02-07,292.050332387288
1996-02-08,290.652749379476
1996-02-09,288.128995259603
1996-02-10,285.674259185791
1996-02-11,287.449965159098
1996-02-12,291.486879984538
1996-02-13,294.161959330241
1996-02-14,292.599970499674
1996-02-15,291.478427886963
1996-02-16,286.66839726766
1996-02-17,287.110589345296
1996-02-18,291.556630452474
1996-02-19,294.841580708822
1996-02-20,293.453637440999
1996-02-21,286.569232940674
1996-02-22,285.03609085083
1996-02-23,286.633085886637
1996-02-24,283.818827311198
1996-02-25,284.78721110026
1996-02-26,286.737622578939
1996-02-27,286.054354349772
1996-02-28,287.776084899902
1996-02-29,289.211523691813
1996-03-01,289.602830251058
1996-03-02,291.037742614746
1996-03-03,290.210402170817
1996-03-04,289.464617411296
1996-03-05,287.053689320882
1996-03-06,284.768690745036
1996-03-07,285.05717086792
1996-03-08,285.540828704834
1996-03-09,284.752517700195
1996-03-10,286.75172551473
1996-03-11,285.217870076497
1996-03-12,282.156796773275
1996-03-13,283.539796193441
1996-03-14,286.206137339274
1996-03-15,286.911223093669
1996-03-16,287.034404754639
1996-03-17,283.8815574646
1996-03-18,287.393831888835
1996-03-19,289.432736714681
1996-03-20,288.546552022298
1996-03-21,286.390277862549
1996-03-22,287.370019276937
1996-03-23,288.0709177653
1996-03-24,283.845171610514
1996-03-25,284.028996785482
1996-03-26,283.740642547607
1996-03-27,282.325703938802
1996-03-28,286.513286590576
1996-03-29,288.477973937988
1996-03-30,288.10786819458
1996-03-31,287.556343078613
1996-04-01,286.907881418864
1996-04-02,288.760089874268
1996-04-03,288.891485850016
1996-04-04,288.912748972575
1996-04-05,288.441663106283
1996-04-06,286.426564534505
1996-04-07,285.565583546956
1996-04-08,281.434084574382
1996-04-09,284.984424591064
1996-04-10,287.364151000977
1996-04-11,288.124090830485
1996-04-12,289.271708170573
1996-04-13,290.325908660889
1996-04-14,291.818505605062
1996-04-15,291.981067657471
1996-04-16,291.08656946818
1996-04-17,288.079373677572
1996-04-18,286.420188903809
1996-04-19,286.079619089762
1996-04-20,287.421937306722
1996-04-21,289.441191355387
1996-04-22,285.384763081869
1996-04-23,282.967577616374
1996-04-24,283.123282114665
1996-04-25,282.101838429769
1996-04-26,280.869916280111
1996-04-27,283.659135182698
1996-04-28,285.327178955078
1996-04-29,286.784984588623
1996-04-30,286.633015950521
1996-05-01,284.946011861165
1996-05-02,280.885122934977
1996-05-03,281.89358774821
1996-05-04,281.180363972982
1996-05-05,281.363908131917
1996-05-06,282.209365844727
1996-05-07,282.830945332845
1996-05-08,284.803064982096
1996-05-09,285.448102315267
1996-05-10,277.98344930013
1996-05-11,280.880484263102
1996-05-12,283.651634216309
1996-05-13,284.366138458252
1996-05-14,282.776473999023
1996-05-15,283.334420522054
1996-05-16,283.855622609456
1996-05-17,282.315151214599
1996-05-18,278.030824025472
1996-05-19,279.718812306722
1996-05-20,279.982369740804
1996-05-21,281.47726949056
1996-05-22,284.537962595622
1996-05-23,285.564800262451
1996-05-24,283.70291519165
1996-05-25,286.130561828613
1996-05-26,281.523893992106
1996-05-27,278.057127634684
1996-05-28,279.777407328288
1996-05-29,282.285742441813
1996-05-30,284.259627024333
1996-05-31,283.885182698568
1996-06-01,284.443482716878
1996-06-02,279.128306070964
1996-06-03,275.687543233236
1996-06-04,277.105545043945
1996-06-05,278.953009287516
1996-06-06,279.569241841634
1996-06-07,279.289526621501
1996-06-08,281.15301767985
1996-06-09,282.658335367839
1996-06-10,283.242142995199
1996-06-11,279.892395019531
1996-06-12,276.927642822266
1996-06-13,277.018845876058
1996-06-14,277.169409434001
1996-06-15,278.130310058594
1996-06-16,281.852743784587
1996-06-17,277.841227213542
1996-06-18,277.033986409505
1996-06-19,276.511271158854
1996-06-20,276.206682840983
1996-06-21,277.275616963704
1996-06-22,280.528222401937
1996-06-23,283.179683685303
1996-06-24,283.451235453288
1996-06-25,283.698390960693
1996-06-26,282.961891174316
1996-06-27,283.682509104411
1996-06-28,280.908359527588
1996-06-29,281.501416524251
1996-06-30,282.499764760335
1996-07-01,282.172412872315
1996-07-02,278.992005666097
1996-07-03,277.904037475586
1996-07-04,276.127281188965
1996-07-05,276.582717895508
1996-07-06,279.025337219238
1996-07-07,279.837347666422
1996-07-08,280.422157287598
1996-07-09,279.637193044027
1996-07-10,279.672454833984
1996-07-11,280.966938018799
1996-07-12,281.301822662353
1996-07-13,280.455443064372
1996-07-14,279.320016225179
1996-07-15,280.162966410319
1996-07-16,282.31044514974
1996-07-17,281.644379933675
1996-07-18,280.752112070719
1996-07-19,282.196857452393
1996-07-20,281.015282948812
1996-07-21,280.396324157715
1996-07-22,282.675303141276
1996-07-23,284.50172551473
1996-07-24,283.924276987712
1996-07-25,283.299374898275
1996-07-26,282.879941304525
1996-07-27,281.662949879964
1996-07-28,278.647961934407
1996-07-29,279.239288330078
1996-07-30,280.09078725179
1996-07-31,277.443108876546
1996-08-01,276.982723236084
1996-08-02,279.096644083659
1996-08-03,283.753453572591
1996-08-04,282.707607269287
1996-08-05,284.216192881266
1996-08-06,283.006852467855
1996-08-07,280.064786275228
1996-08-08,278.439581553141
1996-08-09,281.995735168457
1996-08-10,281.821136474609
1996-08-11,279.091356913249
1996-08-12,279.030415852865
1996-08-13,277.120402018229
1996-08-14,279.733875274658
1996-08-15,280.878158569336
1996-08-16,282.164841969808
1996-08-17,279.688282012939
1996-08-18,279.092650095622
1996-08-19,277.082049051921
1996-08-20,280.732062021891
1996-08-21,282.121510823568
1996-08-22,279.781660715739
1996-08-23,275.600200653076
1996-08-24,278.137428283691
1996-08-25,280.484915415446
1996-08-26,282.907299041748
1996-08-27,285.080282847087
1996-08-28,282.405176798503
1996-08-29,280.465957641601
1996-08-30,278.781373341878
1996-08-31,275.276167551676
1996-09-01,277.75902557373
1996-09-02,280.535489400228
1996-09-03,281.633408864339
1996-09-04,283.115071614583
1996-09-05,285.092131296794
1996-09-06,284.46235148112
1996-09-07,284.223274230957
1996-09-08,285.071022033691
1996-09-09,283.910134633382
1996-09-10,284.848431905111
1996-09-11,282.761720021566
1996-09-12,283.686478932699
1996-09-13,284.021717071533
1996-09-14,286.943416595459
1996-09-15,287.125737508138
1996-09-16,285.602718353271
1996-09-17,284.557853698731
1996-09-18,284.732125600179
1996-09-19,284.595175425212
1996-09-20,281.450763702393
1996-09-21,282.055692036947
1996-09-22,282.199961344401
1996-09-23,283.848147074382
1996-09-24,285.694564819336
1996-09-25,285.662097930908
1996-09-26,285.787572224935
1996-09-27,285.182750701904
1996-09-28,286.497067769368
1996-09-29,286.020942687988
1996-09-30,280.993395487467
1996-10-01,282.290363311768
1996-10-02,287.481146494548
1996-10-03,287.287873586019
1996-10-04,285.282408396403
1996-10-05,282.701005299886
1996-10-06,284.97895304362
1996-10-07,286.204812367757
1996-10-08,286.843077341715
1996-10-09,283.07094446818
1996-10-10,279.921761830648
1996-10-11,283.121245066325
1996-10-12,285.188732147217
1996-10-13,287.667157491048
1996-10-14,284.75715637207
1996-10-15,281.248242696126
1996-10-16,281.850901285807
1996-10-17,281.208906809489
1996-10-18,285.613554636637
1996-10-19,286.150287628174
1996-10-20,287.088199615479
1996-10-21,287.181574503581
1996-10-22,286.746114095052
1996-10-23,284.512657165527
1996-10-24,278.179583231608
1996-10-25,280.918696085612
1996-10-26,284.733088175456
1996-10-27,286.7286084493
1996-10-28,285.362024943034
1996-10-29,286.689432779948
1996-10-30,287.25600306193
1996-10-31,286.479091644287
1996-11-01,284.163359324137
1996-11-02,279.115247090658
1996-11-03,279.272073109945
1996-11-04,281.184385935465
1996-11-05,281.961068471273
1996-11-06,282.133823394775
1996-11-07,285.151686350505
1996-11-08,283.735198974609
1996-11-09,281.929672241211
1996-11-10,282.682295481364
1996-11-11,280.204719543457
1996-11-12,286.441916147868
1996-11-13,285.211044311523
1996-11-14,284.871440887451
1996-11-15,287.051760355631
1996-11-16,288.502223968506
1996-11-17,286.581946055094
1996-11-18,284.769334157308
1996-11-19,286.965307871501
1996-11-20,286.963086446126
1996-11-21,285.316478729248
1996-11-22,286.316836039225
1996-11-23,286.16937383016
1996-11-24,285.4461034139
1996-11-25,285.859029134115
1996-11-26,286.22785949707
1996-11-27,287.084290822347
1996-11-28,284.88975016276
1996-11-29,286.853933970133
1996-11-30,285.570618947347
1996-12-01,287.797065734863
1996-12-02,289.221131642659
1996-12-03,289.116399129232
1996-12-04,288.898180643717
1996-12-05,285.887781778971
1996-12-06,285.374905904134
1996-12-07,284.337500254313
1996-12-08,283.322156270345
1996-12-09,284.843115488688
1996-12-10,285.690312703451
1996-12-11,289.013408660889
1996-12-12,288.809071858724
1996-12-13,287.367121378581
1996-12-14,286.971046447754
1996-12-15,287.617524464925
1996-12-16,284.475480397542
1996-12-17,285.236114501953
1996-12-18,288.087195078532
1996-12-19,289.584949493408
1996-12-20,290.298952738444
1996-12-21,288.672737121582
1996-12-22,283.891114552816
1996-12-23,285.950313568115
1996-12-24,288.971719106038
1996-12-25,287.594629923503
1996-12-26,288.315167744954
1996-12-27,290.216753641764
1996-12-28,290.331588745117
1996-12-29,290.749512990316
1996-12-30,291.816630045573
1996-12-31,289.474454243978
1997-01-01,292.009741465251
1997-01-02,292.251052856445
1997-01-03,290.650571187337
1997-01-04,289.372505187988
1997-01-05,285.855819702148
1997-01-06,281.903982798258
1997-01-07,285.143947601318
1997-01-08,288.964461008708
1997-01-09,288.571999867757
1997-01-10,290.600551605225
1997-01-11,289.704073588053
1997-01-12,290.287834167481
1997-01-13,287.09087117513
1997-01-14,288.278521219889
1997-01-15,287.648532867432
1997-01-16,286.96061706543
1997-01-17,285.24847539266
1997-01-18,288.896511077881
1997-01-19,286.743910471598
1997-01-20,284.759183247884
1997-01-21,287.631127675374
1997-01-22,288.099414825439
1997-01-23,287.766621907552
1997-01-24,285.2043800354
1997-01-25,290.56725692749
1997-01-26,289.28689066569
1997-01-27,284.04850769043
1997-01-28,285.787104288737
1997-01-29,286.255578358968
1997-01-30,286.944703420003
1997-01-31,288.529167175293
1997-02-01,287.510066986084
1997-02-02,287.940729777018
1997-02-03,288.546759287516
1997-02-04,289.18986638387
1997-02-05,288.124973297119
1997-02-06,289.237486521403
1997-02-07,287.955603281657
1997-02-08,291.565352121989
1997-02-09,292.732282002767
1997-02-10,291.079174041748
1997-02-11,291.55805460612
1997-02-12,291.67533493042
1997-02-13,288.944863637288
1997-02-14,284.852814992269
1997-02-15,288.379241943359
1997-02-16,289.276982625326
1997-02-17,290.884452819824
1997-02-18,291.156289418539
1997-02-19,289.931616465251
1997-02-20,287.85920715332
1997-02-21,291.046796162923
1997-02-22,292.481995900472
1997-02-23,293.18569056193
1997-02-24,293.06635538737
1997-02-25,293.110865275065
1997-02-26,291.519546508789
1997-02-27,289.292457580566
1997-02-28,289.132296244303
1997-03-01,289.482018788656
1997-03-02,291.188058217367
1997-03-03,291.520125071208
1997-03-04,289.317246754964
1997-03-05,290.285076141357
1997-03-06,290.047170003255
1997-03-07,286.891881306966
1997-03-08,286.291483561198
1997-03-09,286.897748311361
1997-03-10,288.131724039714
1997-03-11,286.745034535726
1997-03-12,285.684624989828
1997-03-13,284.241418202718
1997-03-14,283.388209025065
1997-03-15,288.288005828857
1997-03-16,289.023022969564
1997-03-17,286.694756825765
1997-03-18,286.399138132731
1997-03-19,288.119965871175
1997-03-20,288.642234802246
1997-03-21,289.204177856445
1997-03-22,289.846522013346
1997-03-23,287.719034830729
1997-03-24,285.217559814453
1997-03-25,284.781885782878
1997-03-26,287.44957224528
1997-03-27,286.157426198323
1997-03-28,285.07853825887
1997-03-29,284.62646484375
1997-03-30,284.297064463297
1997-03-31,286.156261444092
1997-04-01,287.220653533936
1997-04-02,284.914586385091
1997-04-03,283.80946858724
1997-04-04,285.920791625977
1997-04-05,288.8623975118
1997-04-06,290.91615041097
1997-04-07,290.512587229411
1997-04-08,290.631469726562
1997-04-09,291.704298655192
1997-04-10,285.891170501709
1997-04-11,283.637368520101
1997-04-12,282.889851888021
1997-04-13,281.490526835124
1997-04-14,283.977770487467
1997-04-15,281.365626017253
1997-04-16,282.976534525553
1997-04-17,282.649862925212
1997-04-18,285.72132619222
1997-04-19,287.087842305501
1997-04-20,282.477986653646
1997-04-21,279.773906707764
1997-04-22,279.94926961263
1997-04-23,282.175997416178
1997-04-24,279.795057932536
1997-04-25,280.355196634928
1997-04-26,282.408445994059
1997-04-27,281.902062733968
1997-04-28,283.977761586507
1997-04-29,285.265239715576
1997-04-30,282.941401163737
1997-05-01,284.886304219564
1997-05-02,285.459866841634
1997-05-03,284.261478424072
1997-05-04,282.918099721273
1997-05-05,283.493689219157
1997-05-06,283.567070007324
1997-05-07,282.990996042887
1997-05-08,283.813878377279
1997-05-09,282.720719655355
1997-05-10,283.024689992269
1997-05-11,282.354022979736
1997-05-12,283.806616465251
1997-05-13,283.297299702962
1997-05-14,284.991106669108
1997-05-15,284.735543568929
1997-05-16,285.462635040283
1997-05-17,281.102364857992
1997-05-18,281.212145487467
1997-05-19,281.901206970215
1997-05-20,284.476593017578
1997-05-21,286.020973205566
1997-05-22,285.778077443441
1997-05-23,284.297162373861
1997-05-24,284.68489964803
1997-05-25,284.769549051921
1997-05-26,285.015192667643
1997-05-27,285.141892751058
1997-05-28,284.04875310262
1997-05-29,283.03012975057
1997-05-30,283.904113769531
1997-05-31,284.571937561035
1997-06-01,285.237536112467
1997-06-02,281.880760192871
1997-06-03,279.086654663086
1997-06-04,276.950773874919
1997-06-05,278.788251241048
1997-06-06,278.824610392253
1997-06-07,277.906424204508
1997-06-08,278.747243245443
1997-06-09,279.91641108195
1997-06-10,281.753987630208
1997-06-11,280.386096954346
1997-06-12,283.017800649007
1997-06-13,282.499322255453
1997-06-14,280.678050994873
1997-06-15,278.488595326742
1997-06-16,281.743750254313
1997-06-17,283.667805989583
1997-06-18,282.255617777506
1997-06-19,278.146638234456
1997-06-20,277.202068328857
1997-06-21,280.44012705485
1997-06-22,281.155077616374
1997-06-23,279.310578664144
1997-06-24,281.498900095622
1997-06-25,279.37387975057
1997-06-26,277.152406056722
1997-06-27,277.525952657064
1997-06-28,276.548084259033
1997-06-29,278.96848042806
1997-06-30,280.262966156006
1997-07-01,281.307357788086
1997-07-02,282.448918660482
1997-07-03,283.134871164958
1997-07-04,282.436205546061
1997-07-05,278.111980438232
1997-07-06,277.117654164632
1997-07-07,276.784149169922
1997-07-08,277.537254333496
1997-07-09,279.670163472493
1997-07-10,282.120941162109
1997-07-11,281.224520365397
1997-07-12,277.677151997884
1997-07-13,279.239543914795
1997-07-14,279.732070922852
1997-07-15,277.763642628988
1997-07-16,277.38627243042
1997-07-17,277.740765889486
1997-07-18,279.625063578288
1997-07-19,280.361511230469
1997-07-20,277.149108886719
1997-07-21,277.973045349121
1997-07-22,279.073228200277
1997-07-23,280.056260426839
1997-07-24,283.318812052409
1997-07-25,278.793885548909
1997-07-26,277.793983459473
1997-07-27,277.958344777425
1997-07-28,278.101092020671
1997-07-29,277.13902537028
1997-07-30,279.84116490682
1997-07-31,281.942401885986
1997-08-01,282.184692382812
1997-08-02,279.220043182373
1997-08-03,278.059781392415
1997-08-04,278.055221557617
1997-08-05,277.038056691488
1997-08-06,277.21018854777
1997-08-07,278.174256642659
1997-08-08,278.122858683268
1997-08-09,278.012409210205
1997-08-10,279.844593048096
1997-08-11,282.58052444458
1997-08-12,282.110761006673
1997-08-13,283.176082611084
1997-08-14,282.976771036784
1997-08-15,279.343167622884
1997-08-16,282.347643534342
1997-08-17,284.719468434652
1997-08-18,284.844571431478
1997-08-19,285.009563446045
1997-08-20,282.309883117676
1997-08-21,279.773090362549
1997-08-22,278.525800069173
1997-08-23,278.321781158447
1997-08-24,280.104084014893
1997-08-25,282.963331858317
1997-08-26,283.79465230306
1997-08-27,283.534736633301
1997-08-28,283.692420959473
1997-08-29,278.907908121745
1997-08-30,281.403947194417
1997-08-31,280.948148091634
1997-09-01,281.529547373454
1997-09-02,281.61027654012
1997-09-03,282.483366648356
1997-09-04,279.867265065511
1997-09-05,279.774257659912
1997-09-06,276.621395111084
1997-09-07,278.072154998779
1997-09-08,279.518513997396
1997-09-09,281.305939992269
1997-09-10,282.413145701091
1997-09-11,283.686614990234
1997-09-12,283.379314422607
1997-09-13,279.65795135498
1997-09-14,277.219608306885
1997-09-15,280.390506744385
1997-09-16,280.214013417562
1997-09-17,282.893671671549
1997-09-18,283.951376597087
1997-09-19,281.324826558431
1997-09-20,280.875843048096
1997-09-21,281.522008260091
1997-09-22,283.451676686605
1997-09-23,283.340951283773
1997-09-24,281.441040039062
1997-09-25,279.400772094727
1997-09-26,280.778544108073
1997-09-27,283.458604176839
1997-09-28,285.276980082194
1997-09-29,285.819903055827
1997-09-30,284.885683695475
1997-10-01,282.933700561523
1997-10-02,284.10355758667
1997-10-03,285.808631896973
1997-10-04,286.104587554932
1997-10-05,282.533246358236
1997-10-06,277.9498240153
1997-10-07,281.215229034424
1997-10-08,282.118292490641
1997-10-09,284.847805023193
1997-10-10,285.016783396403
1997-10-11,284.998718261719
1997-10-12,286.719359079997
1997-10-13,287.312618255615
1997-10-14,287.331335703532
1997-10-15,284.57107035319
1997-10-16,282.060682932536
1997-10-17,283.419965108236
1997-10-18,285.061777750651
1997-10-19,283.380634307861
1997-10-20,282.228321075439
1997-10-21,283.49809773763
1997-10-22,282.404248555501
1997-10-23,285.421320597331
1997-10-24,286.290387471517
1997-10-25,285.958616892497
1997-10-26,286.194979349772
1997-10-27,282.385795593262
1997-10-28,284.146134694417
1997-10-29,284.401176452637
1997-10-30,287.450772603353
1997-10-31,287.173859914144
1997-11-01,289.202882130941
1997-11-02,288.363730112712
1997-11-03,287.7923634847
1997-11-04,285.536654154459
1997-11-05,285.639652252197
1997-11-06,283.053127288818
1997-11-07,286.218552907308
1997-11-08,285.81368637085
1997-11-09,284.855335235596
1997-11-10,280.95454788208
1997-11-11,279.972881317139
1997-11-12,285.228925069173
1997-11-13,287.504261016846
1997-11-14,287.544102986654
1997-11-15,287.54686609904
1997-11-16,286.941673278809
1997-11-17,284.090780893962
1997-11-18,286.361049652099
1997-11-19,285.246416727702
1997-11-20,286.568050384521
1997-11-21,285.50292078654
1997-11-22,282.610776265462
1997-11-23,284.010107676188
1997-11-24,288.258611043294
1997-11-25,289.360106150309
1997-11-26,286.60986328125
1997-11-27,288.225602467855
1997-11-28,291.513891855876
1997-11-29,290.914048512777
1997-11-30,288.729361216227
1997-12-01,288.962512969971
1997-12-02,286.823402404785
1997-12-03,288.95281346639
1997-12-04,288.420593261719
1997-12-05,285.667058308919
1997-12-06,286.227647145589
1997-12-07,283.702030181885
1997-12-08,284.348526000977
1997-12-09,286.507591247559
1997-12-10,285.995825449626
1997-12-11,284.749308268229
1997-12-12,282.997994740804
1997-12-13,287.870221455892
1997-12-14,286.843846638997
1997-12-15,291.172012329102
1997-12-16,293.987513224284
1997-12-17,290.955790201823
1997-12-18,290.503648122152
1997-12-19,291.83287302653
1997-12-20,292.240236918132
1997-12-21,291.01373163859
1997-12-22,287.935506184896
1997-12-23,291.969586690267
1997-12-24,294.950855255127
1997-12-25,293.998105367025
1997-12-26,288.768281300863
1997-12-27,288.42421468099
1997-12-28,289.225569407145
1997-12-29,289.334644317627
1997-12-30,283.943777720133
1997-12-31,286.901742299398
1998-01-01,286.449591318766
1998-01-02,289.288459777832
1998-01-03,290.949239095052
1998-01-04,291.857715606689
1998-01-05,291.732653299968
1998-01-06,292.358437856038
1998-01-07,290.843638102213
1998-01-08,289.532716115316
1998-01-09,287.833326975505
1998-01-10,282.473962148031
1998-01-11,283.398445129395
1998-01-12,287.631207784017
1998-01-13,287.044920603434
1998-01-14,285.143507639567
1998-01-15,289.976451873779
1998-01-16,289.582879384359
1998-01-17,288.138429005941
1998-01-18,287.339722951253
1998-01-19,290.014619191487
1998-01-20,288.621362050374
1998-01-21,287.218233744303
1998-01-22,287.474394480387
1998-01-23,290.529165903727
1998-01-24,293.548383076986
1998-01-25,294.829743703206
1998-01-26,293.344003041585
1998-01-27,293.791938781738
1998-01-28,295.610969543457
1998-01-29,297.06947072347
1998-01-30,296.737903594971
1998-01-31,295.535610198975
1998-02-01,292.63431040446
1998-02-02,291.079355875651
1998-02-03,292.262992858887
1998-02-04,291.536997477213
1998-02-05,295.217737833659
1998-02-06,295.09495417277
1998-02-07,295.097056070964
1998-02-08,294.161832173665
1998-02-09,295.272420247396
1998-02-10,295.068467458089
1998-02-11,292.650543212891
1998-02-12,292.209940592448
1998-02-13,295.601291656494
1998-02-14,297.36186726888
1998-02-15,295.838994344076
1998-02-16,295.156079610189
1998-02-17,295.371074676514
1998-02-18,295.419002532959
1998-02-19,291.373229980469
1998-02-20,292.351064046224
1998-02-21,294.746462504069
1998-02-22,293.318450927734
1998-02-23,290.408209482829
1998-02-24,289.022453308105
1998-02-25,282.476689656576
1998-02-26,287.114142100016
1998-02-27,288.505840301514
1998-02-28,291.744581858317
1998-03-01,290.532327016195
1998-03-02,288.090819040934
1998-03-03,288.405605316162
1998-03-04,289.78200785319
1998-03-05,291.351071675618
1998-03-06,291.569890340169
1998-03-07,293.432189941406
1998-03-08,293.438500722249
1998-03-09,293.497287750244
1998-03-10,292.823702494303
1998-03-11,293.976136525472
1998-03-12,291.204088846843
1998-03-13,291.214562733968
1998-03-14,291.335564931234
1998-03-15,292.611632029215
1998-03-16,286.077757517497
1998-03-17,286.711756388346
1998-03-18,287.569905598958
1998-03-19,290.056950887044
1998-03-20,289.789330800374
1998-03-21,290.554892222087
1998-03-22,290.389143625895
1998-03-23,287.239598592122
1998-03-24,289.93070602417
1998-03-25,292.740375518799
1998-03-26,291.791809082031
1998-03-27,289.283925374349
1998-03-28,289.713172912598
1998-03-29,291.202340443929
1998-03-30,292.501327514648
1998-03-31,289.027056376139
1998-04-01,288.008958180745
1998-04-02,289.963676452637
1998-04-03,284.936059315999
1998-04-04,287.046831766764
1998-04-05,285.285348256429
1998-04-06,285.162840525309
1998-04-07,285.225737253825
1998-04-08,287.776899973551
1998-04-09,289.655431111654
1998-04-10,288.11659749349
1998-04-11,286.452163696289
1998-04-12,287.951903025309
1998-04-13,289.335929870606
1998-04-14,290.028933207194
1998-04-15,289.600162506104
1998-04-16,282.140846252441
1998-04-17,282.944872538249
1998-04-18,285.590175628662
1998-04-19,283.925498962403
1998-04-20,283.334222157796
1998-04-21,284.903277079264
1998-04-22,287.064977010091
1998-04-23,289.324427286784
1998-04-24,290.283803304036
1998-04-25,287.213781992594
1998-04-26,284.807418823242
1998-04-27,286.658982594808
1998-04-28,289.517936706543
1998-04-29,290.066060384115
1998-04-30,285.492769877116
1998-05-01,284.665328979492
1998-05-02,285.189988454183
1998-05-03,281.892559051514
1998-05-04,285.516318003336
1998-05-05,279.705635070801
1998-05-06,280.874362945557
1998-05-07,281.975243886312
1998-05-08,285.344848632812
1998-05-09,286.35066095988
1998-05-10,284.929721832275
1998-05-11,281.130044301351
1998-05-12,282.998499552409
1998-05-13,283.799475351969
1998-05-14,281.582337697347
1998-05-15,280.187927246094
1998-05-16,280.177476247152
1998-05-17,282.459513346354
1998-05-18,279.207522074381
1998-05-19,279.266302744547
1998-05-20,280.431405385335
1998-05-21,282.306744893392
1998-05-22,283.045501708984
1998-05-23,285.296225229899
1998-05-24,286.263514200846
1998-05-25,285.968172709147
1998-05-26,285.065481821696
1998-05-27,283.365126291911
1998-05-28,281.197111765544
1998-05-29,281.829940795899
1998-05-30,283.666568756103
1998-05-31,285.191613515218
1998-06-01,281.954166412354
1998-06-02,280.919345855713
1998-06-03,281.476309458415
1998-06-04,277.122009277344
1998-06-05,278.9056447347
1998-06-06,277.509578704834
1998-06-07,279.214827219645
1998-06-08,282.782173156738
1998-06-09,286.774735768636
1998-06-10,284.920678456624
1998-06-11,280.119218190511
1998-06-12,280.306664784749
1998-06-13,282.001383463542
1998-06-14,284.611529032389
1998-06-15,283.394734700521
1998-06-16,278.305203755697
1998-06-17,280.266680399577
1998-06-18,283.576717376709
1998-06-19,280.179037729899
1998-06-20,278.316360473633
1998-06-21,278.349664052327
1998-06-22,280.32301457723
1998-06-23,283.842177073161
1998-06-24,281.756800333659
1998-06-25,281.264469146729
1998-06-26,284.40193049113
1998-06-27,282.051146189372
1998-06-28,276.269639333089
1998-06-29,278.2813428243
1998-06-30,279.665896097819
1998-07-01,282.050753275553
1998-07-02,286.055648803711
1998-07-03,282.923849741618
1998-07-04,278.487597147624
1998-07-05,279.443983713786
1998-07-06,276.874313354492
1998-07-07,279.174522399902
1998-07-08,282.273625691732
1998-07-09,283.752035776774
1998-07-10,286.401810963948
1998-07-11,285.375146230062
1998-07-12,283.762304941813
1998-07-13,281.499195098877
1998-07-14,281.797035217285
1998-07-15,281.092168172201
1998-07-16,281.643394470215
1998-07-17,283.140234629313
1998-07-18,278.52742767334
1998-07-19,279.640964508057
1998-07-20,280.245825449626
1998-07-21,279.828393300374
1998-07-22,283.257132212321
1998-07-23,286.62929280599
1998-07-24,285.466007232666
1998-07-25,283.241029103597
1998-07-26,282.664159138997
1998-07-27,282.798692067464
1998-07-28,283.816932678223
1998-07-29,281.808554331462
1998-07-30,285.055174509684
1998-07-31,285.911732991536
1998-08-01,284.187746683757
1998-08-02,283.774061838786
1998-08-03,279.671100616455
1998-08-04,275.452866872152
1998-08-05,278.530156453451
1998-08-06,281.707703908284
1998-08-07,284.7158203125
1998-08-08,278.961463928223
1998-08-09,277.872113545736
1998-08-10,279.811192830404
1998-08-11,282.985682169596
1998-08-12,285.433083852132
1998-08-13,283.059057871501
1998-08-14,281.613864898682
1998-08-15,281.47519048055
1998-08-16,281.245004018148
1998-08-17,277.662417093913
1998-08-18,279.639280954997
1998-08-19,279.030083974203
1998-08-20,278.408705393473
1998-08-21,278.44327545166
1998-08-22,277.127888997396
1998-08-23,280.740365346273
1998-08-24,283.501374562581
1998-08-25,284.949887593587
1998-08-26,285.05020014445
1998-08-27,283.972844441732
1998-08-28,281.690961201986
1998-08-29,279.901026407878
1998-08-30,280.226902008057
1998-08-31,276.121107737223
1998-09-01,278.770285288493
1998-09-02,282.186438242594
1998-09-03,282.593064626058
1998-09-04,281.544593811035
1998-09-05,279.705392201742
1998-09-06,283.670358022054
1998-09-07,283.324459075928
1998-09-08,283.729091644287
1998-09-09,280.566073099772
1998-09-10,280.588663736979
1998-09-11,283.353991190592
1998-09-12,280.314505259196
1998-09-13,280.719699859619
1998-09-14,281.372825622559
1998-09-15,285.834396362305
1998-09-16,288.297779083252
1998-09-17,288.597031911214
1998-09-18,286.369400024414
1998-09-19,283.344195048014
1998-09-20,282.508581797282
1998-09-21,285.732814788818
1998-09-22,283.239621480306
1998-09-23,282.467861175537
1998-09-24,284.8244972229
1998-09-25,284.870121002197
1998-09-26,283.602561950684
1998-09-27,285.517559051514
1998-09-28,286.685512542725
1998-09-29,283.188498179118
1998-09-30,285.53645324707
1998-10-01,287.261800130208
1998-10-02,285.069128672282
1998-10-03,285.210919698079
1998-10-04,284.300342559814
1998-10-05,286.456245422363
1998-10-06,284.014399210612
1998-10-07,282.466284434001
1998-10-08,286.786888122559
1998-10-09,291.089075724284
1998-10-10,288.841304779053
1998-10-11,286.097891489665
1998-10-12,284.844802856445
1998-10-13,287.384730021159
1998-10-14,286.009385426839
1998-10-15,286.11429977417
1998-10-16,285.737066904704
1998-10-17,284.090427398682
1998-10-18,285.221281687419
1998-10-19,286.499018351237
1998-10-20,287.379971822103
1998-10-21,285.870995839437
1998-10-22,283.157131195068
1998-10-23,282.062380472819
1998-10-24,283.514026641846
1998-10-25,285.126150767008
1998-10-26,287.34085337321
1998-10-27,288.886994679769
1998-10-28,290.82847849528
1998-10-29,290.100187937419
1998-10-30,288.082607269287
1998-10-31,285.48952738444
1998-11-01,284.754404703776
1998-11-02,285.034196217855
1998-11-03,285.675659179688
1998-11-04,286.503785451253
1998-11-05,282.826793670654
1998-11-06,285.417455037435
1998-11-07,287.696236928304
1998-11-08,285.28667195638
1998-11-09,285.071057637533
1998-11-10,287.422083536784
1998-11-11,285.454831441243
1998-11-12,289.041525522868
1998-11-13,287.560165405273
1998-11-14,283.659206390381
1998-11-15,283.95471572876
1998-11-16,284.797214508057
1998-11-17,286.615434010824
1998-11-18,287.53139368693
1998-11-19,287.404351552328
1998-11-20,288.218100229899
1998-11-21,286.492815653483
1998-11-22,285.388603210449
1998-11-23,281.893353780111
1998-11-24,287.806083679199
1998-11-25,287.867009480794
1998-11-26,285.101881663005
1998-11-27,282.89917755127
1998-11-28,283.424414316813
1998-11-29,285.026625315348
1998-11-30,286.798620859782
1998-12-01,290.378303527832
1998-12-02,289.497083028158
1998-12-03,287.068631490072
1998-12-04,285.827355702718
1998-12-05,286.442808787028
1998-12-06,287.415892283122
1998-12-07,290.11113357544
1998-12-08,288.011133829753
1998-12-09,286.907774607341
1998-12-10,285.988094329834
1998-12-11,284.237509409587
1998-12-12,284.311781565348
1998-12-13,287.457776387533
1998-12-14,290.830476125081
1998-12-15,286.502207438151
1998-12-16,288.491731007894
1998-12-17,292.174676259359
1998-12-18,291.851103464762
1998-12-19,292.418346405029
1998-12-20,292.111503601074
1998-12-21,292.266707102458
1998-12-22,292.737684885661
1998-12-23,290.405689239502
1998-12-24,288.586645762126
1998-12-25,285.135260264079
1998-12-26,286.328884124756
1998-12-27,287.725458780924
1998-12-28,289.626398722331
1998-12-29,289.773150126139
1998-12-30,291.894980112712
1998-12-31,292.554069519043
1999-01-01,293.151111602783
1999-01-02,290.987828572591
1999-01-03,288.420551300049
1999-01-04,289.003536224365
1999-01-05,291.457158406576
1999-01-06,293.783602396647
1999-01-07,294.812666575114
1999-01-08,294.206200917562
1999-01-09,288.979401906331
1999-01-10,285.701330820719
1999-01-11,289.402600606282
1999-01-12,292.746449788411
1999-01-13,294.031739552816
1999-01-14,295.265912373861
1999-01-15,295.730623881022
1999-01-16,293.651269276937
1999-01-17,293.701016743978
1999-01-18,291.647104899089
1999-01-19,290.722526550293
1999-01-20,291.889910380046
1999-01-21,295.069780985514
1999-01-22,291.009435017904
1999-01-23,287.970570882161
1999-01-24,287.823861440023
1999-01-25,288.515864054362
1999-01-26,288.038903554281
1999-01-27,287.705923716227
1999-01-28,291.589644114176
1999-01-29,290.273646036784
1999-01-30,290.839491526286
1999-01-31,291.529020945231
1999-02-01,289.607620239258
1999-02-02,283.38535563151
1999-02-03,285.672733306885
1999-02-04,287.401332855225
1999-02-05,288.545112609863
1999-02-06,291.396859486898
1999-02-07,292.056248982747
1999-02-08,290.116584777832
1999-02-09,289.629835764567
1999-02-10,292.814228057861
1999-02-11,289.368782043457
1999-02-12,286.004347483317
1999-02-13,289.082879384359
1999-02-14,291.887012481689
1999-02-15,293.096797943115
1999-02-16,293.657005310059
1999-02-17,292.656611124675
1999-02-18,291.199171702067
1999-02-19,292.571749369303
1999-02-20,293.041055043538
1999-02-21,290.835917154948
1999-02-22,287.378875732422
1999-02-23,287.289258321126
1999-02-24,287.798136393229
1999-02-25,287.788503011068
1999-02-26,290.970406850179
1999-02-27,293.028275807699
1999-02-28,291.112312316894
1999-03-01,289.719568888346
1999-03-02,288.170331319173
1999-03-03,286.289175669352
1999-03-04,288.962498982747
1999-03-05,288.768760681152
1999-03-06,289.674922943115
1999-03-07,290.858220418294
1999-03-08,293.490473429362
1999-03-09,292.925838470459
1999-03-10,290.663045247396
1999-03-11,290.829889933268
1999-03-12,291.404215494792
1999-03-13,291.204265594482
1999-03-14,290.053984324137
1999-03-15,288.743003845215
1999-03-16,289.164953867594
1999-03-17,290.588273366292
1999-03-18,289.861892700195
1999-03-19,289.685590108236
1999-03-20,288.760372161865
1999-03-21,291.087909698486
1999-03-22,290.970064798991
1999-03-23,290.450885772705
1999-03-24,287.188804626465
1999-03-25,285.392828623454
1999-03-26,286.763502756755
1999-03-27,289.531787872315
1999-03-28,291.15296681722
1999-03-29,291.862079620361
1999-03-30,293.123278299967
1999-03-31,294.188507080078
1999-04-01,290.452829996745
1999-04-02,289.255905151367
1999-04-03,288.520795186361
1999-04-04,287.416299184163
1999-04-05,288.060192108154
1999-04-06,287.61100769043
1999-04-07,289.40260442098
1999-04-08,290.292217254639
1999-04-09,289.263310750326
1999-04-10,285.01700592041
1999-04-11,281.636545817057
1999-04-12,279.896881103516
1999-04-13,283.030886332194
1999-04-14,284.340461730957
1999-04-15,287.395882924398
1999-04-16,287.002991994222
1999-04-17,284.360586802165
1999-04-18,278.37301381429
1999-04-19,280.724422454834
1999-04-20,285.180431365967
1999-04-21,287.154242197673
1999-04-22,286.234002431234
1999-04-23,287.622409820557
1999-04-24,286.253509521484
1999-04-25,285.745557149251
1999-04-26,286.347909291585
1999-04-27,285.665691375733
1999-04-28,285.302806854248
1999-04-29,283.7842725118
1999-04-30,284.145266215006
1999-05-01,286.107533772786
1999-05-02,285.425687154134
1999-05-03,285.555688222249
1999-05-04,281.469366709391
1999-05-05,282.356304168701
1999-05-06,282.384592692057
1999-05-07,280.677452087402
1999-05-08,282.049039204915
1999-05-09,282.254997253418
1999-05-10,286.069843292236
1999-05-11,285.2380956014
1999-05-12,283.587675730387
1999-05-13,284.2022412618
1999-05-14,286.271547953288
1999-05-15,290.105345408122
1999-05-16,289.383239746094
1999-05-17,288.173520406087
1999-05-18,281.241162618001
1999-05-19,280.309632619222
1999-05-20,279.947817484538
1999-05-21,280.308712005615
1999-05-22,281.077955881755
1999-05-23,281.518714904785
1999-05-24,282.980945587158
1999-05-25,283.41929880778
1999-05-26,283.33337020874
1999-05-27,286.501759847005
1999-05-28,289.710205078125
1999-05-29,288.185156504313
1999-05-30,287.434411366781
1999-05-31,286.941669464111
1999-06-01,286.319151560466
1999-06-02,286.944393157959
1999-06-03,284.56383005778
1999-06-04,283.243712107341
1999-06-05,282.212323506673
1999-06-06,280.400347391764
1999-06-07,282.057142893473
1999-06-08,282.387589772542
1999-06-09,284.145815531413
1999-06-10,277.719741821289
1999-06-11,280.810844421387
1999-06-12,283.121383666992
1999-06-13,285.737602233887
1999-06-14,284.519282023112
1999-06-15,284.890529632568
1999-06-16,286.809906005859
1999-06-17,283.144063313802
1999-06-18,279.116441090902
1999-06-19,278.052782694499
1999-06-20,277.530055999756
1999-06-21,279.239189147949
1999-06-22,277.384343465169
1999-06-23,276.564795176188
1999-06-24,277.990023295084
1999-06-25,278.402435302734
1999-06-26,280.63405863444
1999-06-27,278.607222239177
1999-06-28,277.058242797852
1999-06-29,277.19784673055
1999-06-30,278.160949707031
1999-07-01,280.003662109375
1999-07-02,283.03312810262
1999-07-03,284.012076059977
1999-07-04,282.018182118734
1999-07-05,279.789900461833
1999-07-06,279.541814168294
1999-07-07,283.828350067139
1999-07-08,286.001200358073
1999-07-09,279.161135355631
1999-07-10,276.280378977458
1999-07-11,277.114501953125
1999-07-12,279.206774393718
1999-07-13,281.007577260335
1999-07-14,280.104986826579
1999-07-15,279.370098114014
1999-07-16,281.720792134603
1999-07-17,282.841869354248
1999-07-18,285.703689575195
1999-07-19,283.566193898519
1999-07-20,284.313612620036
1999-07-21,283.967042287191
1999-07-22,282.229841868083
1999-07-23,281.535930633545
1999-07-24,280.570245107015
1999-07-25,278.71124903361
1999-07-26,280.457556406657
1999-07-27,279.048316955566
1999-07-28,278.340136210124
1999-07-29,278.598147074381
1999-07-30,279.35121790568
1999-07-31,278.206689198812
1999-08-01,277.657620747884
1999-08-02,277.982398986816
1999-08-03,278.972948710124
1999-08-04,280.793479919434
1999-08-05,280.594590504964
1999-08-06,280.055339813232
1999-08-07,279.779624938965
1999-08-08,278.869077046712
1999-08-09,277.500475565593
1999-08-10,278.866757710775
1999-08-11,279.84069442749
1999-08-12,281.022580464681
1999-08-13,281.141777038574
1999-08-14,281.130958557129
1999-08-15,281.397205352783
1999-08-16,282.594064076742
1999-08-17,279.584883371989
1999-08-18,275.678665161133
1999-08-19,277.284872690837
1999-08-20,281.928178151449
1999-08-21,284.119705200195
1999-08-22,281.098431905111
1999-08-23,279.529804229736
1999-08-24,281.245100657145
1999-08-25,284.060531616211
1999-08-26,282.172181447347
1999-08-27,276.956868489583
1999-08-28,278.217352549235
1999-08-29,279.080408732096
1999-08-30,281.79834874471
1999-08-31,283.465065002442
1999-09-01,280.340591430664
1999-09-02,281.040785471598
1999-09-03,282.543763478597
1999-09-04,282.369285583496
1999-09-05,284.106383005778
1999-09-06,284.096886952718
1999-09-07,285.743649800618
1999-09-08,284.214773813883
1999-09-09,279.182067871094
1999-09-10,278.670115152995
1999-09-11,280.043984731038
1999-09-12,281.87329864502
1999-09-13,284.793482462565
1999-09-14,285.673468271891
1999-09-15,286.258076985677
1999-09-16,285.091868082682
1999-09-17,283.203344980876
1999-09-18,281.195077260335
1999-09-19,285.017707824707
1999-09-20,284.42923227946
1999-09-21,281.993250528971
1999-09-22,278.48309580485
1999-09-23,279.665835062663
1999-09-24,282.739891052246
1999-09-25,284.997346242269
1999-09-26,285.6175587972
1999-09-27,286.54221089681
1999-09-28,280.112429300944
1999-09-29,282.970854441325
1999-09-30,285.209134419759
1999-10-01,283.879764556885
1999-10-02,286.633600870768
1999-10-03,287.105590820312
1999-10-04,286.431074778239
1999-10-05,286.400081634522
1999-10-06,286.143217722575
1999-10-07,286.157901763916
1999-10-08,288.058483123779
1999-10-09,289.161930084229
1999-10-10,287.803632100423
1999-10-11,288.842287699381
1999-10-12,286.068623860677
1999-10-13,286.622318267822
1999-10-14,284.518132527669
1999-10-15,279.978164672852
1999-10-16,279.988121032715
1999-10-17,281.20096206665
1999-10-18,280.175108591716
1999-10-19,283.367614746094
1999-10-20,286.399080912272
1999-10-21,287.654351552328
1999-10-22,287.264054616292
1999-10-23,286.275105794271
1999-10-24,285.880180358887
1999-10-25,280.100397745768
1999-10-26,283.765937805176
1999-10-27,286.911159515381
1999-10-28,288.962980906169
1999-10-29,289.48628616333
1999-10-30,288.553326924642
1999-10-31,289.803882598877
1999-11-01,289.987054189046
1999-11-02,289.882787068685
1999-11-03,287.571371714274
1999-11-04,286.004829406738
1999-11-05,287.23472849528
1999-11-06,288.423849741618
1999-11-07,288.933806101481
1999-11-08,290.96053314209
1999-11-09,290.267248789469
1999-11-10,290.686300913493
1999-11-11,291.499029795329
1999-11-12,288.89644241333
1999-11-13,285.005968729655
1999-11-14,285.878746032715
1999-11-15,287.190250396729
1999-11-16,286.868443806966
1999-11-17,288.363967895508
1999-11-18,289.04795328776
1999-11-19,288.817755381266
1999-11-20,285.747891743978
1999-11-21,282.56037012736
1999-11-22,282.475121815999
1999-11-23,282.809529622396
1999-11-24,286.133454640706
1999-11-25,287.529284159342
1999-11-26,285.849566141764
1999-11-27,288.090422312419
1999-11-28,287.869510650635
1999-11-29,285.722524007161
1999-11-30,282.647174835205
1999-12-01,283.563025156657
1999-12-02,287.69676844279
1999-12-03,288.636488596598
1999-12-04,287.823197682699
1999-12-05,290.584808349609
1999-12-06,290.090639750163
1999-12-07,287.21589533488
1999-12-08,283.215043385824
1999-12-09,283.440841674805
1999-12-10,284.669143676758
1999-12-11,288.922475179036
1999-12-12,288.990928649902
1999-12-13,288.60264078776
1999-12-14,287.669625600179
1999-12-15,281.946150461833
1999-12-16,286.343601226807
1999-12-17,288.201325734456
1999-12-18,290.248566945394
1999-12-19,290.606283823649
1999-12-20,290.083213806152
1999-12-21,288.605785369873
1999-12-22,288.388753255208
1999-12-23,289.160372416178
1999-12-24,288.824952443441
1999-12-25,285.402147928874
1999-12-26,282.581128438314
1999-12-27,283.533233642578
1999-12-28,283.630242665609
1999-12-29,284.541497548421
1999-12-30,286.654834747314
1999-12-31,289.381726582845
2000-01-01,288.782555898031
2000-01-02,291.480614980062
2000-01-03,290.234980265299
2000-01-04,286.350765228271
2000-01-05,286.253602345784
2000-01-06,287.631373087565
2000-01-07,289.280471801758
2000-01-08,289.524545033773
2000-01-09,288.3721631368
2000-01-10,288.530990600586
2000-01-11,285.881259918213
2000-01-12,285.0910987854
2000-01-13,283.335484822591
2000-01-14,287.377442677816
2000-01-15,289.151323954264
2000-01-16,289.351272583008
2000-01-17,290.498756408691
2000-01-18,290.718143463135
2000-01-19,290.841316223145
2000-01-20,291.213199615478
2000-01-21,292.942883809408
2000-01-22,293.167976379394
2000-01-23,294.141354878743
2000-01-24,293.160626729329
2000-01-25,289.698446909586
2000-01-26,285.389105478922
2000-01-27,283.7108446757
2000-01-28,284.541858673096
2000-01-29,288.415768941243
2000-01-30,289.958688100179
2000-01-31,291.826335906982
2000-02-01,288.500734965006
2000-02-02,287.096956888835
2000-02-03,285.676139831543
2000-02-04,284.684508005778
2000-02-05,289.07923634847
2000-02-06,290.922922770182
2000-02-07,290.642328898112
2000-02-08,289.557657877604
2000-02-09,290.090906778971
2000-02-10,291.551171620687
2000-02-11,290.245741526286
2000-02-12,290.758500417074
2000-02-13,291.42942682902
2000-02-14,292.203118642171
2000-02-15,291.686731974284
2000-02-16,291.811706542969
2000-02-17,290.503800710042
2000-02-18,290.963144938151
2000-02-19,288.057890574137
2000-02-20,287.585741678874
2000-02-21,290.63161722819
2000-02-22,288.591121673584
2000-02-23,283.568775177002
2000-02-24,286.840726216634
2000-02-25,291.007064819336
2000-02-26,291.047833760579
2000-02-27,289.452482859294
2000-02-28,291.171843210856
2000-02-29,290.28248723348
2000-03-01,292.751124064128
2000-03-02,290.073483784993
2000-03-03,287.163567860921
2000-03-04,288.176906585693
2000-03-05,292.145463307698
2000-03-06,292.720315297445
2000-03-07,292.043814341227
2000-03-08,289.672728220622
2000-03-09,285.12183380127
2000-03-10,286.833379109701
2000-03-11,285.728141784668
2000-03-12,290.389643351237
2000-03-13,290.798662821452
2000-03-14,286.303751627604
2000-03-15,284.60249710083
2000-03-16,287.769907633464
2000-03-17,285.698088328044
2000-03-18,284.09331258138
2000-03-19,288.760714213053
2000-03-20,288.448810577393
2000-03-21,290.30610148112
2000-03-22,286.224814097087
2000-03-23,282.984568277995
2000-03-24,285.291348775228
2000-03-25,286.949226379395
2000-03-26,285.364856719971
2000-03-27,285.822580973307
2000-03-28,286.498724619547
2000-03-29,286.393900553385
2000-03-30,288.601591746012
2000-03-31,287.89328511556
2000-04-01,288.538468678792
2000-04-02,289.307310740153
2000-04-03,287.299430847168
2000-04-04,285.785246531169
2000-04-05,290.779289245605
2000-04-06,291.31894048055
2000-04-07,291.040489196777
2000-04-08,288.187088012695
2000-04-09,285.762049357096
2000-04-10,285.552884419759
2000-04-11,285.453718821208
2000-04-12,282.999071756999
2000-04-13,284.848325093587
2000-04-14,286.767281850179
2000-04-15,284.851024627686
2000-04-16,286.271362304688
2000-04-17,287.399082183838
2000-04-18,287.289738972982
2000-04-19,289.783173878988
2000-04-20,289.098004659017
2000-04-21,286.909734090169
2000-04-22,286.421057383219
2000-04-23,284.885078430176
2000-04-24,285.892457326253
2000-04-25,283.652928670247
2000-04-26,280.131172180176
2000-04-27,284.456251780192
2000-04-28,282.858116149902
2000-04-29,284.120028177897
2000-04-30,285.499146779378
2000-05-01,285.694313049317
2000-05-02,285.75729115804
2000-05-03,284.862149556478
2000-05-04,285.988157908122
2000-05-05,286.649730682373
2000-05-06,284.067810058594
2000-05-07,285.901805877686
2000-05-08,285.213854471842
2000-05-09,280.744092305501
2000-05-10,282.962294260661
2000-05-11,284.373310089111
2000-05-12,285.653532663981
2000-05-13,285.591906229655
2000-05-14,283.090747833252
2000-05-15,282.704401652018
2000-05-16,286.912008921305
2000-05-17,281.473398844401
2000-05-18,282.553309122721
2000-05-19,285.285331726074
2000-05-20,286.024684906006
2000-05-21,287.155433654785
2000-05-22,283.701515197754
2000-05-23,282.580708821615
2000-05-24,282.488931020101
2000-05-25,282.091726938883
2000-05-26,281.19889831543
2000-05-27,280.892691294352
2000-05-28,280.606080373128
2000-05-29,282.331732432047
2000-05-30,282.692417144775
2000-05-31,282.9886525472
2000-06-01,283.788248697917
2000-06-02,284.267211914062
2000-06-03,283.940710703532
2000-06-04,283.015981038411
2000-06-05,281.212350209554
2000-06-06,280.138684590658
2000-06-07,280.728569030762
2000-06-08,280.605731964111
2000-06-09,279.273794809977
2000-06-10,280.834602355957
2000-06-11,283.825709025065
2000-06-12,281.18684387207
2000-06-13,277.285884857178
2000-06-14,276.148499806722
2000-06-15,278.474035898844
2000-06-16,280.245113372803
2000-06-17,283.356616973877
2000-06-18,284.789511362711
2000-06-19,281.373898824056
2000-06-20,279.793986002604
2000-06-21,280.090572357178
2000-06-22,278.759520212809
2000-06-23,278.678215026855
2000-06-24,280.444684346517
2000-06-25,281.038901011149
2000-06-26,282.962544759115
2000-06-27,283.260107676188
2000-06-28,283.035970052083
2000-06-29,283.860958099365
2000-06-30,284.495347340902
2000-07-01,283.309627532959
2000-07-02,282.361213684082
2000-07-03,281.86345799764
2000-07-04,280.721665700277
2000-07-05,280.489999135335
2000-07-06,281.494164784749
2000-07-07,282.27907816569
2000-07-08,281.887082417806
2000-07-09,279.876495361328
2000-07-10,278.418946584066
2000-07-11,278.634831746419
2000-07-12,278.123432159424
2000-07-13,277.528030395508
2000-07-14,278.288988749186
2000-07-15,280.875381469727
2000-07-16,282.721282958984
2000-07-17,281.736246744792
2000-07-18,281.659411112467
2000-07-19,283.246936798096
2000-07-20,285.126668294271
2000-07-21,285.666957855225
2000-07-22,283.513025919596
2000-07-23,284.027044932047
2000-07-24,281.045304616292
2000-07-25,283.478239695231
2000-07-26,285.324858347575
2000-07-27,286.043083190918
2000-07-28,285.167558034261
2000-07-29,280.155830383301
2000-07-30,279.131568908691
2000-07-31,280.034174601237
2000-08-01,280.27755355835
2000-08-02,278.917817433675
2000-08-03,277.010693868001
2000-08-04,278.768783569336
2000-08-05,280.127595265706
2000-08-06,280.92310333252
2000-08-07,279.263332366943
2000-08-08,280.187753041585
2000-08-09,283.017055511474
2000-08-10,283.632335662842
2000-08-11,284.163942972819
2000-08-12,281.853477478027
2000-08-13,278.591824849447
2000-08-14,279.484813690186
2000-08-15,278.241446177165
2000-08-16,280.039409637451
2000-08-17,281.117580413818
2000-08-18,283.663838704427
2000-08-19,282.953795115153
2000-08-20,282.939238230387
2000-08-21,279.804284413656
2000-08-22,281.180934906006
2000-08-23,275.465017954508
2000-08-24,275.726399739583
2000-08-25,277.433745066325
2000-08-26,280.552326202393
2000-08-27,282.086289723714
2000-08-28,283.097821553548
2000-08-29,283.071657816569
2000-08-30,283.368153889974
2000-08-31,282.97380065918
2000-09-01,283.320278167725
2000-09-02,283.311838785807
2000-09-03,283.032863616943
2000-09-04,282.165885925293
2000-09-05,280.932412465413
2000-09-06,281.863670349121
2000-09-07,285.588778177897
2000-09-08,286.994678497314
2000-09-09,286.51523844401
2000-09-10,285.890164693197
2000-09-11,281.086229960124
2000-09-12,278.880357106527
2000-09-13,280.74631245931
2000-09-14,280.152618408203
2000-09-15,278.675134023031
2000-09-16,276.844772338867
2000-09-17,279.959182739258
2000-09-18,282.641173044841
2000-09-19,285.466609954834
2000-09-20,287.18864440918
2000-09-21,287.102155049642
2000-09-22,283.574822743734
2000-09-23,284.799704233805
2000-09-24,285.815296173096
2000-09-25,280.834875742594
2000-09-26,277.349838256836
2000-09-27,277.835459391276
2000-09-28,279.047130584717
2000-09-29,282.895009358724
2000-09-30,286.451199849447
2000-10-01,289.538865407308
2000-10-02,289.550144195557
2000-10-03,286.715910593669
2000-10-04,283.77560043335
2000-10-05,283.955159505208
2000-10-06,285.219607035319
2000-10-07,286.037391662598
2000-10-08,283.651526133219
2000-10-09,285.621882120768
2000-10-10,284.241195678711
2000-10-11,284.132643381755
2000-10-12,283.2236328125
2000-10-13,281.244867960612
2000-10-14,280.005785624186
2000-10-15,284.346021016439
2000-10-16,286.523577372233
2000-10-17,284.821277618408
2000-10-18,283.02175394694
2000-10-19,278.358394622803
2000-10-20,279.463475545247
2000-10-21,281.82936223348
2000-10-22,283.95257695516
2000-10-23,285.113048553467
2000-10-24,287.232252756755
2000-10-25,286.965730031331
2000-10-26,286.567028045654
2000-10-27,285.460754394531
2000-10-28,287.620304107666
2000-10-29,288.114665985107
2000-10-30,289.455834706624
2000-10-31,287.802038828532
2000-11-01,283.656566619873
2000-11-02,285.73276646932
2000-11-03,283.723864237468
2000-11-04,283.423505147298
2000-11-05,284.084818522136
2000-11-06,283.826763153076
2000-11-07,284.424158732096
2000-11-08,282.780581156413
2000-11-09,279.305300394694
2000-11-10,282.265879313151
2000-11-11,281.892701466878
2000-11-12,280.951001485189
2000-11-13,282.97030766805
2000-11-14,284.036577860514
2000-11-15,286.230383555094
2000-11-16,283.25174331665
2000-11-17,285.093925476074
2000-11-18,283.408602396647
2000-11-19,281.38089243571
2000-11-20,280.025599161784
2000-11-21,285.396663665771
2000-11-22,287.381949106852
2000-11-23,286.124053955078
2000-11-24,284.89652633667
2000-11-25,287.030017852783
2000-11-26,282.655043284098
2000-11-27,284.752485911051
2000-11-28,286.311883290609
2000-11-29,286.366559346517
2000-11-30,283.825185139974
2000-12-01,285.462298075358
2000-12-02,288.163491566976
2000-12-03,289.513952891032
2000-12-04,285.347597757975
2000-12-05,285.676803588867
2000-12-06,286.758478800456
2000-12-07,289.023019154867
2000-12-08,288.949816385905
2000-12-09,289.626843770345
2000-12-10,288.798615773519
2000-12-11,290.332921346029
2000-12-12,288.23992284139
2000-12-13,288.881322224935
2000-12-14,291.155779520671
2000-12-15,291.974353790283
2000-12-16,291.916348775228
2000-12-17,291.469371795654
2000-12-18,291.353487650553
2000-12-19,291.145435333252
2000-12-20,291.730186462402
2000-12-21,291.480191548665
2000-12-22,288.595312754313
2000-12-23,287.363725026449
2000-12-24,290.715045928955
2000-12-25,292.416164398193
2000-12-26,291.227261861165
2000-12-27,292.475016276042
2000-12-28,294.202410380046
2000-12-29,293.438011169434
2000-12-30,289.403573354085
2000-12-31,287.511628468831
2001-01-01,284.973508199056
2001-01-02,285.6360206604
2001-01-03,283.931250254313
2001-01-04,286.808731079102
2001-01-05,289.45113881429
2001-01-06,288.864227294922
2001-01-07,290.68239847819
2001-01-08,291.923215230306
2001-01-09,290.372035980225
2001-01-10,291.648297627767
2001-01-11,290.921867370606
2001-01-12,289.815373738607
2001-01-13,288.836471557617
2001-01-14,289.343594868978
2001-01-15,282.758172353109
2001-01-16,288.072078704834
2001-01-17,288.715564727783
2001-01-18,286.71230061849
2001-01-19,288.23295211792
2001-01-20,290.648328145345
2001-01-21,288.622867584228
2001-01-22,288.857167561849
2001-01-23,288.823472340902
2001-01-24,292.635284423828
2001-01-25,291.235635121663
2001-01-26,290.027187347412
2001-01-27,286.318908691406
2001-01-28,283.885299682617
2001-01-29,286.284220377604
2001-01-30,288.177684783935
2001-01-31,292.502287546794
2001-02-01,290.050544738769
2001-02-02,285.642007191976
2001-02-03,288.054964701335
2001-02-04,290.78902053833
2001-02-05,292.252953847249
2001-02-06,288.866835276286
2001-02-07,286.81520207723
2001-02-08,287.490812937419
2001-02-09,289.030378977458
2001-02-10,290.729583740234
2001-02-11,290.864765167236
2001-02-12,289.952158610026
2001-02-13,289.252132415771
2001-02-14,292.703671773275
2001-02-15,295.566486358643
2001-02-16,295.648414611816
2001-02-17,292.853361765544
2001-02-18,291.888187408447
2001-02-19,290.845822652181
2001-02-20,291.90278116862
2001-02-21,290.854232788086
2001-02-22,291.091826121012
2001-02-23,292.20127360026
2001-02-24,286.159066518148
2001-02-25,289.787322998047
2001-02-26,291.638795216878
2001-02-27,291.43886311849
2001-02-28,292.728354136149
2001-03-01,292.656806945801
2001-03-02,291.98173904419
2001-03-03,287.756486256917
2001-03-04,285.911310831706
2001-03-05,284.590451558431
2001-03-06,286.203206380208
2001-03-07,289.241282145182
2001-03-08,290.55330657959
2001-03-09,290.081038157145
2001-03-10,285.377388000488
2001-03-11,283.315442403158
2001-03-12,284.629013061524
2001-03-13,288.314600626628
2001-03-14,290.611035664876
2001-03-15,289.378481547038
2001-03-16,287.353468577067
2001-03-17,285.079447428385
2001-03-18,287.41818745931
2001-03-19,286.777624766032
2001-03-20,287.027114868164
2001-03-21,285.258502960205
2001-03-22,287.090115865072
2001-03-23,287.786454518636
2001-03-24,287.385543823242
2001-03-25,289.51954015096
2001-03-26,291.762419382731
2001-03-27,292.051873524984
2001-03-28,290.914704640706
2001-03-29,290.394645690918
2001-03-30,285.788093566895
2001-03-31,281.608860015869
2001-04-01,285.135248819987
2001-04-02,288.401084899902
2001-04-03,287.991945902506
2001-04-04,287.654780069987
2001-04-05,286.161656697591
2001-04-06,287.196211496989
2001-04-07,285.903987884521
2001-04-08,282.592301686605
2001-04-09,283.481123606364
2001-04-10,289.105866750081
2001-04-11,287.837823232015
2001-04-12,285.835007985433
2001-04-13,285.990736643473
2001-04-14,285.473204294841
2001-04-15,283.302970886231
2001-04-16,283.002031962077
2001-04-17,284.838349660238
2001-04-18,285.198298136393
2001-04-19,286.739293416341
2001-04-20,286.945218404134
2001-04-21,289.009632110596
2001-04-22,286.68657430013
2001-04-23,282.659905751546
2001-04-24,283.658716837565
2001-04-25,279.954625447591
2001-04-26,279.96680577596
2001-04-27,281.243345896403
2001-04-28,282.728585561117
2001-04-29,283.287602742513
2001-04-30,284.540683746338
2001-05-01,286.450620015462
2001-05-02,286.708152770996
2001-05-03,287.362981160482
2001-05-04,287.2159131368
2001-05-05,289.172698974609
2001-05-06,288.425443013509
2001-05-07,288.639373779297
2001-05-08,288.233763376872
2001-05-09,287.490788777669
2001-05-10,285.723442077637
2001-05-11,286.631584167481
2001-05-12,288.410359700521
2001-05-13,288.44678624471
2001-05-14,288.573626200358
2001-05-15,285.259443918864
2001-05-16,281.137574513753
2001-05-17,278.565434773763
2001-05-18,283.510576883952
2001-05-19,286.320604960124
2001-05-20,285.672946929932
2001-05-21,285.320589701335
2001-05-22,283.61869430542
2001-05-23,280.788964589437
2001-05-24,282.767171223958
2001-05-25,284.993748982747
2001-05-26,282.452662150065
2001-05-27,282.58526357015
2001-05-28,278.167966206868
2001-05-29,277.481046040853
2001-05-30,278.222273508708
2001-05-31,276.666542053223
2001-06-01,276.175586700439
2001-06-02,276.63241704305
2001-06-03,278.506286621094
2001-06-04,277.46895980835
2001-06-05,279.569239298503
2001-06-06,280.546054840088
2001-06-07,281.435490926107
2001-06-08,282.118267059326
2001-06-09,280.739690144857
2001-06-10,286.520648956299
2001-06-11,280.12201944987
2001-06-12,275.802064259847
2001-06-13,277.721146901449
2001-06-14,279.312324523926
2001-06-15,280.604780832926
2001-06-16,284.097277323405
2001-06-17,283.493193308512
2001-06-18,283.401769002279
2001-06-19,277.790775299072
2001-06-20,276.322976430257
2001-06-21,279.506829579671
2001-06-22,281.800013224284
2001-06-23,281.857058207194
2001-06-24,283.692554473877
2001-06-25,281.817668914795
2001-06-26,281.021007537842
2001-06-27,283.664613087972
2001-06-28,282.032868703206
2001-06-29,279.471906026204
2001-06-30,279.874942779541
2001-07-01,277.428215026856
2001-07-02,276.761306762695
2001-07-03,275.922524770101
2001-07-04,276.124647776286
2001-07-05,276.930859883626
2001-07-06,279.976089477539
2001-07-07,280.745904286703
2001-07-08,279.70150121053
2001-07-09,278.370051066081
2001-07-10,276.751627604167
2001-07-11,277.343790690104
2001-07-12,276.545960744222
2001-07-13,278.097708384196
2001-07-14,277.543984731038
2001-07-15,279.109807332357
2001-07-16,279.997764587402
2001-07-17,280.841672261556
2001-07-18,280.854661305745
2001-07-19,279.549784342448
2001-07-20,279.407750447591
2001-07-21,280.444376627604
2001-07-22,280.887526194255
2001-07-23,280.89057413737
2001-07-24,277.01022084554
2001-07-25,277.865814208984
2001-07-26,278.025173187256
2001-07-27,279.638298034668
2001-07-28,281.173294067383
2001-07-29,283.50573348999
2001-07-30,281.613981882731
2001-07-31,278.479454040527
2001-08-01,280.361979166667
2001-08-02,283.001099904378
2001-08-03,283.136539459229
2001-08-04,280.258373260498
2001-08-05,282.319070180257
2001-08-06,281.93080774943
2001-08-07,281.209557851156
2001-08-08,282.677015940348
2001-08-09,283.251870473226
2001-08-10,283.860847473144
2001-08-11,283.199691772461
2001-08-12,281.065743764242
2001-08-13,278.561692555745
2001-08-14,279.869786580404
2001-08-15,276.99431737264
2001-08-16,278.503522237142
2001-08-17,278.828536987305
2001-08-18,280.427794138591
2001-08-19,281.35120900472
2001-08-20,283.470706939697
2001-08-21,283.236911773682
2001-08-22,285.688554128011
2001-08-23,285.34814453125
2001-08-24,285.530872344971
2001-08-25,282.529644012451
2001-08-26,282.350018819173
2001-08-27,281.508939107259
2001-08-28,279.371654510498
2001-08-29,281.005780537923
2001-08-30,283.04000600179
2001-08-31,281.529014587402
2001-09-01,282.621014912923
2001-09-02,281.414938608805
2001-09-03,281.413361867269
2001-09-04,282.959968566895
2001-09-05,282.743860880534
2001-09-06,283.152503967285
2001-09-07,284.864082336426
2001-09-08,281.424579620361
2001-09-09,281.492270151774
2001-09-10,281.038466135661
2001-09-11,280.158023834228
2001-09-12,280.145403544108
2001-09-13,281.069741566976
2001-09-14,282.544687906901
2001-09-15,284.033934275309
2001-09-16,285.307186126709
2001-09-17,285.294679005941
2001-09-18,284.782338460286
2001-09-19,283.375949859619
2001-09-20,284.413570404053
2001-09-21,286.297781626384
2001-09-22,285.927689870199
2001-09-23,282.787810007731
2001-09-24,280.446665445964
2001-09-25,280.1766649882
2001-09-26,281.922173817952
2001-09-27,285.296839396159
2001-09-28,285.64066696167
2001-09-29,285.808202107747
2001-09-30,284.960817972819
2001-10-01,284.45659383138
2001-10-02,287.374290466309
2001-10-03,286.002766927083
2001-10-04,285.519070943196
2001-10-05,286.366937001546
2001-10-06,288.024468739827
2001-10-07,289.717980702718
2001-10-08,286.138027191162
2001-10-09,285.266642252604
2001-10-10,284.697950998942
2001-10-11,284.032988230387
2001-10-12,281.729955037435
2001-10-13,282.605976104736
2001-10-14,283.776878356934
2001-10-15,287.323467254639
2001-10-16,286.891562143962
2001-10-17,286.762756347656
2001-10-18,286.65561803182
2001-10-19,286.213366190592
2001-10-20,289.502136230469
2001-10-21,289.812114715576
2001-10-22,287.341304779053
2001-10-23,284.370412190755
2001-10-24,282.20445505778
2001-10-25,279.317047119141
2001-10-26,284.355677286784
2001-10-27,287.504847208659
2001-10-28,288.680910746257
2001-10-29,288.051265716553
2001-10-30,287.287137349447
2001-10-31,288.432921091716
2001-11-01,288.222422281901
2001-11-02,286.919511159261
2001-11-03,285.405597686768
2001-11-04,284.578258514404
2001-11-05,281.564529418945
2001-11-06,284.655892690023
2001-11-07,285.814105987549
2001-11-08,287.874738057454
2001-11-09,288.330141703288
2001-11-10,288.613723754883
2001-11-11,289.538299560547
2001-11-12,287.387808481852
2001-11-13,288.300350189209
2001-11-14,287.849791208903
2001-11-15,286.479995727539
2001-11-16,282.925247192383
2001-11-17,285.92395401001
2001-11-18,283.235017140706
2001-11-19,287.442626953125
2001-11-20,288.186478932699
2001-11-21,289.000457763672
2001-11-22,288.465145111084
2001-11-23,287.231708526611
2001-11-24,283.641609191895
2001-11-25,281.845802307129
2001-11-26,282.293656667074
2001-11-27,286.350611368815
2001-11-28,286.407904307047
2001-11-29,288.596767425537
2001-11-30,291.01127243042
2001-12-01,293.143751780192
2001-12-02,293.180196126302
2001-12-03,294.212849934896
2001-12-04,293.762448628744
2001-12-05,293.448340098063
2001-12-06,292.658217112223
2001-12-07,293.194043477376
2001-12-08,291.26109568278
2001-12-09,287.106941223144
2001-12-10,284.58689626058
2001-12-11,288.569023132324
2001-12-12,289.35515721639
2001-12-13,288.359508514404
2001-12-14,285.902039845785
2001-12-15,289.069979349772
2001-12-16,290.268913269043
2001-12-17,292.844371795654
2001-12-18,289.768126169841
2001-12-19,287.273948669434
2001-12-20,287.081221262614
2001-12-21,286.129659016927
2001-12-22,286.806446075439
2001-12-23,288.805061340332
2001-12-24,290.291868845622
2001-12-25,291.045051574707
2001-12-26,290.329989115397
2001-12-27,290.649898529053
2001-12-28,289.428740183512
2001-12-29,288.019664764404
2001-12-30,287.912633260091
2001-12-31,288.414866129557
2002-01-01,291.054278055827
2002-01-02,292.132548014323
2002-01-03,292.821853637695
2002-01-04,293.414660135905
2002-01-05,289.401545206706
2002-01-06,285.887638092041
2002-01-07,283.704853057861
2002-01-08,285.667830149333
2002-01-09,288.688358306885
2002-01-10,288.613700866699
2002-01-11,290.514027913412
2002-01-12,289.248734792073
2002-01-13,288.59713490804
2002-01-14,288.200089772542
2002-01-15,291.176493326823
2002-01-16,291.361707051595
2002-01-17,290.61118443807
2002-01-18,290.88792292277
2002-01-19,290.410481770833
2002-01-20,287.270137786865
2002-01-21,284.952679951986
2002-01-22,286.35604985555
2002-01-23,289.919405619303
2002-01-24,290.196140289307
2002-01-25,290.389259338379
2002-01-26,289.231763203939
2002-01-27,288.954161326091
2002-01-28,292.051957448324
2002-01-29,290.77716700236
2002-01-30,289.369440714518
2002-01-31,291.208772023519
2002-02-01,291.641464233398
2002-02-02,286.414468129476
2002-02-03,285.672187805176
2002-02-04,289.721308390299
2002-02-05,291.171768188477
2002-02-06,287.595856984456
2002-02-07,285.698282877604
2002-02-08,284.44904200236
2002-02-09,285.614995320638
2002-02-10,288.647151947021
2002-02-11,291.576324462891
2002-02-12,291.870018005371
2002-02-13,288.277760823568
2002-02-14,284.670668284098
2002-02-15,284.686659495036
2002-02-16,285.498943328857
2002-02-17,285.669194539388
2002-02-18,285.276992797851
2002-02-19,288.138437906901
2002-02-20,288.087558746338
2002-02-21,282.952985127767
2002-02-22,286.552960713704
2002-02-23,291.509628295898
2002-02-24,290.897144317627
2002-02-25,286.584702809652
2002-02-26,288.131256103516
2002-02-27,289.889635721842
2002-02-28,291.448477427165
2002-03-01,292.618236541748
2002-03-02,290.810985565185
2002-03-03,290.857616424561
2002-03-04,289.212790171305
2002-03-05,286.627250671387
2002-03-06,284.094258626302
2002-03-07,283.97061920166
2002-03-08,287.738501230876
2002-03-09,289.668069203695
2002-03-10,288.867265065511
2002-03-11,289.459685007731
2002-03-12,285.657618204753
2002-03-13,286.749150594076
2002-03-14,289.396592458089
2002-03-15,290.553667704264
2002-03-16,289.943983713786
2002-03-17,289.740893046061
2002-03-18,290.007362365723
2002-03-19,286.070138295491
2002-03-20,289.99187596639
2002-03-21,291.95831044515
2002-03-22,293.153935750326
2002-03-23,287.159778594971
2002-03-24,285.886528015137
2002-03-25,288.097980499268
2002-03-26,289.137465159098
2002-03-27,285.721038818359
2002-03-28,289.129249572754
2002-03-29,290.879711151123
2002-03-30,291.654249827067
2002-03-31,289.535399119059
2002-04-01,284.292778015137
2002-04-02,281.281017303467
2002-04-03,281.085535685221
2002-04-04,284.634869893392
2002-04-05,287.545258839925
2002-04-06,286.364355723063
2002-04-07,284.961297353109
2002-04-08,281.928489685059
2002-04-09,281.290665944417
2002-04-10,283.154638926188
2002-04-11,283.578702290853
2002-04-12,285.813761393229
2002-04-13,284.959795633952
2002-04-14,285.981770833333
2002-04-15,286.091896057129
2002-04-16,285.319633483887
2002-04-17,282.151203155518
2002-04-18,284.203804016113
2002-04-19,285.507696787516
2002-04-20,284.111017862956
2002-04-21,284.692909240723
2002-04-22,288.746204376221
2002-04-23,287.131181081136
2002-04-24,284.48130162557
2002-04-25,286.63720703125
2002-04-26,286.9895362854
2002-04-27,288.138308207194
2002-04-28,289.140598297119
2002-04-29,285.675172170003
2002-04-30,279.634410858154
2002-05-01,282.117228190104
2002-05-02,284.918256123861
2002-05-03,285.0778465271
2002-05-04,287.310414632161
2002-05-05,285.507790883382
2002-05-06,282.090667724609
2002-05-07,286.538091023763
2002-05-08,286.99578221639
2002-05-09,284.400975545247
2002-05-10,284.429229736328
2002-05-11,287.078754425049
2002-05-12,283.865258534749
2002-05-13,284.801788330078
2002-05-14,282.872042338053
2002-05-15,284.105664571126
2002-05-16,282.276622772217
2002-05-17,281.34933980306
2002-05-18,282.388771057129
2002-05-19,281.916589101156
2002-05-20,282.779937744141
2002-05-21,284.661218007406
2002-05-22,284.559294382731
2002-05-23,285.754941304525
2002-05-24,283.684340159098
2002-05-25,279.41203435262
2002-05-26,282.006619771322
2002-05-27,282.538241068522
2002-05-28,282.122187296549
2002-05-29,279.73592376709
2002-05-30,280.047775268555
2002-05-31,280.318874359131
2002-06-01,277.584810892741
2002-06-02,277.891571044922
2002-06-03,280.643671671549
2002-06-04,282.392815907796
2002-06-05,281.920650482178
2002-06-06,281.696636199951
2002-06-07,279.408356984456
2002-06-08,282.193115234375
2002-06-09,285.773502349854
2002-06-10,286.454374949137
2002-06-11,284.760349273682
2002-06-12,286.010907491048
2002-06-13,285.894824981689
2002-06-14,286.909117380778
2002-06-15,285.65007019043
2002-06-16,281.605154673258
2002-06-17,278.514411926269
2002-06-18,284.115072886149
2002-06-19,284.766324361165
2002-06-20,281.696531931559
2002-06-21,282.448952992757
2002-06-22,284.083956400553
2002-06-23,283.803363800049
2002-06-24,282.280043284098
2002-06-25,282.007942199707
2002-06-26,284.972480773926
2002-06-27,282.23081334432
2002-06-28,282.49466196696
2002-06-29,283.698118845622
2002-06-30,282.75740814209
2002-07-01,282.981727600098
2002-07-02,279.312360127767
2002-07-03,280.44674428304
2002-07-04,281.804629007975
2002-07-05,283.035242716471
2002-07-06,282.437369028727
2002-07-07,283.537050882975
2002-07-08,283.347770690918
2002-07-09,281.977456410726
2002-07-10,281.224939982096
2002-07-11,281.209705352783
2002-07-12,282.782112121582
2002-07-13,280.756764729818
2002-07-14,278.451042175293
2002-07-15,278.375208536784
2002-07-16,280.005456288656
2002-07-17,279.174882253011
2002-07-18,279.109664916992
2002-07-19,280.173823038737
2002-07-20,283.521434783936
2002-07-21,283.884349822998
2002-07-22,285.234942118327
2002-07-23,282.811276753743
2002-07-24,283.944043477376
2002-07-25,283.869951883952
2002-07-26,281.44401550293
2002-07-27,280.114011128743
2002-07-28,280.16126759847
2002-07-29,280.481867472331
2002-07-30,279.368041992188
2002-07-31,279.17315419515
2002-08-01,280.488741556803
2002-08-02,280.292269388835
2002-08-03,280.385902404785
2002-08-04,282.808798472087
2002-08-05,283.124862670898
2002-08-06,281.742027282715
2002-08-07,282.194338480632
2002-08-08,283.393610636393
2002-08-09,281.566762288411
2002-08-10,278.892031351725
2002-08-11,281.978310902914
2002-08-12,285.316830952962
2002-08-13,285.773078918457
2002-08-14,282.78515625
2002-08-15,282.243813832601
2002-08-16,282.279165903727
2002-08-17,282.131052652995
2002-08-18,280.713170369466
2002-08-19,278.491469065348
2002-08-20,277.901026407878
2002-08-21,280.017951965332
2002-08-22,279.907833099365
2002-08-23,281.102430979411
2002-08-24,282.294269561768
2002-08-25,283.065312703451
2002-08-26,279.718290964762
2002-08-27,278.359437306722
2002-08-28,279.205310821533
2002-08-29,278.272780100505
2002-08-30,279.21700668335
2002-08-31,281.426531473796
2002-09-01,281.089597066244
2002-09-02,282.167559305827
2002-09-03,283.191472371419
2002-09-04,284.473143259684
2002-09-05,286.187444051107
2002-09-06,286.210395812988
2002-09-07,284.114808400472
2002-09-08,284.418009440104
2002-09-09,286.354109446208
2002-09-10,285.337917327881
2002-09-11,286.680446624756
2002-09-12,283.234191894531
2002-09-13,278.485042572022
2002-09-14,280.257148742676
2002-09-15,280.361289978027
2002-09-16,282.249538421631
2002-09-17,284.56350962321
2002-09-18,284.803123474121
2002-09-19,282.900881449381
2002-09-20,285.682545979818
2002-09-21,281.610857645671
2002-09-22,282.858654022217
2002-09-23,284.962259928386
2002-09-24,285.886768341065
2002-09-25,282.527099609375
2002-09-26,278.478062947591
2002-09-27,284.604855855306
2002-09-28,284.931713104248
2002-09-29,284.611068725586
2002-09-30,284.853668212891
2002-10-01,283.127126057943
2002-10-02,284.063381195068
2002-10-03,285.293000539144
2002-10-04,281.081568400065
2002-10-05,278.309720357259
2002-10-06,282.050099690755
2002-10-07,280.23178990682
2002-10-08,279.334419250488
2002-10-09,279.449651082357
2002-10-10,283.667472839355
2002-10-11,285.14023844401
2002-10-12,285.969017028808
2002-10-13,282.270978291829
2002-10-14,279.882320404053
2002-10-15,278.39123916626
2002-10-16,282.028992970785
2002-10-17,286.266455332438
2002-10-18,286.741694132487
2002-10-19,286.859119415283
2002-10-20,285.613112131755
2002-10-21,286.020125071208
2002-10-22,285.423408508301
2002-10-23,283.844706217448
2002-10-24,282.708552042643
2002-10-25,286.281576792399
2002-10-26,286.507074991862
2002-10-27,284.366038004557
2002-10-28,284.203386942546
2002-10-29,281.166198730469
2002-10-30,282.977752685547
2002-10-31,285.55243174235
2002-11-01,285.558236440023
2002-11-02,285.949110666911
2002-11-03,282.095184326172
2002-11-04,284.653144836426
2002-11-05,285.595812479655
2002-11-06,287.517246246338
2002-11-07,284.930895487467
2002-11-08,284.652510325114
2002-11-09,285.603552500407
2002-11-10,288.04482014974
2002-11-11,285.394905090332
2002-11-12,282.003921508789
2002-11-13,280.565274556478
2002-11-14,281.88392384847
2002-11-15,286.642897288005
2002-11-16,287.205501556396
2002-11-17,282.746285756429
2002-11-18,278.939543406169
2002-11-19,282.316994984945
2002-11-20,282.990343729655
2002-11-21,282.843594868978
2002-11-22,285.685961405436
2002-11-23,281.573598225911
2002-11-24,285.067756652832
2002-11-25,283.671895345052
2002-11-26,286.219637552897
2002-11-27,289.306189219157
2002-11-28,289.331504821777
2002-11-29,288.952757517497
2002-11-30,288.572292327881
2002-12-01,288.6190478007
2002-12-02,290.049991607666
2002-12-03,290.502356211344
2002-12-04,290.314842224121
2002-12-05,290.246229807536
2002-12-06,289.997694651286
2002-12-07,291.561712900798
2002-12-08,290.755003611247
2002-12-09,286.213147481283
2002-12-10,287.736863454183
2002-12-11,288.109504699707
2002-12-12,288.106918334961
2002-12-13,288.306886037191
2002-12-14,286.637950897217
2002-12-15,287.204851786296
2002-12-16,286.054852803548
2002-12-17,286.846844991048
2002-12-18,288.069324493408
2002-12-19,286.253542582194
2002-12-20,287.044384002686
2002-12-21,286.744881947835
2002-12-22,287.378480275472
2002-12-23,290.431410471598
2002-12-24,290.274954477946
2002-12-25,291.019879659017
2002-12-26,290.827983856201
2002-12-27,287.16950861613
2002-12-28,286.359611511231
2002-12-29,284.887430826823
2002-12-30,283.737309773763
2002-12-31,286.893592834473
2003-01-01,288.627484639486
2003-01-02,291.334359486898
2003-01-03,292.338057200114
2003-01-04,293.5387840271
2003-01-05,293.257176717122
2003-01-06,290.959145863851
2003-01-07,290.981051127116
2003-01-08,290.514656066895
2003-01-09,289.689111073812
2003-01-10,288.655755360921
2003-01-11,289.827163696289
2003-01-12,290.464398701986
2003-01-13,288.815818786621
2003-01-14,282.903399149577
2003-01-15,282.14765548706
2003-01-16,283.929033915202
2003-01-17,289.416887919108
2003-01-18,289.63462193807
2003-01-19,291.264780680338
2003-01-20,291.647312164307
2003-01-21,290.351314544678
2003-01-22,290.244566599528
2003-01-23,291.407625834147
2003-01-24,288.777319590251
2003-01-25,285.759763081869
2003-01-26,284.322823842367
2003-01-27,287.339338938395
2003-01-28,288.512377421061
2003-01-29,288.554138183594
2003-01-30,286.714266459147
2003-01-31,292.347862243652
2003-02-01,292.276963551839
2003-02-02,292.313362121582
2003-02-03,291.943618774414
2003-02-04,289.273248036703
2003-02-05,284.977213541667
2003-02-06,285.75230662028
2003-02-07,289.42543665568
2003-02-08,291.741097768148
2003-02-09,291.029988606771
2003-02-10,290.303686777751
2003-02-11,292.880392710368
2003-02-12,291.747294108073
2003-02-13,292.578137715657
2003-02-14,292.710984547933
2003-02-15,289.142293294271
2003-02-16,285.117553710937
2003-02-17,290.400282541911
2003-02-18,290.923236846924
2003-02-19,291.488819122314
2003-02-20,289.297322591146
2003-02-21,288.561747233073
2003-02-22,281.72034962972
2003-02-23,283.508750915527
2003-02-24,288.671278635661
2003-02-25,289.433748881022
2003-02-26,290.837347666423
2003-02-27,291.009287516276
2003-02-28,290.251345316569
2003-03-01,291.743872324626
2003-03-02,291.552815755208
2003-03-03,293.107774098714
2003-03-04,289.292415618896
2003-03-05,285.270210266113
2003-03-06,288.98716990153
2003-03-07,290.396522521973
2003-03-08,288.470242818197
2003-03-09,290.03457514445
2003-03-10,289.948701222738
2003-03-11,289.637925465902
2003-03-12,287.775316874186
2003-03-13,284.180536905924
2003-03-14,284.591097513835
2003-03-15,287.753203074137
2003-03-16,287.612018585205
2003-03-17,285.599554697673
2003-03-18,288.180011749268
2003-03-19,285.677483876546
2003-03-20,286.504769643148
2003-03-21,288.27684656779
2003-03-22,289.222312927246
2003-03-23,290.047879536947
2003-03-24,290.160018920898
2003-03-25,290.374879201253
2003-03-26,291.140535990397
2003-03-27,291.193874359131
2003-03-28,292.326193491618
2003-03-29,290.784216562907
2003-03-30,291.286406199137
2003-03-31,290.140394846598
2003-04-01,288.289260864258
2003-04-02,285.455768585205
2003-04-03,286.208549499512
2003-04-04,287.171993255615
2003-04-05,287.312993367513
2003-04-06,289.41428120931
2003-04-07,287.71715037028
2003-04-08,284.232220967611
2003-04-09,286.031930287679
2003-04-10,285.608436584473
2003-04-11,283.151465098063
2003-04-12,282.520682017009
2003-04-13,283.611937204997
2003-04-14,284.293964385986
2003-04-15,286.086274464925
2003-04-16,287.764430999756
2003-04-17,288.213047027588
2003-04-18,286.383544921875
2003-04-19,282.861148834229
2003-04-20,282.36634572347
2003-04-21,286.661776224772
2003-04-22,286.671245574951
2003-04-23,285.257781982422
2003-04-24,285.676729838053
2003-04-25,283.605946858724
2003-04-26,281.059624989828
2003-04-27,283.813810984294
2003-04-28,283.534590403239
2003-04-29,281.211854298909
2003-04-30,283.584929148356
2003-05-01,285.647720336914
2003-05-02,287.228670756022
2003-05-03,287.303798675537
2003-05-04,285.816093444824
2003-05-05,283.034004211426
2003-05-06,279.041667938232
2003-05-07,282.825742085775
2003-05-08,282.694648742676
2003-05-09,282.227068583171
2003-05-10,285.851046244303
2003-05-11,286.009291330973
2003-05-12,283.639456431071
2003-05-13,279.722270965576
2003-05-14,280.250760396322
2003-05-15,280.955921173096
2003-05-16,279.705783843994
2003-05-17,280.076569875081
2003-05-18,280.775747934977
2003-05-19,282.305817921956
2003-05-20,286.473079681396
2003-05-21,290.62207921346
2003-05-22,288.065107981364
2003-05-23,286.407325744629
2003-05-24,283.823019663493
2003-05-25,283.265850067139
2003-05-26,283.966442108154
2003-05-27,280.73979695638
2003-05-28,279.612159729004
2003-05-29,280.124795277913
2003-05-30,283.735600789388
2003-05-31,286.399810791016
2003-06-01,286.50500869751
2003-06-02,286.563135782878
2003-06-03,286.884705861409
2003-06-04,285.91168085734
2003-06-05,286.259145100911
2003-06-06,284.864728291829
2003-06-07,287.010344187419
2003-06-08,286.037760416667
2003-06-09,284.303026835124
2003-06-10,282.532418568929
2003-06-11,280.688056945801
2003-06-12,281.207544962565
2003-06-13,281.525370279948
2003-06-14,280.815299987793
2003-06-15,281.634204864502
2003-06-16,283.357751210531
2003-06-17,282.78751373291
2003-06-18,281.546737670898
2003-06-19,282.976618448893
2003-06-20,284.754180908203
2003-06-21,284.840311686198
2003-06-22,282.984031677246
2003-06-23,282.132359822591
2003-06-24,285.828090667725
2003-06-25,284.294211069743
2003-06-26,278.433701833089
2003-06-27,276.633197784424
2003-06-28,278.366367340088
2003-06-29,281.017456054688
2003-06-30,285.874965667725
2003-07-01,285.706089019775
2003-07-02,281.384908040365
2003-07-03,281.394499460856
2003-07-04,280.473459879557
2003-07-05,276.704079945882
2003-07-06,274.130752563477
2003-07-07,276.20645904541
2003-07-08,279.740484873454
2003-07-09,279.547012329102
2003-07-10,280.400388081869
2003-07-11,280.382017771403
2003-07-12,279.842341105143
2003-07-13,276.213381449381
2003-07-14,277.374011993408
2003-07-15,281.167278289795
2003-07-16,282.934416453044
2003-07-17,282.171975453695
2003-07-18,278.383368174235
2003-07-19,277.407700856527
2003-07-20,277.970723470052
2003-07-21,276.646170298259
2003-07-22,276.630009969075
2003-07-23,278.466421763102
2003-07-24,277.414086659749
2003-07-25,277.735576629639
2003-07-26,278.175010681152
2003-07-27,279.263135274251
2003-07-28,280.227022806803
2003-07-29,281.06005859375
2003-07-30,280.203203837077
2003-07-31,279.247187296549
2003-08-01,280.680833180745
2003-08-02,282.653489430745
2003-08-03,280.693762461344
2003-08-04,281.275822957357
2003-08-05,278.379908243815
2003-08-06,278.731880187988
2003-08-07,279.540665944417
2003-08-08,280.622155507406
2003-08-09,282.404841105143
2003-08-10,281.991970062256
2003-08-11,282.144072214762
2003-08-12,281.49592590332
2003-08-13,281.555043538411
2003-08-14,280.47017288208
2003-08-15,281.641722361247
2003-08-16,282.576143900553
2003-08-17,281.973904927572
2003-08-18,280.715187072754
2003-08-19,279.282775878906
2003-08-20,281.080160776774
2003-08-21,282.428782145182
2003-08-22,283.723790486654
2003-08-23,282.344866434733
2003-08-24,281.30769220988
2003-08-25,281.355256398519
2003-08-26,281.907145182292
2003-08-27,281.499640146891
2003-08-28,283.514419555664
2003-08-29,282.383388519287
2003-08-30,280.439763387044
2003-08-31,279.715535481771
2003-09-01,282.555147806803
2003-09-02,282.723383585612
2003-09-03,281.41154607137
2003-09-04,283.818419138591
2003-09-05,282.711799621582
2003-09-06,281.586776733398
2003-09-07,281.980514526367
2003-09-08,281.033927917481
2003-09-09,282.674826304118
2003-09-10,281.669743855794
2003-09-11,280.384920756022
2003-09-12,279.209824879964
2003-09-13,281.986492156982
2003-09-14,284.580623626709
2003-09-15,285.009736378988
2003-09-16,284.631301879883
2003-09-17,284.537544250488
2003-09-18,283.633813222249
2003-09-19,284.723206837972
2003-09-20,282.270804087321
2003-09-21,285.588740030925
2003-09-22,282.003088633219
2003-09-23,283.00669225057
2003-09-24,284.804262797038
2003-09-25,287.862934112549
2003-09-26,286.97829691569
2003-09-27,288.636258443197
2003-09-28,285.301836649577
2003-09-29,282.466218312581
2003-09-30,281.96373240153
2003-10-01,283.664679209391
2003-10-02,282.892748514811
2003-10-03,284.401458740234
2003-10-04,284.965944925944
2003-10-05,279.575700124105
2003-10-06,277.479066212972
2003-10-07,278.652512868245
2003-10-08,281.731432596842
2003-10-09,283.20231628418
2003-10-10,285.427930196126
2003-10-11,286.909393310547
2003-10-12,286.067947387695
2003-10-13,283.906482696533
2003-10-14,280.757687886556
2003-10-15,278.248315175374
2003-10-16,282.091697692871
2003-10-17,285.177613576253
2003-10-18,285.893539428711
2003-10-19,286.786575317383
2003-10-20,286.710141499837
2003-10-21,286.357470194499
2003-10-22,285.710591634115
2003-10-23,287.316561381022
2003-10-24,287.084520975749
2003-10-25,285.267519632975
2003-10-26,280.013659159343
2003-10-27,279.70050684611
2003-10-28,283.850777943929
2003-10-29,285.033021291097
2003-10-30,285.749350229899
2003-10-31,285.805608113607
2003-11-01,286.699624379476
2003-11-02,287.189439137777
2003-11-03,285.406653086344
2003-11-04,283.405544281006
2003-11-05,280.746601104736
2003-11-06,285.716393788656
2003-11-07,287.216678619385
2003-11-08,286.726678212484
2003-11-09,282.546532948812
2003-11-10,285.767965952555
2003-11-11,287.463500976562
2003-11-12,288.102300008138
2003-11-13,287.725491841634
2003-11-14,284.163710276286
2003-11-15,282.354923248291
2003-11-16,284.750979105632
2003-11-17,287.979859670003
2003-11-18,282.492215474447
2003-11-19,280.135874430338
2003-11-20,285.155824025472
2003-11-21,286.984447479248
2003-11-22,288.440495808919
2003-11-23,287.787544250488
2003-11-24,286.502005259196
2003-11-25,285.419569651286
2003-11-26,284.193281809489
2003-11-27,283.901271820068
2003-11-28,282.83736038208
2003-11-29,281.099435170492
2003-11-30,285.747206370036
2003-12-01,285.971068064372
2003-12-02,288.720026652018
2003-12-03,286.816535949707
2003-12-04,287.91407140096
2003-12-05,290.571184794108
2003-12-06,290.28719329834
2003-12-07,289.249969482422
2003-12-08,288.260382334391
2003-12-09,288.460262298584
2003-12-10,287.001382191976
2003-12-11,286.455613454183
2003-12-12,292.210028330485
2003-12-13,294.188925425212
2003-12-14,293.79877726237
2003-12-15,290.525918324788
2003-12-16,287.612471262614
2003-12-17,284.095250447591
2003-12-18,284.007389068604
2003-12-19,288.599024454753
2003-12-20,289.734666188558
2003-12-21,290.712189992269
2003-12-22,289.906236012777
2003-12-23,289.977094014486
2003-12-24,291.272555033366
2003-12-25,288.973529815674
2003-12-26,288.421002705892
2003-12-27,290.035957336426
2003-12-28,292.033555348714
2003-12-29,288.526472727458
2003-12-30,286.972464243571
2003-12-31,283.550056457519
2004-01-01,287.936318715413
2004-01-02,292.166244506836
2004-01-03,292.543038686117
2004-01-04,293.547794342041
2004-01-05,290.488777160644
2004-01-06,292.322388966878
2004-01-07,292.444816589355
2004-01-08,294.326173146566
2004-01-09,293.753410339356
2004-01-10,291.165290832519
2004-01-11,289.721324920654
2004-01-12,293.622978210449
2004-01-13,293.030228932699
2004-01-14,289.821708679199
2004-01-15,290.325950622559
2004-01-16,288.626792907715
2004-01-17,290.500989278158
2004-01-18,291.92333984375
2004-01-19,292.373288472494
2004-01-20,286.959697723389
2004-01-21,284.397600809733
2004-01-22,287.435353597005
2004-01-23,288.249603271484
2004-01-24,289.831928253174
2004-01-25,290.838574727376
2004-01-26,290.505040486654
2004-01-27,290.56506729126
2004-01-28,291.876523335775
2004-01-29,292.161851247152
2004-01-30,293.631309509277
2004-01-31,294.27001953125
2004-02-01,293.895401000977
2004-02-02,293.445465087891
2004-02-03,292.465979258219
2004-02-04,293.431926727295
2004-02-05,290.255181630453
2004-02-06,288.273512522379
2004-02-07,291.449165344238
2004-02-08,290.834626515706
2004-02-09,287.642929077149
2004-02-10,289.862054189046
2004-02-11,292.335470835368
2004-02-12,292.653822580973
2004-02-13,288.52423731486
2004-02-14,289.833338419596
2004-02-15,286.906970977783
2004-02-16,285.186420440674
2004-02-17,285.678230285644
2004-02-18,286.616608937581
2004-02-19,288.732466379802
2004-02-20,288.471645355225
2004-02-21,286.264551798503
2004-02-22,288.584710439046
2004-02-23,287.328399658203
2004-02-24,289.189453125
2004-02-25,286.244724273682
2004-02-26,284.67276763916
2004-02-27,285.555254618327
2004-02-28,286.831573486328
2004-02-29,288.726866404215
2004-03-01,288.68642171224
2004-03-02,287.757484436035
2004-03-03,287.265510559082
2004-03-04,283.703881581624
2004-03-05,284.182061513265
2004-03-06,287.743909200032
2004-03-07,288.659464518229
2004-03-08,289.200895945231
2004-03-09,290.218588511149
2004-03-10,290.180185953776
2004-03-11,290.574451446533
2004-03-12,287.182286580404
2004-03-13,286.809853871663
2004-03-14,287.178343454997
2004-03-15,285.471640268962
2004-03-16,288.257841746012
2004-03-17,288.461841583252
2004-03-18,286.580664316813
2004-03-19,288.182885487874
2004-03-20,288.334036509196
2004-03-21,289.952793121338
2004-03-22,289.734954833984
2004-03-23,288.39323425293
2004-03-24,288.813135782878
2004-03-25,283.670680999756
2004-03-26,284.121676127116
2004-03-27,288.206701914469
2004-03-28,285.774383544922
2004-03-29,282.917460123698
2004-03-30,283.366649627686
2004-03-31,284.706322987874
2004-04-01,282.646900177002
2004-04-02,286.884073893229
2004-04-03,288.521486918132
2004-04-04,286.523526509603
2004-04-05,285.5071144104
2004-04-06,283.646308898926
2004-04-07,281.358402252197
2004-04-08,279.102381388346
2004-04-09,282.188919067383
2004-04-10,280.953077952067
2004-04-11,284.270690917969
2004-04-12,283.309773763021
2004-04-13,281.648840586344
2004-04-14,280.600290934245
2004-04-15,283.740483601888
2004-04-16,285.790301005045
2004-04-17,285.670234680176
2004-04-18,288.172381083171
2004-04-19,287.444511413574
2004-04-20,283.321295420329
2004-04-21,284.140747070313
2004-04-22,285.739117940267
2004-04-23,285.208892822266
2004-04-24,283.432306925456
2004-04-25,285.014726003011
2004-04-26,284.661706288656
2004-04-27,286.412949879964
2004-04-28,286.118766784668
2004-04-29,284.722044626872
2004-04-30,283.415501912435
2004-05-01,285.868043263753
2004-05-02,287.239166259766
2004-05-03,289.20627339681
2004-05-04,287.623083750407
2004-05-05,285.410444895427
2004-05-06,286.714148203532
2004-05-07,286.170993804932
2004-05-08,286.567974090576
2004-05-09,285.803693135579
2004-05-10,283.801249186198
2004-05-11,285.655089060466
2004-05-12,285.35466893514
2004-05-13,285.280188242594
2004-05-14,285.074314117432
2004-05-15,283.095565795898
2004-05-16,280.649056752523
2004-05-17,280.890389760335
2004-05-18,281.768852233887
2004-05-19,282.307022094727
2004-05-20,282.880276997884
2004-05-21,282.1378809611
2004-05-22,283.10670598348
2004-05-23,283.931747436523
2004-05-24,280.627808888753
2004-05-25,281.475086212158
2004-05-26,281.045166015625
2004-05-27,281.120371500651
2004-05-28,283.223648071289
2004-05-29,284.288042704264
2004-05-30,284.410752614339
2004-05-31,283.074132283529
2004-06-01,281.162675221761
2004-06-02,285.066190083822
2004-06-03,285.885622660319
2004-06-04,285.872301737467
2004-06-05,285.970284779867
2004-06-06,281.950733184814
2004-06-07,279.276035308838
2004-06-08,279.508767445882
2004-06-09,278.085851033529
2004-06-10,277.681365966797
2004-06-11,278.715316772461
2004-06-12,278.836920420329
2004-06-13,279.481366475423
2004-06-14,282.206588745117
2004-06-15,284.785170237223
2004-06-16,286.161134084066
2004-06-17,286.08629099528
2004-06-18,284.740739186605
2004-06-19,284.625667572021
2004-06-20,285.181566874186
2004-06-21,285.291497548421
2004-06-22,281.446652730306
2004-06-23,277.126909891764
2004-06-24,277.588213602702
2004-06-25,282.349458058675
2004-06-26,283.350087483724
2004-06-27,282.527456919352
2004-06-28,283.673882802327
2004-06-29,282.926240285238
2004-06-30,281.433027903239
2004-07-01,281.202518463135
2004-07-02,281.836251576742
2004-07-03,281.506603240967
2004-07-04,280.048413594564
2004-07-05,277.597990671794
2004-07-06,280.849308013916
2004-07-07,280.840386708578
2004-07-08,280.808745066325
2004-07-09,275.802185058594
2004-07-10,278.171534220378
2004-07-11,278.772836049398
2004-07-12,276.317639668783
2004-07-13,278.27768834432
2004-07-14,276.913556416829
2004-07-15,278.899438222249
2004-07-16,281.790555318197
2004-07-17,281.321352640788
2004-07-18,280.096290588379
2004-07-19,279.886238098144
2004-07-20,278.101145426432
2004-07-21,278.719682057699
2004-07-22,279.608893076579
2004-07-23,279.450242360433
2004-07-24,277.892851511637
2004-07-25,277.843892415365
2004-07-26,278.113408406576
2004-07-27,280.489574432373
2004-07-28,283.323336283366
2004-07-29,282.56368637085
2004-07-30,283.065678914388
2004-07-31,279.868317921956
2004-08-01,277.714935302734
2004-08-02,277.639383951823
2004-08-03,276.444712320964
2004-08-04,277.590691884359
2004-08-05,280.568700154622
2004-08-06,282.945074717204
2004-08-07,283.459662119547
2004-08-08,283.239060719808
2004-08-09,281.035713195801
2004-08-10,282.696500142415
2004-08-11,282.768531799316
2004-08-12,282.608441670736
2004-08-13,284.135951995849
2004-08-14,284.920274098714
2004-08-15,285.501370747884
2004-08-16,278.899529774984
2004-08-17,276.235815684001
2004-08-18,278.872997283936
2004-08-19,282.124691009521
2004-08-20,279.288812001546
2004-08-21,280.81774520874
2004-08-22,281.913299560547
2004-08-23,281.961354573568
2004-08-24,278.821659088135
2004-08-25,278.286332448324
2004-08-26,277.688466389974
2004-08-27,277.848092397054
2004-08-28,277.460573832194
2004-08-29,277.312142690023
2004-08-30,277.941244761149
2004-08-31,277.538427988688
2004-09-01,279.439774831136
2004-09-02,281.102077484131
2004-09-03,280.896581013997
2004-09-04,277.611272176107
2004-09-05,280.840747833252
2004-09-06,279.600399017334
2004-09-07,277.311508178711
2004-09-08,279.456494649251
2004-09-09,281.039728800456
2004-09-10,282.009826660156
2004-09-11,282.588888804118
2004-09-12,285.542142232259
2004-09-13,286.580123901367
2004-09-14,284.163458506266
2004-09-15,281.292463938395
2004-09-16,282.297445933024
2004-09-17,283.842826843262
2004-09-18,282.59675470988
2004-09-19,281.000001271566
2004-09-20,278.543809254964
2004-09-21,281.980110168457
2004-09-22,284.237129211426
2004-09-23,282.362435658773
2004-09-24,283.837571461995
2004-09-25,282.72016398112
2004-09-26,278.928863525391
2004-09-27,282.722599029541
2004-09-28,285.334887186686
2004-09-29,281.426275889079
2004-09-30,280.521710713704
2004-10-01,283.204484303792
2004-10-02,282.80376180013
2004-10-03,279.414068857829
2004-10-04,281.486246744792
2004-10-05,283.548262278239
2004-10-06,283.300716400146
2004-10-07,282.727806091309
2004-10-08,285.192957560221
2004-10-09,285.959163665771
2004-10-10,285.924393971761
2004-10-11,283.96656036377
2004-10-12,285.350992838542
2004-10-13,286.118200937907
2004-10-14,288.340109507243
2004-10-15,290.74661509196
2004-10-16,289.415996551514
2004-10-17,286.272075653076
2004-10-18,283.296904246012
2004-10-19,280.575796763102
2004-10-20,282.37628809611
2004-10-21,280.932999928792
2004-10-22,284.069485982259
2004-10-23,285.605887095133
2004-10-24,286.455894470215
2004-10-25,287.743494669596
2004-10-26,285.468468983968
2004-10-27,286.379718780518
2004-10-28,284.739709218343
2004-10-29,286.697807312012
2004-10-30,287.730356852214
2004-10-31,280.358351389567
2004-11-01,283.708605448405
2004-11-02,284.308026631673
2004-11-03,285.308785756429
2004-11-04,287.020721435547
2004-11-05,289.462430318197
2004-11-06,288.411112467448
2004-11-07,288.065072377523
2004-11-08,287.809117635091
2004-11-09,289.403714497884
2004-11-10,289.535519917806
2004-11-11,287.373313903809
2004-11-12,285.966615041097
2004-11-13,288.556940714518
2004-11-14,288.610097249349
2004-11-15,289.187568664551
2004-11-16,286.282927195231
2004-11-17,286.906317392985
2004-11-18,285.481956481933
2004-11-19,286.700871785482
2004-11-20,289.504683176676
2004-11-21,289.289980570475
2004-11-22,287.495564778646
2004-11-23,288.245466868083
2004-11-24,286.920323689779
2004-11-25,284.743293762207
2004-11-26,284.30295308431
2004-11-27,280.961953481038
2004-11-28,284.311851501465
2004-11-29,286.840951283773
2004-11-30,287.19197845459
2004-12-01,286.106592814128
2004-12-02,289.106109619141
2004-12-03,289.39612197876
2004-12-04,285.959908803304
2004-12-05,284.127346038818
2004-12-06,282.52333577474
2004-12-07,286.17120107015
2004-12-08,287.007951100667
2004-12-09,286.135409037272
2004-12-10,284.310872395833
2004-12-11,283.826833089193
2004-12-12,284.970200856527
2004-12-13,285.516979217529
2004-12-14,286.968964894613
2004-12-15,288.060019175212
2004-12-16,289.78918838501
2004-12-17,286.169841766357
2004-12-18,284.780914306641
2004-12-19,281.356751759847
2004-12-20,281.950483957926
2004-12-21,285.354970296224
2004-12-22,286.270999908447
2004-12-23,286.553539276123
2004-12-24,286.227624257406
2004-12-25,285.38698832194
2004-12-26,285.662642161051
2004-12-27,286.55738957723
2004-12-28,286.723865509033
2004-12-29,289.631251017253
2004-12-30,292.402950286865
2004-12-31,289.999319712321
2005-01-01,289.798943837484
2005-01-02,288.384847005208
2005-01-03,286.666496276855
2005-01-04,288.698139190674
2005-01-05,290.164740244548
2005-01-06,290.228706359863
2005-01-07,291.672552744548
2005-01-08,290.034306844075
2005-01-09,290.234493255615
2005-01-10,287.504625956217
2005-01-11,284.4404296875
2005-01-12,285.996566772461
2005-01-13,289.340824127197
2005-01-14,290.062225341797
2005-01-15,290.072466532389
2005-01-16,291.0217628479
2005-01-17,293.686341603597
2005-01-18,290.771925608317
2005-01-19,286.862561543783
2005-01-20,285.391952514648
2005-01-21,290.154009501139
2005-01-22,289.916065216064
2005-01-23,291.974845886231
2005-01-24,293.026495615641
2005-01-25,292.951103210449
2005-01-26,292.02885055542
2005-01-27,288.176391601562
2005-01-28,289.880959828695
2005-01-29,291.807801564535
2005-01-30,291.42860921224
2005-01-31,291.224727630615
2005-02-01,293.395661671956
2005-02-02,291.975330352783
2005-02-03,293.847681681315
2005-02-04,294.709503173828
2005-02-05,293.967239379883
2005-02-06,294.904109954834
2005-02-07,294.945930480957
2005-02-08,293.969417572021
2005-02-09,293.304016113281
2005-02-10,295.450850168864
2005-02-11,294.944853464762
2005-02-12,294.033494313558
2005-02-13,290.274574279785
2005-02-14,289.721981048584
2005-02-15,288.953825632731
2005-02-16,289.932325998942
2005-02-17,290.687280019124
2005-02-18,290.324207305908
2005-02-19,288.396692911784
2005-02-20,289.801872253418
2005-02-21,289.683053334554
2005-02-22,288.273359934489
2005-02-23,291.309575398763
2005-02-24,292.381866455078
2005-02-25,292.473775227865
2005-02-26,292.43616104126
2005-02-27,291.71480178833
2005-02-28,291.266035715739
2005-03-01,286.281580607096
2005-03-02,284.352774302165
2005-03-03,288.857471466065
2005-03-04,289.44255065918
2005-03-05,291.343958536784
2005-03-06,291.741953531901
2005-03-07,292.27282333374
2005-03-08,288.516770680745
2005-03-09,290.374983469645
2005-03-10,289.077699025472
2005-03-11,287.602322896322
2005-03-12,281.891928354899
2005-03-13,286.480458577474
2005-03-14,288.500095367432
2005-03-15,288.105091094971
2005-03-16,288.330106099447
2005-03-17,289.347179412842
2005-03-18,288.571592966716
2005-03-19,290.205924987793
2005-03-20,288.825679779053
2005-03-21,290.161822001139
2005-03-22,291.456553141276
2005-03-23,289.954480489095
2005-03-24,290.829648335775
2005-03-25,292.245990753174
2005-03-26,292.471478780111
2005-03-27,290.177459716797
2005-03-28,288.561389923096
2005-03-29,288.617875417073
2005-03-30,288.04137802124
2005-03-31,286.220372517904
2005-04-01,286.880086263021
2005-04-02,288.680486043294
2005-04-03,287.484910329183
2005-04-04,288.529132843018
2005-04-05,287.959372202555
2005-04-06,285.950045267741
2005-04-07,287.538873036703
2005-04-08,286.358965555827
2005-04-09,285.957433064779
2005-04-10,284.499093373617
2005-04-11,285.042544047038
2005-04-12,287.123416900635
2005-04-13,287.290715535482
2005-04-14,281.697775522868
2005-04-15,280.872659047445
2005-04-16,284.002535502116
2005-04-17,284.821248372396
2005-04-18,284.426958719889
2005-04-19,281.77592976888
2005-04-20,284.591969807943
2005-04-21,288.104798634847
2005-04-22,281.478913625081
2005-04-23,282.749061584473
2005-04-24,282.239645640055
2005-04-25,277.929306030273
2005-04-26,279.819745381673
2005-04-27,282.568458557129
2005-04-28,281.311726888021
2005-04-29,279.561763763428
2005-04-30,284.727792104085
2005-05-01,287.913471221924
2005-05-02,288.355541229248
2005-05-03,285.369842529297
2005-05-04,284.251978556315
2005-05-05,285.820795694987
2005-05-06,283.880288441976
2005-05-07,284.360172271729
2005-05-08,284.934729258219
2005-05-09,282.177462259928
2005-05-10,280.916187286377
2005-05-11,285.378491719564
2005-05-12,286.594980875651
2005-05-13,286.129872639974
2005-05-14,284.708257039388
2005-05-15,284.284642537435
2005-05-16,283.403821309408
2005-05-17,282.335175832113
2005-05-18,285.139818827311
2005-05-19,286.939403533935
2005-05-20,287.578590393066
2005-05-21,287.064159393311
2005-05-22,284.843612670898
2005-05-23,285.335842132568
2005-05-24,283.775507609049
2005-05-25,283.52561823527
2005-05-26,282.95179494222
2005-05-27,283.045581817627
2005-05-28,283.356493631999
2005-05-29,284.169742584229
2005-05-30,283.472684224447
2005-05-31,280.012522379557
2005-06-01,281.756501515706
2005-06-02,281.14176940918
2005-06-03,280.477197011312
2005-06-04,279.118666330973
2005-06-05,281.012784322103
2005-06-06,279.702212015788
2005-06-07,278.306040445964
2005-06-08,278.853978474935
2005-06-09,276.991086324056
2005-06-10,278.864592234294
2005-06-11,281.764609018961
2005-06-12,282.934331258138
2005-06-13,282.313845316569
2005-06-14,281.392096201579
2005-06-15,281.908178965251
2005-06-16,280.923915863037
2005-06-17,280.998268127442
2005-06-18,281.917382558187
2005-06-19,281.985778808594
2005-06-20,282.13800684611
2005-06-21,281.575637817383
2005-06-22,284.386803944906
2005-06-23,282.826703389486
2005-06-24,281.853553771973
2005-06-25,280.502639770508
2005-06-26,277.808883666992
2005-06-27,277.654259999593
2005-06-28,280.078234354655
2005-06-29,282.922286987305
2005-06-30,280.432544708252
2005-07-01,276.24382019043
2005-07-02,278.92210261027
2005-07-03,278.320285797119
2005-07-04,281.919061024984
2005-07-05,281.646494547526
2005-07-06,281.750518798828
2005-07-07,282.415126800537
2005-07-08,282.210124969482
2005-07-09,282.809314727783
2005-07-10,278.775775909424
2005-07-11,278.12996673584
2005-07-12,277.774515787761
2005-07-13,279.931989034017
2005-07-14,282.567724863688
2005-07-15,283.696139017741
2005-07-16,282.499810536703
2005-07-17,281.59192276001
2005-07-18,282.402159372966
2005-07-19,281.9032274882
2005-07-20,282.03382619222
2005-07-21,281.022623697917
2005-07-22,278.581708272298
2005-07-23,280.239770253499
2005-07-24,283.769816080729
2005-07-25,284.232042948405
2005-07-26,284.274804433187
2005-07-27,284.451770782471
2005-07-28,284.833323160807
2005-07-29,283.829163869222
2005-07-30,281.328727722168
2005-07-31,282.708265940348
2005-08-01,284.474819183349
2005-08-02,282.504001617432
2005-08-03,277.712394714356
2005-08-04,277.882520039876
2005-08-05,279.551048278809
2005-08-06,280.832523345947
2005-08-07,282.285035451253
2005-08-08,282.84877649943
2005-08-09,282.119454701742
2005-08-10,281.37984085083
2005-08-11,281.57959874471
2005-08-12,282.319053649902
2005-08-13,284.156421661377
2005-08-14,282.708511352539
2005-08-15,278.390799204509
2005-08-16,279.333278656006
2005-08-17,282.722864786784
2005-08-18,282.316082000732
2005-08-19,281.812198638916
2005-08-20,283.136091868083
2005-08-21,282.067220052083
2005-08-22,282.475082397461
2005-08-23,282.290593465169
2005-08-24,283.42702738444
2005-08-25,281.401635487874
2005-08-26,282.797737121582
2005-08-27,281.581741333008
2005-08-28,280.051671346029
2005-08-29,281.195682525635
2005-08-30,281.860777537028
2005-08-31,284.401962280273
2005-09-01,284.854016621908
2005-09-02,285.23729578654
2005-09-03,283.733222961426
2005-09-04,284.004951477051
2005-09-05,284.314341227214
2005-09-06,283.679317474365
2005-09-07,284.643784840902
2005-09-08,282.850354512532
2005-09-09,283.790167490641
2005-09-10,282.774340311686
2005-09-11,282.516784667969
2005-09-12,285.047765096029
2005-09-13,287.297013600667
2005-09-14,287.147912343343
2005-09-15,286.451077779134
2005-09-16,284.562956492106
2005-09-17,284.073505401611
2005-09-18,283.653717041016
2005-09-19,283.423353830973
2005-09-20,277.994046529134
2005-09-21,277.380142211914
2005-09-22,282.033013661703
2005-09-23,281.774010976156
2005-09-24,281.461011250814
2005-09-25,283.558141072591
2005-09-26,286.175345102946
2005-09-27,286.224049886068
2005-09-28,288.522997538249
2005-09-29,280.23871866862
2005-09-30,283.310365041097
2005-10-01,286.752012888591
2005-10-02,284.559894561768
2005-10-03,284.850663503011
2005-10-04,283.54981358846
2005-10-05,284.437953948975
2005-10-06,281.309949239095
2005-10-07,283.234213511149
2005-10-08,282.559635162353
2005-10-09,279.961049397787
2005-10-10,282.147387186686
2005-10-11,284.324618021647
2005-10-12,282.443794250488
2005-10-13,286.12372970581
2005-10-14,285.397463480632
2005-10-15,284.140134175618
2005-10-16,284.695980072021
2005-10-17,284.962753295898
2005-10-18,284.146261850993
2005-10-19,286.758796691894
2005-10-20,286.712425231934
2005-10-21,284.990104675293
2005-10-22,281.730335235596
2005-10-23,279.903209686279
2005-10-24,283.177934010824
2005-10-25,283.859448750814
2005-10-26,284.919228871663
2005-10-27,286.121751149495
2005-10-28,287.112456003825
2005-10-29,288.331775665283
2005-10-30,287.378967285156
2005-10-31,286.178342183431
2005-11-01,285.962618509928
2005-11-02,286.97275797526
2005-11-03,284.305591583252
2005-11-04,287.940881093343
2005-11-05,289.207641601562
2005-11-06,287.607111612956
2005-11-07,283.919100443522
2005-11-08,283.197671254476
2005-11-09,287.797838846842
2005-11-10,289.678653717041
2005-11-11,289.085714975993
2005-11-12,290.010405222575
2005-11-13,289.262002309163
2005-11-14,285.799654642741
2005-11-15,281.247057596842
2005-11-16,286.997885386149
2005-11-17,286.841908772786
2005-11-18,285.677547454834
2005-11-19,286.801531473796
2005-11-20,288.340377807617
2005-11-21,287.374780019124
2005-11-22,286.007603963216
2005-11-23,282.292106628418
2005-11-24,285.252849578858
2005-11-25,282.440947214762
2005-11-26,282.995105743408
2005-11-27,282.169404347738
2005-11-28,282.731691996256
2005-11-29,283.632785797119
2005-11-30,283.950653076172
2005-12-01,287.284891764323
2005-12-02,286.077153523763
2005-12-03,288.750629425049
2005-12-04,289.304306030274
2005-12-05,291.112255096436
2005-12-06,290.70650990804
2005-12-07,289.481650034587
2005-12-08,289.426345825195
2005-12-09,291.415690104167
2005-12-10,292.952307383219
2005-12-11,292.687754313151
2005-12-12,291.430318196615
2005-12-13,292.392731984456
2005-12-14,292.275533040365
2005-12-15,291.337760925293
2005-12-16,291.786964416504
2005-12-17,292.223916371663
2005-12-18,291.170897165934
2005-12-19,290.69127146403
2005-12-20,291.207804361979
2005-12-21,290.780638376872
2005-12-22,290.004927317301
2005-12-23,290.287695566813
2005-12-24,286.734372456869
2005-12-25,286.36939239502
2005-12-26,290.830548604329
2005-12-27,288.867692311605
2005-12-28,288.325420379639
2005-12-29,287.46369934082
2005-12-30,290.728534698486
2005-12-31,292.096439361572
2006-01-01,290.921606699626
2006-01-02,289.800403594971
2006-01-03,290.727678934733
2006-01-04,289.433506011963
2006-01-05,287.422234853109
2006-01-06,286.852806091309
2006-01-07,286.636711120606
2006-01-08,289.175151824951
2006-01-09,290.132522583008
2006-01-10,288.736113230387
2006-01-11,290.681924184163
2006-01-12,291.421779632568
2006-01-13,288.651935577393
2006-01-14,291.916145324707
2006-01-15,289.573830922445
2006-01-16,288.034637451172
2006-01-17,287.081693013509
2006-01-18,290.711663564046
2006-01-19,288.98968633016
2006-01-20,285.220045725505
2006-01-21,286.665484110514
2006-01-22,290.826507568359
2006-01-23,290.75518544515
2006-01-24,292.775090535482
2006-01-25,291.262334187826
2006-01-26,291.700562795003
2006-01-27,288.388973236084
2006-01-28,291.908092498779
2006-01-29,295.728281656901
2006-01-30,294.730583190918
2006-01-31,295.843887329102
2006-02-01,293.359353383382
2006-02-02,290.253130594889
2006-02-03,290.954210917155
2006-02-04,291.365734100342
2006-02-05,289.485750834147
2006-02-06,288.898038228353
2006-02-07,285.771719614665
2006-02-08,289.211447397868
2006-02-09,287.647843678792
2006-02-10,288.88925298055
2006-02-11,290.477909088135
2006-02-12,291.426382700602
2006-02-13,291.548623402913
2006-02-14,290.722703297933
2006-02-15,291.840455373128
2006-02-16,289.866203308105
2006-02-17,290.970312754313
2006-02-18,291.762976328532
2006-02-19,290.155314127604
2006-02-20,291.680149078369
2006-02-21,292.120492299398
2006-02-22,292.508622487386
2006-02-23,292.559268951416
2006-02-24,285.693756103516
2006-02-25,288.160444895426
2006-02-26,290.337355295817
2006-02-27,291.588172912598
2006-02-28,290.107969919841
2006-03-01,284.867577870687
2006-03-02,287.93180847168
2006-03-03,286.248429616292
2006-03-04,282.715839385986
2006-03-05,282.498964945475
2006-03-06,287.651215871175
2006-03-07,289.750363667806
2006-03-08,291.265686035156
2006-03-09,287.072895050049
2006-03-10,283.86803817749
2006-03-11,288.652132670085
2006-03-12,288.765296936035
2006-03-13,284.366278330485
2006-03-14,283.829518636068
2006-03-15,286.84085337321
2006-03-16,288.92346572876
2006-03-17,289.118050893148
2006-03-18,289.555475870768
2006-03-19,288.75171661377
2006-03-20,291.634326934814
2006-03-21,290.552403767904
2006-03-22,289.695256551107
2006-03-23,288.6566212972
2006-03-24,288.363719940186
2006-03-25,285.590002695719
2006-03-26,284.260494232178
2006-03-27,286.675996144613
2006-03-28,288.789880116781
2006-03-29,285.690779368083
2006-03-30,284.009171803792
2006-03-31,282.364416758219
2006-04-01,285.328084309896
2006-04-02,289.473485310872
2006-04-03,290.406244913737
2006-04-04,290.852322896322
2006-04-05,288.809584299723
2006-04-06,287.236053466797
2006-04-07,288.001135508219
2006-04-08,288.354447682699
2006-04-09,287.777589162191
2006-04-10,287.595302581787
2006-04-11,286.322814941406
2006-04-12,283.774908701579
2006-04-13,282.596645355225
2006-04-14,283.071641286214
2006-04-15,284.095167795817
2006-04-16,285.395000457764
2006-04-17,286.970321655273
2006-04-18,288.399140675863
2006-04-19,286.231670379639
2006-04-20,284.584526062012
2006-04-21,285.383550008138
2006-04-22,286.430737813314
2006-04-23,288.007612864176
2006-04-24,290.657283782959
2006-04-25,289.960707346598
2006-04-26,286.15314356486
2006-04-27,284.459756215413
2006-04-28,286.549649556478
2006-04-29,286.410968780518
2006-04-30,287.013281504313
2006-05-01,283.227060953776
2006-05-02,283.549552917481
2006-05-03,284.465454101562
2006-05-04,284.541395823161
2006-05-05,283.812605539958
2006-05-06,283.739388783773
2006-05-07,283.966046651204
2006-05-08,282.516052246094
2006-05-09,282.018906911214
2006-05-10,283.088120778402
2006-05-11,284.266237894694
2006-05-12,283.658903757731
2006-05-13,281.84392674764
2006-05-14,280.414234161377
2006-05-15,281.460315704346
2006-05-16,279.495096842448
2006-05-17,281.086846669515
2006-05-18,281.582960764567
2006-05-19,281.855812072754
2006-05-20,279.535633087158
2006-05-21,280.465943654378
2006-05-22,281.794208526611
2006-05-23,283.486793518066
2006-05-24,283.01900100708
2006-05-25,285.507347106934
2006-05-26,285.469118754069
2006-05-27,286.479540506999
2006-05-28,286.10191599528
2006-05-29,285.303067525228
2006-05-30,282.668451944987
2006-05-31,280.846630096436
2006-06-01,280.23233795166
2006-06-02,280.321266174316
2006-06-03,278.464769999186
2006-06-04,280.143402099609
2006-06-05,279.50657526652
2006-06-06,275.761169433594
2006-06-07,277.954887390137
2006-06-08,278.978610992432
2006-06-09,281.156272888184
2006-06-10,283.419480641683
2006-06-11,284.449017842611
2006-06-12,283.418348948161
2006-06-13,279.95285542806
2006-06-14,275.377909342448
2006-06-15,281.135533650716
2006-06-16,283.911988576253
2006-06-17,281.07350285848
2006-06-18,276.681123097738
2006-06-19,278.702575683594
2006-06-20,277.065634409587
2006-06-21,277.963451385498
2006-06-22,277.948004404704
2006-06-23,277.100900014242
2006-06-24,278.78779220581
2006-06-25,278.679077148437
2006-06-26,278.733654022217
2006-06-27,278.977189381917
2006-06-28,278.647558848063
2006-06-29,277.553279876709
2006-06-30,277.591054280599
2006-07-01,278.43230565389
2006-07-02,278.359241485596
2006-07-03,279.618985493978
2006-07-04,281.224341074626
2006-07-05,281.802815755208
2006-07-06,281.232297261556
2006-07-07,281.282788594564
2006-07-08,282.585858662923
2006-07-09,283.695400238037
2006-07-10,283.950094858805
2006-07-11,283.676378885905
2006-07-12,284.052696228027
2006-07-13,283.104440053304
2006-07-14,280.291458129883
2006-07-15,281.60596593221
2006-07-16,282.239189147949
2006-07-17,281.441600799561
2006-07-18,281.342283884684
2006-07-19,281.561651865641
2006-07-20,280.607913970947
2006-07-21,279.578639984131
2006-07-22,277.242378234863
2006-07-23,278.044536590576
2006-07-24,280.388823191325
2006-07-25,281.121241251628
2006-07-26,279.89147567749
2006-07-27,279.97966893514
2006-07-28,279.928587595622
2006-07-29,278.697408040365
2006-07-30,281.420780181885
2006-07-31,283.98491414388
2006-08-01,283.747993469238
2006-08-02,284.573268890381
2006-08-03,285.170118967692
2006-08-04,283.46815999349
2006-08-05,283.450097401937
2006-08-06,283.072058359782
2006-08-07,283.362379709879
2006-08-08,281.734891255696
2006-08-09,279.373229980469
2006-08-10,278.893709818522
2006-08-11,279.569516499837
2006-08-12,278.928023020426
2006-08-13,280.777778625488
2006-08-14,279.101470947266
2006-08-15,279.291212717692
2006-08-16,277.825378417969
2006-08-17,278.472911834717
2006-08-18,281.164474487305
2006-08-19,283.507630666097
2006-08-20,284.344767252604
2006-08-21,282.920420328776
2006-08-22,280.345367431641
2006-08-23,275.92051188151
2006-08-24,276.54341506958
2006-08-25,280.81218846639
2006-08-26,282.818082173665
2006-08-27,282.650385538737
2006-08-28,279.189275105794
2006-08-29,282.416819254557
2006-08-30,282.662528991699
2006-08-31,282.372020721435
2006-09-01,284.103618621826
2006-09-02,286.00385538737
2006-09-03,286.315540313721
2006-09-04,286.462731679281
2006-09-05,285.516203562419
2006-09-06,284.735856374105
2006-09-07,282.911719004313
2006-09-08,283.68009185791
2006-09-09,282.46412785848
2006-09-10,281.772132873535
2006-09-11,280.222497304281
2006-09-12,281.005172729492
2006-09-13,279.878203074137
2006-09-14,278.982696533203
2006-09-15,283.080674489339
2006-09-16,283.854494730632
2006-09-17,284.02797571818
2006-09-18,282.995933532715
2006-09-19,283.278301239014
2006-09-20,284.634553273519
2006-09-21,285.352432250977
2006-09-22,287.711591084798
2006-09-23,286.317624409994
2006-09-24,287.263539632161
2006-09-25,287.908289591471
2006-09-26,286.516853332519
2006-09-27,284.122659047445
2006-09-28,283.369843800863
2006-09-29,285.499141693115
2006-09-30,285.334089914958
2006-10-01,287.15153503418
2006-10-02,287.154988606771
2006-10-03,285.241641998291
2006-10-04,284.431252797445
2006-10-05,279.822475433349
2006-10-06,278.791792551676
2006-10-07,278.589497884115
2006-10-08,283.7043800354
2006-10-09,285.330987294515
2006-10-10,282.896188100179
2006-10-11,279.108965555827
2006-10-12,284.561051686605
2006-10-13,287.393026987712
2006-10-14,289.096935272217
2006-10-15,288.782953898112
2006-10-16,287.314064025879
2006-10-17,282.082276662191
2006-10-18,280.182951609294
2006-10-19,284.273381551107
2006-10-20,284.996473948161
2006-10-21,284.950870513916
2006-10-22,284.333817799886
2006-10-23,282.465387980143
2006-10-24,284.831732432048
2006-10-25,282.252356211344
2006-10-26,283.131345113118
2006-10-27,284.684359232585
2006-10-28,287.257395426432
2006-10-29,288.625542958577
2006-10-30,286.926244099935
2006-10-31,283.31405766805
2006-11-01,283.114198048909
2006-11-02,284.586526234945
2006-11-03,286.131950378418
2006-11-04,286.418067932129
2006-11-05,288.214427947998
2006-11-06,288.81978225708
2006-11-07,287.411023457845
2006-11-08,287.842496236165
2006-11-09,282.64856338501
2006-11-10,278.30410639445
2006-11-11,284.851666768392
2006-11-12,286.465816497803
2006-11-13,286.231098175049
2006-11-14,289.338901519775
2006-11-15,290.763280232747
2006-11-16,289.412682851156
2006-11-17,293.091935475667
2006-11-18,291.076847076416
2006-11-19,288.320500691732
2006-11-20,285.832276662191
2006-11-21,284.843743642171
2006-11-22,286.974854787191
2006-11-23,288.895221710205
2006-11-24,290.795734405518
2006-11-25,288.675898234049
2006-11-26,287.224310557048
2006-11-27,286.152984619141
2006-11-28,282.277998606364
2006-11-29,285.637921651205
2006-11-30,288.106666564941
2006-12-01,285.311954498291
2006-12-02,282.697747548421
2006-12-03,283.690521240234
2006-12-04,288.130601247152
2006-12-05,285.304392496745
2006-12-06,282.617134094238
2006-12-07,284.813163757324
2006-12-08,287.657285054525
2006-12-09,284.443129221598
2006-12-10,281.733874003092
2006-12-11,283.553262074788
2006-12-12,287.187277475993
2006-12-13,288.59227625529
2006-12-14,284.94287999471
2006-12-15,287.350359598796
2006-12-16,289.012886047363
2006-12-17,288.375211079915
2006-12-18,286.849131266276
2006-12-19,286.315458933512
2006-12-20,289.881809234619
2006-12-21,284.278411865234
2006-12-22,281.475878397624
2006-12-23,283.70809173584
2006-12-24,284.999064127604
2006-12-25,288.839639027913
2006-12-26,290.562093098958
2006-12-27,291.243607838949
2006-12-28,290.110610961914
2006-12-29,287.741217295329
2006-12-30,286.899332682292
2006-12-31,284.829821268718
2007-01-01,284.998279571533
2007-01-02,283.691090901693
2007-01-03,282.438961029053
2007-01-04,281.463391621908
2007-01-05,285.616868336995
2007-01-06,289.630521138509
2007-01-07,288.976525624593
2007-01-08,287.599676767985
2007-01-09,290.837341308594
2007-01-10,291.180628458659
2007-01-11,291.677654266357
2007-01-12,293.766810099284
2007-01-13,292.776011149088
2007-01-14,293.704452514648
2007-01-15,292.193854014079
2007-01-16,290.32644144694
2007-01-17,291.448322296143
2007-01-18,285.390090942383
2007-01-19,288.88853708903
2007-01-20,289.397240956624
2007-01-21,292.088860829671
2007-01-22,291.345920562744
2007-01-23,293.053840637207
2007-01-24,291.70636622111
2007-01-25,292.499501546224
2007-01-26,291.435775756836
2007-01-27,290.659706115723
2007-01-28,291.088550567627
2007-01-29,293.424233754476
2007-01-30,289.939535776774
2007-01-31,288.399145762126
2007-02-01,290.356028238932
2007-02-02,288.486790974935
2007-02-03,286.754182179769
2007-02-04,288.272569020589
2007-02-05,289.23860168457
2007-02-06,289.724580128988
2007-02-07,291.574069976807
2007-02-08,292.94918568929
2007-02-09,292.436468760173
2007-02-10,290.349178314209
2007-02-11,286.245332082113
2007-02-12,287.580022176107
2007-02-13,285.7537206014
2007-02-14,287.523511250814
2007-02-15,286.961963653564
2007-02-16,289.473834991455
2007-02-17,285.73993174235
2007-02-18,286.061515808105
2007-02-19,290.004582722982
2007-02-20,291.640811920166
2007-02-21,292.954645792643
2007-02-22,291.112600962321
2007-02-23,292.049240112305
2007-02-24,290.208619435628
2007-02-25,287.405648549398
2007-02-26,292.320271809896
2007-02-27,291.904736836751
2007-02-28,289.921691894531
2007-03-01,287.048890431722
2007-03-02,291.056767781576
2007-03-03,290.748872121175
2007-03-04,289.575022379557
2007-03-05,291.770889282227
2007-03-06,291.61284383138
2007-03-07,292.382013956706
2007-03-08,292.976528167725
2007-03-09,288.684178670247
2007-03-10,288.757932027181
2007-03-11,291.512859344482
2007-03-12,293.142790476481
2007-03-13,292.487164815267
2007-03-14,287.997840881348
2007-03-15,285.601043701172
2007-03-16,287.119082132975
2007-03-17,289.920159657796
2007-03-18,290.800736745198
2007-03-19,287.370728810628
2007-03-20,287.96529006958
2007-03-21,286.96478398641
2007-03-22,288.200932820638
2007-03-23,286.055225372315
2007-03-24,288.570423126221
2007-03-25,290.211742401123
2007-03-26,289.555229187012
2007-03-27,291.788105010986
2007-03-28,290.222550710042
2007-03-29,288.904360453288
2007-03-30,290.409739176432
2007-03-31,292.75634765625
2007-04-01,291.286958058675
2007-04-02,288.73176574707
2007-04-03,286.344659169515
2007-04-04,287.288911183675
2007-04-05,287.349741617838
2007-04-06,282.681035359701
2007-04-07,285.294499715169
2007-04-08,286.06226348877
2007-04-09,285.383338928223
2007-04-10,286.698624928792
2007-04-11,287.95018641154
2007-04-12,285.517514546712
2007-04-13,282.037097930908
2007-04-14,282.26747639974
2007-04-15,284.81660079956
2007-04-16,285.932404836019
2007-04-17,287.297197977702
2007-04-18,285.26823425293
2007-04-19,281.158130645752
2007-04-20,280.863358815511
2007-04-21,283.210399627686
2007-04-22,284.311260223389
2007-04-23,282.824731190999
2007-04-24,283.914782206217
2007-04-25,284.166763305664
2007-04-26,285.369361877441
2007-04-27,285.859633127848
2007-04-28,286.841723124186
2007-04-29,283.466322580973
2007-04-30,282.695332845052
2007-05-01,286.374921162923
2007-05-02,287.346144358317
2007-05-03,285.960712432861
2007-05-04,282.853459676107
2007-05-05,283.608200073242
2007-05-06,286.146973927816
2007-05-07,286.762873331706
2007-05-08,285.115032196045
2007-05-09,281.929403940837
2007-05-10,284.072849273682
2007-05-11,285.271218617757
2007-05-12,283.480383555094
2007-05-13,280.351607004801
2007-05-14,282.703632354736
2007-05-15,285.255929311116
2007-05-16,287.065788269043
2007-05-17,289.15025583903
2007-05-18,282.76047261556
2007-05-19,283.317984263102
2007-05-20,283.989676157633
2007-05-21,287.070330301921
2007-05-22,287.138117472331
2007-05-23,286.85206858317
2007-05-24,287.556907653809
2007-05-25,286.555458068848
2007-05-26,284.839972178141
2007-05-27,283.972067515055
2007-05-28,283.704517364502
2007-05-29,279.91503016154
2007-05-30,281.867640177409
2007-05-31,284.055473327637
2007-06-01,285.884428660075
2007-06-02,286.956890106201
2007-06-03,284.118620554606
2007-06-04,278.437283833822
2007-06-05,281.891471862793
2007-06-06,285.21436436971
2007-06-07,285.204858144124
2007-06-08,283.73641204834
2007-06-09,281.008253733317
2007-06-10,279.092727661133
2007-06-11,279.602230072021
2007-06-12,282.394940694173
2007-06-13,282.562527974447
2007-06-14,282.525922139486
2007-06-15,279.502385457357
2007-06-16,277.768769582113
2007-06-17,277.704119364421
2007-06-18,277.708920796712
2007-06-19,276.978773752848
2007-06-20,276.963377634684
2007-06-21,278.445167541504
2007-06-22,283.10034942627
2007-06-23,280.946083068848
2007-06-24,281.045696258545
2007-06-25,283.096120198568
2007-06-26,279.071030934652
2007-06-27,277.410491943359
2007-06-28,276.136492411296
2007-06-29,276.351332346598
2007-06-30,280.647075653076
2007-07-01,284.447494506836
2007-07-02,285.521962483724
2007-07-03,283.315390268962
2007-07-04,282.276517232259
2007-07-05,283.102499643962
2007-07-06,280.421962738037
2007-07-07,276.367811838786
2007-07-08,275.80669148763
2007-07-09,278.206920623779
2007-07-10,278.850683848063
2007-07-11,279.767815907796
2007-07-12,279.185820261637
2007-07-13,277.844142913818
2007-07-14,276.808822631836
2007-07-15,278.291280110677
2007-07-16,279.24907430013
2007-07-17,281.447186787923
2007-07-18,282.36262512207
2007-07-19,280.807683308919
2007-07-20,281.457853953044
2007-07-21,280.062241872152
2007-07-22,279.790252685547
2007-07-23,277.49029413859
2007-07-24,282.254081726074
2007-07-25,283.756195068359
2007-07-26,283.623002370199
2007-07-27,284.486490885417
2007-07-28,284.803779602051
2007-07-29,280.882823944092
2007-07-30,281.059312184652
2007-07-31,283.660148620605
2007-08-01,284.843273162842
2007-08-02,282.943470001221
2007-08-03,281.815092722575
2007-08-04,281.656879425049
2007-08-05,281.873705546061
2007-08-06,282.14818572998
2007-08-07,281.048262278239
2007-08-08,278.383378346761
2007-08-09,281.005574544271
2007-08-10,284.707127888997
2007-08-11,285.709115346273
2007-08-12,285.165869394938
2007-08-13,280.083577473958
2007-08-14,279.393023173014
2007-08-15,277.727165222168
2007-08-16,280.084676106771
2007-08-17,282.262517293294
2007-08-18,283.742689768473
2007-08-19,282.732749938965
2007-08-20,280.550533294678
2007-08-21,278.510812123617
2007-08-22,279.652858734131
2007-08-23,276.930104573568
2007-08-24,279.709520975749
2007-08-25,280.533922831217
2007-08-26,281.65595626831
2007-08-27,280.717540740967
2007-08-28,282.252811431885
2007-08-29,282.688986460368
2007-08-30,282.979137420654
2007-08-31,281.469865163167
2007-09-01,285.146015167236
2007-09-02,285.21662902832
2007-09-03,282.62196858724
2007-09-04,283.310401916504
2007-09-05,282.423957824707
2007-09-06,277.626712799072
2007-09-07,276.877115885417
2007-09-08,279.789958953857
2007-09-09,281.162694295247
2007-09-10,282.4392674764
2007-09-11,277.979401906331
2007-09-12,280.296920776367
2007-09-13,281.882967631022
2007-09-14,285.048924763997
2007-09-15,285.135229746501
2007-09-16,285.104774475098
2007-09-17,286.567451477051
2007-09-18,284.926793416341
2007-09-19,284.122108459473
2007-09-20,286.738482157389
2007-09-21,284.341976165771
2007-09-22,283.374046325684
2007-09-23,283.975091298421
2007-09-24,286.799247741699
2007-09-25,282.923742930094
2007-09-26,278.87190246582
2007-09-27,278.771931966146
2007-09-28,279.777585347494
2007-09-29,281.325302124023
2007-09-30,284.573266347249
2007-10-01,286.496931711833
2007-10-02,284.624923706055
2007-10-03,281.012163798014
2007-10-04,277.451352437337
2007-10-05,284.324499766032
2007-10-06,284.18972269694
2007-10-07,285.451288859049
2007-10-08,289.444124857585
2007-10-09,287.04367574056
2007-10-10,286.392622629801
2007-10-11,287.094994862874
2007-10-12,286.285579681396
2007-10-13,284.321113586426
2007-10-14,285.118033091227
2007-10-15,282.014872233073
2007-10-16,284.29118347168
2007-10-17,286.213164011637
2007-10-18,282.31476465861
2007-10-19,277.553751627604
2007-10-20,279.252131144206
2007-10-21,283.612954457601
2007-10-22,285.23622639974
2007-10-23,284.784051259359
2007-10-24,285.273896535238
2007-10-25,283.772789001465
2007-10-26,284.517862955729
2007-10-27,282.594868977865
2007-10-28,279.370721181234
2007-10-29,280.292147318522
2007-10-30,285.726876576742
2007-10-31,286.165537516276
2007-11-01,286.212743123372
2007-11-02,282.982790629069
2007-11-03,286.159322102865
2007-11-04,288.430304209391
2007-11-05,287.224816640218
2007-11-06,284.061749776204
2007-11-07,282.044949849447
2007-11-08,284.278861999512
2007-11-09,282.478258768717
2007-11-10,283.812358856201
2007-11-11,285.26448059082
2007-11-12,285.008440653483
2007-11-13,285.867422739665
2007-11-14,284.001828511556
2007-11-15,281.286708831787
2007-11-16,284.389848073324
2007-11-17,283.403437296549
2007-11-18,283.018218994141
2007-11-19,285.219935099284
2007-11-20,287.351104736328
2007-11-21,289.066537221273
2007-11-22,288.774514516195
2007-11-23,288.454549153646
2007-11-24,289.29158782959
2007-11-25,287.950837453206
2007-11-26,289.71726735433
2007-11-27,286.87397257487
2007-11-28,286.461991628011
2007-11-29,281.860968271891
2007-11-30,284.456872304281
2007-12-01,282.795032501221
2007-12-02,287.643765767415
2007-12-03,287.780288696289
2007-12-04,287.706235249837
2007-12-05,288.932430267334
2007-12-06,290.557135264079
2007-12-07,286.069109598796
2007-12-08,285.033016204834
2007-12-09,288.840329488119
2007-12-10,291.717923482259
2007-12-11,291.278228759766
2007-12-12,292.671451568604
2007-12-13,292.297927856445
2007-12-14,291.214811960856
2007-12-15,288.853698730469
2007-12-16,290.775545756022
2007-12-17,292.496200561523
2007-12-18,292.449696858724
2007-12-19,289.018269856771
2007-12-20,285.250785827637
2007-12-21,287.254328409831
2007-12-22,287.356741587321
2007-12-23,286.828491210938
2007-12-24,288.619894663493
2007-12-25,290.568944295247
2007-12-26,288.927583058675
2007-12-27,284.780044555664
2007-12-28,287.485913594564
2007-12-29,287.036780039469
2007-12-30,288.359579722087
2007-12-31,290.529504140218
2008-01-01,284.885879516602
2008-01-02,287.40282313029
2008-01-03,291.68813196818
2008-01-04,290.402685801188
2008-01-05,287.515042622884
2008-01-06,292.664714813232
2008-01-07,294.04233678182
2008-01-08,294.078467051188
2008-01-09,290.145517985026
2008-01-10,290.507008870443
2008-01-11,284.202699025472
2008-01-12,287.260097503662
2008-01-13,292.189023335775
2008-01-14,291.710145314535
2008-01-15,292.662404378255
2008-01-16,291.386164347331
2008-01-17,292.78377532959
2008-01-18,292.942892710368
2008-01-19,289.547449747721
2008-01-20,289.138577779134
2008-01-21,290.180456797282
2008-01-22,294.269705454508
2008-01-23,294.815059661865
2008-01-24,289.534664154053
2008-01-25,289.116493225098
2008-01-26,289.252925872803
2008-01-27,289.17551167806
2008-01-28,288.188532511393
2008-01-29,290.731482187907
2008-01-30,290.951176961263
2008-01-31,291.228654225667
2008-02-01,292.421463012695
2008-02-02,292.1359278361
2008-02-03,288.341751098633
2008-02-04,290.961065928141
2008-02-05,289.504623413086
2008-02-06,284.868362426758
2008-02-07,285.104619344075
2008-02-08,286.003164927165
2008-02-09,289.930854797363
2008-02-10,292.572416941325
2008-02-11,293.287595113118
2008-02-12,291.719935099284
2008-02-13,289.921035766602
2008-02-14,291.360513051351
2008-02-15,291.685351053874
2008-02-16,288.113145192464
2008-02-17,287.91751352946
2008-02-18,288.513406117757
2008-02-19,288.236754099528
2008-02-20,287.129959106445
2008-02-21,289.940924326579
2008-02-22,292.374744415283
2008-02-23,291.717454274495
2008-02-24,292.507019042969
2008-02-25,293.026757558187
2008-02-26,290.374223073324
2008-02-27,289.697015126546
2008-02-28,291.405872344971
2008-02-29,290.389382680257
2008-03-01,292.73137029012
2008-03-02,292.081384023031
2008-03-03,287.465621948242
2008-03-04,285.081143697103
2008-03-05,285.925088246663
2008-03-06,286.069633483887
2008-03-07,286.604452768962
2008-03-08,290.193017323812
2008-03-09,289.688346862793
2008-03-10,288.277336120605
2008-03-11,287.191618601481
2008-03-12,289.391338348389
2008-03-13,289.704984029134
2008-03-14,287.563228607178
2008-03-15,288.989346822103
2008-03-16,288.259908040365
2008-03-17,288.563812255859
2008-03-18,287.902416229248
2008-03-19,290.168195088705
2008-03-20,290.700909932454
2008-03-21,290.858047485352
2008-03-22,292.080122629801
2008-03-23,288.236682891846
2008-03-24,286.507432301839
2008-03-25,290.888516743978
2008-03-26,289.670162200928
2008-03-27,289.189843495687
2008-03-28,290.758550008138
2008-03-29,291.890326182047
2008-03-30,291.375993092855
2008-03-31,288.96201578776
2008-04-01,289.6360206604
2008-04-02,288.335186004639
2008-04-03,282.710498809814
2008-04-04,285.99578221639
2008-04-05,288.91055170695
2008-04-06,287.965677897135
2008-04-07,286.10906346639
2008-04-08,283.547920227051
2008-04-09,283.250059763591
2008-04-10,282.457525889079
2008-04-11,284.436126708984
2008-04-12,287.105252583822
2008-04-13,285.057231903076
2008-04-14,287.05569712321
2008-04-15,287.528207143148
2008-04-16,285.999638875326
2008-04-17,288.252471923828
2008-04-18,285.737639109294
2008-04-19,284.290227254232
2008-04-20,280.051235198975
2008-04-21,279.613301595052
2008-04-22,284.371096293131
2008-04-23,285.552940368652
2008-04-24,284.823960622152
2008-04-25,284.691776275635
2008-04-26,285.656147003174
2008-04-27,286.457466125488
2008-04-28,288.285601298014
2008-04-29,289.140328725179
2008-04-30,288.593638102214
2008-05-01,285.491008758545
2008-05-02,280.622720082601
2008-05-03,279.983860015869
2008-05-04,279.51454671224
2008-05-05,280.644950866699
2008-05-06,280.401869455973
2008-05-07,277.7638575236
2008-05-08,281.168698628743
2008-05-09,283.684688568115
2008-05-10,284.329555511475
2008-05-11,283.850371042887
2008-05-12,281.993698120117
2008-05-13,278.267271677653
2008-05-14,280.611385345459
2008-05-15,281.466481526693
2008-05-16,281.346556345622
2008-05-17,281.615965525309
2008-05-18,280.057520548503
2008-05-19,279.527493794759
2008-05-20,281.026889801025
2008-05-21,280.997108459473
2008-05-22,281.20175298055
2008-05-23,283.28669611613
2008-05-24,283.79527537028
2008-05-25,282.255736033122
2008-05-26,280.754138946533
2008-05-27,280.002142588298
2008-05-28,278.71257019043
2008-05-29,278.801162719727
2008-05-30,279.006959279378
2008-05-31,279.869152069092
2008-06-01,282.164438883463
2008-06-02,283.362300872803
2008-06-03,280.385534922282
2008-06-04,280.215051015218
2008-06-05,277.236708323161
2008-06-06,280.665290832519
2008-06-07,283.437110900879
2008-06-08,280.557107289632
2008-06-09,278.324794769287
2008-06-10,280.552828470866
2008-06-11,279.299603780111
2008-06-12,281.037068684896
2008-06-13,284.172421773275
2008-06-14,283.778779347738
2008-06-15,282.543940226237
2008-06-16,283.746224721273
2008-06-17,284.311642964681
2008-06-18,281.712659200033
2008-06-19,276.635438283285
2008-06-20,278.052865346273
2008-06-21,277.691435496012
2008-06-22,280.264298756917
2008-06-23,282.012379964193
2008-06-24,281.602038065592
2008-06-25,278.531059265137
2008-06-26,281.642346700033
2008-06-27,282.245137532552
2008-06-28,281.188372294108
2008-06-29,278.453395843506
2008-06-30,279.328411102295
2008-07-01,277.06318283081
2008-07-02,280.24037806193
2008-07-03,284.272280375163
2008-07-04,283.298273722331
2008-07-05,279.187611897786
2008-07-06,275.430773417155
2008-07-07,276.253593444824
2008-07-08,278.173413594564
2008-07-09,277.860626220703
2008-07-10,278.896107991536
2008-07-11,279.971768697103
2008-07-12,284.12352625529
2008-07-13,283.895542144775
2008-07-14,280.762145996094
2008-07-15,279.131417592367
2008-07-16,279.223255157471
2008-07-17,279.999788920085
2008-07-18,280.157408396403
2008-07-19,282.398108164469
2008-07-20,283.606119791667
2008-07-21,283.965927124023
2008-07-22,282.396603902181
2008-07-23,283.335324605306
2008-07-24,282.446506500244
2008-07-25,279.570715586344
2008-07-26,277.690745035807
2008-07-27,278.763294219971
2008-07-28,279.000456492106
2008-07-29,279.537637074788
2008-07-30,280.906730651855
2008-07-31,282.969914754232
2008-08-01,283.811079661051
2008-08-02,283.453187306722
2008-08-03,283.86557896932
2008-08-04,282.998883565267
2008-08-05,280.94459660848
2008-08-06,279.729895273844
2008-08-07,281.09884262085
2008-08-08,281.947488149007
2008-08-09,279.127841949463
2008-08-10,275.657688140869
2008-08-11,277.269589742025
2008-08-12,281.178071339925
2008-08-13,282.104216257731
2008-08-14,281.681377410889
2008-08-15,279.607986450195
2008-08-16,279.968888600667
2008-08-17,280.196971893311
2008-08-18,278.957571665446
2008-08-19,276.658447265625
2008-08-20,275.516162872315
2008-08-21,278.333703358968
2008-08-22,282.70093536377
2008-08-23,284.466632843018
2008-08-24,283.219673156738
2008-08-25,281.968583424886
2008-08-26,283.748432159424
2008-08-27,282.77232615153
2008-08-28,282.476401011149
2008-08-29,280.165953318278
2008-08-30,279.826173146566
2008-08-31,279.149075826009
2008-09-01,279.815568288167
2008-09-02,282.34811147054
2008-09-03,282.949736277262
2008-09-04,283.231587727865
2008-09-05,283.470438639323
2008-09-06,279.627413431803
2008-09-07,277.400736490885
2008-09-08,281.552745819092
2008-09-09,282.981286366781
2008-09-10,283.432573954264
2008-09-11,283.423201243083
2008-09-12,283.620313008626
2008-09-13,283.184327443441
2008-09-14,282.237715403239
2008-09-15,281.536219278971
2008-09-16,284.267285664876
2008-09-17,284.853855133057
2008-09-18,283.366330464681
2008-09-19,281.287212371826
2008-09-20,278.932520548503
2008-09-21,282.715779622396
2008-09-22,285.179730733236
2008-09-23,285.566561381022
2008-09-24,287.684185028076
2008-09-25,285.199459075928
2008-09-26,282.899936676025
2008-09-27,284.721618652344
2008-09-28,280.902545928955
2008-09-29,279.448552449544
2008-09-30,283.116388956706
2008-10-01,279.778163909912
2008-10-02,281.582525889079
2008-10-03,283.757825215657
2008-10-04,286.530817667643
2008-10-05,288.513975779216
2008-10-06,283.955451965332
2008-10-07,286.004240671794
2008-10-08,285.756142934163
2008-10-09,282.321610768636
2008-10-10,280.491535186768
2008-10-11,283.161293029785
2008-10-12,284.208419799805
2008-10-13,285.245290120443
2008-10-14,285.053436279297
2008-10-15,286.098415374756
2008-10-16,286.859598795573
2008-10-17,286.892969767253
2008-10-18,283.725516001383
2008-10-19,282.604787190755
2008-10-20,280.754067738851
2008-10-21,284.904754638672
2008-10-22,284.638312021891
2008-10-23,286.105439503988
2008-10-24,284.516361236572
2008-10-25,287.273743947347
2008-10-26,283.107638041178
2008-10-27,279.651571909587
2008-10-28,285.266096750895
2008-10-29,287.344011942546
2008-10-30,284.487588246663
2008-10-31,284.175829569499
2008-11-01,284.376571655273
2008-11-02,283.269086201986
2008-11-03,282.574406941732
2008-11-04,287.39198811849
2008-11-05,286.340117136638
2008-11-06,282.327032725016
2008-11-07,281.158695220947
2008-11-08,279.230083465576
2008-11-09,282.646848042806
2008-11-10,287.009913126628
2008-11-11,287.195830027262
2008-11-12,287.76811726888
2008-11-13,288.993492126465
2008-11-14,288.381643931071
2008-11-15,287.993756612142
2008-11-16,288.45895131429
2008-11-17,287.769756317139
2008-11-18,285.428009033203
2008-11-19,282.802542368571
2008-11-20,284.14861424764
2008-11-21,282.867635091146
2008-11-22,287.375052134196
2008-11-23,291.002990722656
2008-11-24,293.108317057292
2008-11-25,294.250935872396
2008-11-26,289.565385182699
2008-11-27,288.000626881917
2008-11-28,286.903382619222
2008-11-29,285.525547027588
2008-11-30,288.884208679199
2008-12-01,290.275433858236
2008-12-02,289.302536010742
2008-12-03,288.649370829264
2008-12-04,290.326117197673
2008-12-05,290.672407786051
2008-12-06,287.16681543986
2008-12-07,290.014647165934
2008-12-08,289.782385508219
2008-12-09,290.84928894043
2008-12-10,288.671936035156
2008-12-11,289.158360799154
2008-12-12,287.692928314209
2008-12-13,287.662066141764
2008-12-14,284.188730875651
2008-12-15,289.22025680542
2008-12-16,291.308344523112
2008-12-17,290.496117909749
2008-12-18,287.43604405721
2008-12-19,288.914970397949
2008-12-20,289.945715586344
2008-12-21,288.077438354492
2008-12-22,282.146338144938
2008-12-23,286.929466247559
2008-12-24,288.056509653727
2008-12-25,285.974164326986
2008-12-26,287.23264948527
2008-12-27,289.953295389811
2008-12-28,290.320658365885
2008-12-29,291.066594441732
2008-12-30,292.130069732666
2008-12-31,291.849681854248
2009-01-01,292.376784006755
2009-01-02,290.363001505534
2009-01-03,293.421515146891
2009-01-04,287.850276947021
2009-01-05,287.183851877848
2009-01-06,289.85028330485
2009-01-07,290.363431294759
2009-01-08,291.283789316813
2009-01-09,295.711676279704
2009-01-10,294.038536071777
2009-01-11,288.716664632161
2009-01-12,286.918378194173
2009-01-13,287.527243296305
2009-01-14,287.470790863037
2009-01-15,286.88484064738
2009-01-16,290.735994974772
2009-01-17,292.018337249756
2009-01-18,290.914180755615
2009-01-19,288.240277608236
2009-01-20,288.077336629232
2009-01-21,286.721155802409
2009-01-22,288.773141225179
2009-01-23,290.017631530762
2009-01-24,290.850673675537
2009-01-25,292.97563680013
2009-01-26,291.68835067749
2009-01-27,291.66260655721
2009-01-28,287.26554997762
2009-01-29,286.264258066813
2009-01-30,289.521064758301
2009-01-31,292.511169433594
2009-02-01,293.966355641683
2009-02-02,290.745704650879
2009-02-03,288.68835067749
2009-02-04,291.42626063029
2009-02-05,288.57976659139
2009-02-06,289.309018452962
2009-02-07,293.705481211344
2009-02-08,293.60501352946
2009-02-09,295.716883341471
2009-02-10,294.168182373047
2009-02-11,292.329798380534
2009-02-12,291.571792602539
2009-02-13,290.020356496175
2009-02-14,284.166708628336
2009-02-15,285.497721354167
2009-02-16,289.841180165609
2009-02-17,286.7966893514
2009-02-18,286.639128367106
2009-02-19,290.662476857503
2009-02-20,293.172218322754
2009-02-21,292.222152709961
2009-02-22,292.601985931396
2009-02-23,289.842258453369
2009-02-24,288.513408660889
2009-02-25,286.740598042806
2009-02-26,286.665529886881
2009-02-27,289.601195017497
2009-02-28,290.883846282959
2009-03-01,289.097644805908
2009-03-02,291.506384531657
2009-03-03,289.12694422404
2009-03-04,285.184062957764
2009-03-05,288.441118876139
2009-03-06,289.881520589193
2009-03-07,291.242828369141
2009-03-08,291.756327311198
2009-03-09,288.943983713786
2009-03-10,286.143013000488
2009-03-11,283.911842346191
2009-03-12,280.776831309001
2009-03-13,284.105266571045
2009-03-14,282.93785349528
2009-03-15,283.921131134033
2009-03-16,285.795514424642
2009-03-17,287.230889638265
2009-03-18,289.207370758057
2009-03-19,291.283873240153
2009-03-20,287.553278605143
2009-03-21,285.255215962728
2009-03-22,285.613067626953
2009-03-23,282.185206095378
2009-03-24,282.245928446452
2009-03-25,282.506449381511
2009-03-26,286.06729888916
2009-03-27,288.177508036296
2009-03-28,288.541072845459
2009-03-29,286.735106150309
2009-03-30,288.008062998454
2009-03-31,285.659856160482
2009-04-01,283.359944661458
2009-04-02,282.688824971517
2009-04-03,281.776067097982
2009-04-04,282.702974955241
2009-04-05,285.203104654948
2009-04-06,286.69292195638
2009-04-07,287.869408925374
2009-04-08,287.978883107503
2009-04-09,282.057955423991
2009-04-10,278.42326482137
2009-04-11,280.332660675049
2009-04-12,282.991978963216
2009-04-13,284.678656260172
2009-04-14,286.614423116048
2009-04-15,287.016600290934
2009-04-16,285.321534474691
2009-04-17,285.875371297201
2009-04-18,285.171780904134
2009-04-19,285.100566864014
2009-04-20,286.47683207194
2009-04-21,282.004974365234
2009-04-22,279.496494293213
2009-04-23,283.562321980794
2009-04-24,283.499408721924
2009-04-25,285.482266743978
2009-04-26,286.290598551432
2009-04-27,289.043963114421
2009-04-28,290.613413492838
2009-04-29,290.697132110596
2009-04-30,287.078862508138
2009-05-01,283.249978383382
2009-05-02,281.277914683024
2009-05-03,281.284278869629
2009-05-04,281.674692789714
2009-05-05,280.474697113037
2009-05-06,283.095738728841
2009-05-07,281.174709320068
2009-05-08,282.46937306722
2009-05-09,281.456142425537
2009-05-10,281.227779388428
2009-05-11,279.569661458333
2009-05-12,278.730852762858
2009-05-13,278.844071706136
2009-05-14,283.269906361898
2009-05-15,284.98975499471
2009-05-16,287.001862843831
2009-05-17,288.324183146159
2009-05-18,284.463183085124
2009-05-19,284.14995320638
2009-05-20,280.742412567139
2009-05-21,277.830977121989
2009-05-22,277.219814300537
2009-05-23,279.635934193929
2009-05-24,280.07426071167
2009-05-25,281.968044281006
2009-05-26,281.824334462484
2009-05-27,282.16845703125
2009-05-28,279.641480763753
2009-05-29,280.927085876465
2009-05-30,280.847365061442
2009-05-31,278.936971028646
2009-06-01,276.102466583252
2009-06-02,277.545959472656
2009-06-03,277.011600494385
2009-06-04,276.578346252441
2009-06-05,278.283064524333
2009-06-06,282.040253957113
2009-06-07,278.496182759603
2009-06-08,276.28444035848
2009-06-09,278.168445587158
2009-06-10,280.056748708089
2009-06-11,281.864687601725
2009-06-12,283.783922831217
2009-06-13,282.795756022135
2009-06-14,283.482045491536
2009-06-15,283.291152954102
2009-06-16,282.56229019165
2009-06-17,277.091840108236
2009-06-18,275.498203277588
2009-06-19,275.37446975708
2009-06-20,278.369654337565
2009-06-21,278.930993398031
2009-06-22,279.209891001383
2009-06-23,276.827634175618
2009-06-24,275.775341033935
2009-06-25,277.207051595052
2009-06-26,279.894059499105
2009-06-27,282.804745992025
2009-06-28,281.229807535807
2009-06-29,279.200262705485
2009-06-30,278.934448242187
2009-07-01,279.372379302979
2009-07-02,277.590310414632
2009-07-03,279.22757212321
2009-07-04,280.892573038737
2009-07-05,281.676853179932
2009-07-06,280.245583852132
2009-07-07,278.05592473348
2009-07-08,280.113250732422
2009-07-09,276.637725830078
2009-07-10,276.746779123942
2009-07-11,278.102352142334
2009-07-12,279.367589314779
2009-07-13,277.315121968587
2009-07-14,275.497667948405
2009-07-15,279.889658610026
2009-07-16,280.940598805745
2009-07-17,281.620140075684
2009-07-18,281.908588409424
2009-07-19,280.9619140625
2009-07-20,281.642409006755
2009-07-21,281.342884063721
2009-07-22,283.056844075521
2009-07-23,282.453507741292
2009-07-24,283.291873931885
2009-07-25,277.05819829305
2009-07-26,276.665990193685
2009-07-27,276.318731943766
2009-07-28,277.560006459554
2009-07-29,279.671229044596
2009-07-30,281.114790598551
2009-07-31,282.822124481201
2009-08-01,283.788836161295
2009-08-02,282.81530380249
2009-08-03,282.316383361816
2009-08-04,282.790738423665
2009-08-05,283.027081807454
2009-08-06,281.869150797526
2009-08-07,279.224768320719
2009-08-08,279.792165120443
2009-08-09,278.482821146647
2009-08-10,278.461879730225
2009-08-11,278.344827016195
2009-08-12,279.233032226562
2009-08-13,281.089204152425
2009-08-14,283.472935994466
2009-08-15,283.335005442301
2009-08-16,283.756029764811
2009-08-17,282.23060353597
2009-08-18,281.063353220622
2009-08-19,282.038125356038
2009-08-20,278.092788696289
2009-08-21,280.142590840658
2009-08-22,280.971518198649
2009-08-23,281.617727915446
2009-08-24,282.730434417725
2009-08-25,282.579878489176
2009-08-26,284.070260365804
2009-08-27,284.65901184082
2009-08-28,284.304052988688
2009-08-29,286.035648345947
2009-08-30,284.102586110433
2009-08-31,286.013416290283
2009-09-01,283.424243927002
2009-09-02,283.739190419515
2009-09-03,281.046410878499
2009-09-04,278.702028910319
2009-09-05,276.439219156901
2009-09-06,278.009582519531
2009-09-07,279.121311187744
2009-09-08,281.42722829183
2009-09-09,281.974347432454
2009-09-10,282.558586120605
2009-09-11,283.396092732747
2009-09-12,286.246496836344
2009-09-13,285.528366088867
2009-09-14,284.160832722982
2009-09-15,285.235144297282
2009-09-16,283.55846786499
2009-09-17,285.003102620443
2009-09-18,283.748466491699
2009-09-19,283.007681528727
2009-09-20,279.164558410644
2009-09-21,280.243417104085
2009-09-22,283.13237508138
2009-09-23,283.984736124674
2009-09-24,280.100870768229
2009-09-25,278.179164886475
2009-09-26,281.060976664225
2009-09-27,279.906091054281
2009-09-28,283.702348073323
2009-09-29,282.731060028076
2009-09-30,285.670117696126
2009-10-01,285.282417297363
2009-10-02,284.68266805013
2009-10-03,285.028661092122
2009-10-04,280.946015675862
2009-10-05,277.775184631348
2009-10-06,277.510264078776
2009-10-07,278.432590484619
2009-10-08,280.101778666178
2009-10-09,283.036715189616
2009-10-10,281.56511815389
2009-10-11,280.693194071452
2009-10-12,283.954839070638
2009-10-13,284.751516977946
2009-10-14,285.503075917562
2009-10-15,287.148649851481
2009-10-16,286.627653757731
2009-10-17,286.446998596191
2009-10-18,285.707452138265
2009-10-19,281.901022593181
2009-10-20,283.175701141357
2009-10-21,278.119168599447
2009-10-22,282.930583953857
2009-10-23,282.725341796875
2009-10-24,279.201737721761
2009-10-25,281.166015625
2009-10-26,283.165448506673
2009-10-27,284.714188893636
2009-10-28,281.755224863688
2009-10-29,282.345895131429
2009-10-30,279.685356140137
2009-10-31,281.571867624919
2009-11-01,282.526547749837
2009-11-02,285.436458587646
2009-11-03,285.511037190755
2009-11-04,286.996445973714
2009-11-05,287.885988871257
2009-11-06,285.89536412557
2009-11-07,283.346118927002
2009-11-08,284.840087890625
2009-11-09,284.583861033122
2009-11-10,281.477423350016
2009-11-11,284.793471018473
2009-11-12,281.767654418945
2009-11-13,283.912122090658
2009-11-14,282.579992930094
2009-11-15,285.333089192708
2009-11-16,287.105842590332
2009-11-17,285.32700475057
2009-11-18,285.289861043294
2009-11-19,283.118320465088
2009-11-20,286.895211537679
2009-11-21,287.606608072917
2009-11-22,287.602789560954
2009-11-23,285.472020467122
2009-11-24,289.08061726888
2009-11-25,288.437873840332
2009-11-26,287.86060333252
2009-11-27,285.721440633138
2009-11-28,289.21949895223
2009-11-29,289.130636850993
2009-11-30,288.690124511719
2009-12-01,286.536218007406
2009-12-02,287.819046020508
2009-12-03,285.001875559489
2009-12-04,282.493668874105
2009-12-05,284.015331268311
2009-12-06,286.803601582845
2009-12-07,289.026465098063
2009-12-08,287.52438100179
2009-12-09,289.324671427409
2009-12-10,289.7421875
2009-12-11,290.688766479492
2009-12-12,292.74162419637
2009-12-13,289.286781311035
2009-12-14,288.648759206136
2009-12-15,286.059743245443
2009-12-16,282.508253733317
2009-12-17,285.293011983236
2009-12-18,287.403893788656
2009-12-19,290.238211313883
2009-12-20,290.332664489746
2009-12-21,285.467751820882
2009-12-22,281.880488077799
2009-12-23,286.421630859375
2009-12-24,288.551099141439
2009-12-25,288.020706176758
2009-12-26,290.820865631104
2009-12-27,291.639353434245
2009-12-28,290.558554331462
2009-12-29,290.135907491048
2009-12-30,290.423225402832
2009-12-31,285.903448740641
2010-01-01,286.831975301107
2010-01-02,290.747941335042
2010-01-03,292.234460194906
2010-01-04,292.605171203613
2010-01-05,287.016031901042
2010-01-06,287.7116355896
2010-01-07,291.708009084066
2010-01-08,289.302368164063
2010-01-09,285.953350067139
2010-01-10,287.75105158488
2010-01-11,287.783554077148
2010-01-12,285.011310577393
2010-01-13,284.559631347656
2010-01-14,285.674312591553
2010-01-15,289.638779958089
2010-01-16,286.504388173421
2010-01-17,285.045399983724
2010-01-18,289.41548538208
2010-01-19,290.769326527913
2010-01-20,292.246719360352
2010-01-21,293.769111633301
2010-01-22,289.166912078857
2010-01-23,287.999576568604
2010-01-24,286.499694824219
2010-01-25,289.264717102051
2010-01-26,288.638074239095
2010-01-27,290.744955698649
2010-01-28,291.741046905518
2010-01-29,292.053548177083
2010-01-30,291.619075775146
2010-01-31,291.510763804118
2010-02-01,289.862464904785
2010-02-02,289.408889770508
2010-02-03,290.770126342773
2010-02-04,291.255176544189
2010-02-05,290.899712880452
2010-02-06,291.159196217855
2010-02-07,291.982377370199
2010-02-08,291.243314107259
2010-02-09,288.205500284831
2010-02-10,291.152749379476
2010-02-11,290.734460194906
2010-02-12,292.045776367188
2010-02-13,294.183470408122
2010-02-14,292.61891301473
2010-02-15,291.24106725057
2010-02-16,290.66508102417
2010-02-17,290.854127248128
2010-02-18,291.347577412923
2010-02-19,291.952624003093
2010-02-20,285.866891225179
2010-02-21,289.893465677897
2010-02-22,291.342399597168
2010-02-23,291.436382293701
2010-02-24,291.270142873128
2010-02-25,292.966798146566
2010-02-26,289.783150990804
2010-02-27,286.066635131836
2010-02-28,288.679044087728
2010-03-01,290.518618265788
2010-03-02,292.268525441488
2010-03-03,290.385384877523
2010-03-04,289.047613779704
2010-03-05,288.992146809896
2010-03-06,291.454568227132
2010-03-07,288.42535273234
2010-03-08,287.449198404948
2010-03-09,287.961463928223
2010-03-10,288.757555643717
2010-03-11,291.455310821533
2010-03-12,287.424725850423
2010-03-13,284.275202433268
2010-03-14,286.669246673584
2010-03-15,291.028271993001
2010-03-16,288.925516764323
2010-03-17,287.111559549967
2010-03-18,281.743437449137
2010-03-19,285.631732940674
2010-03-20,288.817924499512
2010-03-21,291.564103444417
2010-03-22,291.477577209473
2010-03-23,290.668914794922
2010-03-24,288.380894978841
2010-03-25,289.107018788656
2010-03-26,287.42204284668
2010-03-27,289.170944213867
2010-03-28,287.711344401042
2010-03-29,283.591468811035
2010-03-30,284.883457183838
2010-03-31,285.35715230306
2010-04-01,286.835360209147
2010-04-02,286.449591318766
2010-04-03,287.791189829508
2010-04-04,288.908810933431
2010-04-05,288.085522969564
2010-04-06,283.654904683431
2010-04-07,282.261114756266
2010-04-08,282.24916712443
2010-04-09,281.276682535807
2010-04-10,282.910345713297
2010-04-11,283.619361877441
2010-04-12,285.434725443522
2010-04-13,286.9169921875
2010-04-14,290.01806640625
2010-04-15,288.342966715495
2010-04-16,285.971328735352
2010-04-17,280.457514444987
2010-04-18,284.422086079915
2010-04-19,287.006589253743
2010-04-20,285.184926350911
2010-04-21,285.559102376302
2010-04-22,286.102429707845
2010-04-23,287.505029042562
2010-04-24,288.084181467692
2010-04-25,287.955567677816
2010-04-26,288.009836832682
2010-04-27,288.710680643717
2010-04-28,287.948848724365
2010-04-29,288.063884735107
2010-04-30,289.390192667643
2010-05-01,287.884934743245
2010-05-02,282.945007324219
2010-05-03,281.115200042725
2010-05-04,286.158972422282
2010-05-05,281.22212600708
2010-05-06,280.026184082031
2010-05-07,281.945362091065
2010-05-08,283.102895100911
2010-05-09,284.318303426107
2010-05-10,284.018241882324
2010-05-11,283.517907460531
2010-05-12,285.858476003011
2010-05-13,287.616212209066
2010-05-14,287.216890970866
2010-05-15,287.224993387858
2010-05-16,285.106625874837
2010-05-17,283.611549377442
2010-05-18,284.705017089844
2010-05-19,282.658894856771
2010-05-20,284.711619059245
2010-05-21,284.958382924398
2010-05-22,283.754708607992
2010-05-23,282.362831115723
2010-05-24,283.9734471639
2010-05-25,283.739415486654
2010-05-26,283.548787434896
2010-05-27,282.985448201497
2010-05-28,281.150557200114
2010-05-29,282.354058583577
2010-05-30,281.474175771078
2010-05-31,279.681654612223
2010-06-01,280.970133463542
2010-06-02,281.697011311849
2010-06-03,283.853922526042
2010-06-04,279.122783660889
2010-06-05,278.703809102376
2010-06-06,281.49973042806
2010-06-07,284.298184712728
2010-06-08,281.154880523682
2010-06-09,277.19065729777
2010-06-10,277.579447428385
2010-06-11,281.909126281738
2010-06-12,283.584410349528
2010-06-13,283.776070912679
2010-06-14,278.489139556885
2010-06-15,279.39634068807
2010-06-16,278.092301686605
2010-06-17,280.231929779053
2010-06-18,280.292050679525
2010-06-19,281.30951944987
2010-06-20,283.454111735026
2010-06-21,285.09659576416
2010-06-22,281.074358622233
2010-06-23,281.09069442749
2010-06-24,282.511409759522
2010-06-25,283.088720957438
2010-06-26,282.263266245524
2010-06-27,280.827349344889
2010-06-28,280.899163564046
2010-06-29,281.972550710042
2010-06-30,280.491978963216
2010-07-01,279.078501383464
2010-07-02,278.978939056396
2010-07-03,280.697596232096
2010-07-04,281.296010335286
2010-07-05,281.073893229167
2010-07-06,281.879135131836
2010-07-07,282.318888346354
2010-07-08,280.76649983724
2010-07-09,279.384684244792
2010-07-10,277.315517425537
2010-07-11,275.621493021647
2010-07-12,276.415147145589
2010-07-13,277.019128163656
2010-07-14,278.573930104574
2010-07-15,278.536804199219
2010-07-16,279.818751017253
2010-07-17,282.051087697347
2010-07-18,281.663922627767
2010-07-19,278.72679011027
2010-07-20,280.845659891764
2010-07-21,281.336360931396
2010-07-22,281.886723836263
2010-07-23,281.387435913086
2010-07-24,282.238208770752
2010-07-25,278.078547159831
2010-07-26,277.3955078125
2010-07-27,279.618267059326
2010-07-28,279.289915720622
2010-07-29,278.989462534587
2010-07-30,278.495494842529
2010-07-31,278.301038106282
2010-08-01,281.174541473389
2010-08-02,283.578680674235
2010-08-03,282.753618876139
2010-08-04,282.073893229167
2010-08-05,282.401471455892
2010-08-06,280.210219065348
2010-08-07,283.28715133667
2010-08-08,282.483024597168
2010-08-09,279.330540974935
2010-08-10,276.896113077799
2010-08-11,277.157728830973
2010-08-12,279.350781758626
2010-08-13,282.675852457682
2010-08-14,285.580477396647
2010-08-15,283.56606165568
2010-08-16,281.845986684163
2010-08-17,283.925979614258
2010-08-18,283.838971455892
2010-08-19,281.229588826497
2010-08-20,281.401782989502
2010-08-21,282.126973470052
2010-08-22,281.422379811605
2010-08-23,282.529294331868
2010-08-24,281.6220703125
2010-08-25,280.098364512126
2010-08-26,282.488005320231
2010-08-27,284.131261189779
2010-08-28,282.913973490397
2010-08-29,283.745065053304
2010-08-30,283.288837432861
2010-08-31,281.883575439453
2010-09-01,280.139417012532
2010-09-02,280.123447418213
2010-09-03,281.406556447347
2010-09-04,280.0032081604
2010-09-05,281.379021962484
2010-09-06,284.942142486572
2010-09-07,285.722382863363
2010-09-08,283.93474706014
2010-09-09,284.001876831055
2010-09-10,283.553352355957
2010-09-11,284.276590983073
2010-09-12,285.874799092611
2010-09-13,286.490871429443
2010-09-14,284.916997273763
2010-09-15,283.704252878825
2010-09-16,282.215967814128
2010-09-17,282.371865590413
2010-09-18,283.149260203044
2010-09-19,282.135963439942
2010-09-20,281.84302520752
2010-09-21,282.288005828857
2010-09-22,279.849402109782
2010-09-23,280.222717285156
2010-09-24,282.360268910726
2010-09-25,284.141953786214
2010-09-26,285.128096262614
2010-09-27,286.896784464518
2010-09-28,287.41366704305
2010-09-29,288.182637532552
2010-09-30,288.93168258667
2010-10-01,286.857358296712
2010-10-02,283.262226104736
2010-10-03,282.976912180583
2010-10-04,283.697366078695
2010-10-05,283.701506296794
2010-10-06,283.183982849121
2010-10-07,284.295185089111
2010-10-08,286.682145436605
2010-10-09,286.03614171346
2010-10-10,282.919359842936
2010-10-11,281.652726491292
2010-10-12,280.288396199544
2010-10-13,282.097642262777
2010-10-14,283.918062845866
2010-10-15,285.013429005941
2010-10-16,286.148895263672
2010-10-17,285.45534769694
2010-10-18,285.727676391602
2010-10-19,282.21342086792
2010-10-20,283.05114364624
2010-10-21,281.290498097737
2010-10-22,281.441631317139
2010-10-23,281.750385284424
2010-10-24,285.369604746501
2010-10-25,286.62935256958
2010-10-26,286.984204610189
2010-10-27,285.23895517985
2010-10-28,285.2189356486
2010-10-29,286.992354075114
2010-10-30,284.362810770671
2010-10-31,281.215649922689
2010-11-01,282.692375183105
2010-11-02,282.978017171224
2010-11-03,285.270455678304
2010-11-04,285.995745340983
2010-11-05,287.050904591878
2010-11-06,284.13803990682
2010-11-07,281.680833180745
2010-11-08,284.276735941569
2010-11-09,283.335358937581
2010-11-10,284.071687062581
2010-11-11,286.157048543294
2010-11-12,288.995501200358
2010-11-13,290.407651265462
2010-11-14,290.800148010254
2010-11-15,286.266315460205
2010-11-16,284.912539164225
2010-11-17,289.371744791667
2010-11-18,290.156775156657
2010-11-19,291.519793192546
2010-11-20,291.596076965332
2010-11-21,290.227759043376
2010-11-22,284.654192606608
2010-11-23,280.913186391195
2010-11-24,283.44437789917
2010-11-25,285.003364562988
2010-11-26,288.387826283773
2010-11-27,285.509188334147
2010-11-28,288.654249827067
2010-11-29,291.361879984538
2010-11-30,291.947878519694
2010-12-01,289.72455851237
2010-12-02,287.662862141927
2010-12-03,287.930353800456
2010-12-04,289.079263051351
2010-12-05,289.727690378825
2010-12-06,289.665421803792
2010-12-07,289.263679504395
2010-12-08,284.318121592204
2010-12-09,283.800112406413
2010-12-10,287.015879313151
2010-12-11,290.486736297607
2010-12-12,290.167013804118
2010-12-13,293.307270050049
2010-12-14,292.417032877604
2010-12-15,290.20964050293
2010-12-16,290.024181365967
2010-12-17,288.895281473796
2010-12-18,291.375783284505
2010-12-19,293.931554158529
2010-12-20,292.777318318685
2010-12-21,293.759724934896
2010-12-22,294.586399078369
2010-12-23,290.919516245524
2010-12-24,290.572570800781
2010-12-25,289.157248179118
2010-12-26,287.66663869222
2010-12-27,290.155010223389
2010-12-28,294.0437596639
2010-12-29,291.490430196126
2010-12-30,290.688268025716
2010-12-31,291.391557057699
2011-01-01,291.072137196859
2011-01-02,288.771235148112
2011-01-03,291.757577260335
2011-01-04,293.019090016683
2011-01-05,293.857597351074
2011-01-06,293.26255162557
2011-01-07,295.005212148031
2011-01-08,290.807521820068
2011-01-09,288.227268218994
2011-01-10,285.621485392253
2011-01-11,287.343056996663
2011-01-12,287.032498677572
2011-01-13,287.710737864176
2011-01-14,285.215682983398
2011-01-15,289.356076558431
2011-01-16,293.537501017253
2011-01-17,293.23199335734
2011-01-18,295.887093861898
2011-01-19,296.444627126058
2011-01-20,289.98908996582
2011-01-21,286.857316335042
2011-01-22,287.122643788656
2011-01-23,286.900731404622
2011-01-24,287.240814208984
2011-01-25,285.851365407308
2011-01-26,292.307908376058
2011-01-27,292.831272125244
2011-01-28,290.398099263509
2011-01-29,291.646656036377
2011-01-30,288.784694671631
2011-01-31,289.972447713216
2011-02-01,289.136669158935
2011-02-02,290.467314402262
2011-02-03,292.516293843587
2011-02-04,294.439557393392
2011-02-05,293.792204538981
2011-02-06,295.607503255208
2011-02-07,294.701867421468
2011-02-08,292.663338979085
2011-02-09,289.463382720947
2011-02-10,289.473181406657
2011-02-11,291.247514088949
2011-02-12,291.211995442708
2011-02-13,292.154196421305
2011-02-14,293.908012390137
2011-02-15,291.73258972168
2011-02-16,288.677771250407
2011-02-17,287.560315450033
2011-02-18,286.949197133382
2011-02-19,289.876375834147
2011-02-20,290.999351501465
2011-02-21,290.746528625488
2011-02-22,293.103335062663
2011-02-23,293.731712341309
2011-02-24,290.654209136963
2011-02-25,288.748461405436
2011-02-26,290.213633219401
2011-02-27,288.221070607503
2011-02-28,289.31626256307
2011-03-01,290.298984527588
2011-03-02,290.779888153076
2011-03-03,289.481463114421
2011-03-04,290.481812795003
2011-03-05,291.418904622396
2011-03-06,286.167818705241
2011-03-07,281.089225769043
2011-03-08,281.986134847005
2011-03-09,283.104028065999
2011-03-10,283.406075795492
2011-03-11,286.785307566325
2011-03-12,288.22548421224
2011-03-13,287.909154256185
2011-03-14,290.558631896973
2011-03-15,291.565925598145
2011-03-16,289.48403040568
2011-03-17,290.895974477132
2011-03-18,291.810812632243
2011-03-19,289.974054972331
2011-03-20,288.180110931397
2011-03-21,290.145088195801
2011-03-22,288.327307383219
2011-03-23,286.80632909139
2011-03-24,286.536038716634
2011-03-25,286.474376678467
2011-03-26,289.071327209473
2011-03-27,288.991558074951
2011-03-28,287.402000427246
2011-03-29,284.715474446615
2011-03-30,286.988787333171
2011-03-31,286.08854675293
2011-04-01,288.322863260905
2011-04-02,285.177533467611
2011-04-03,286.099900563558
2011-04-04,289.179349263509
2011-04-05,287.617291768392
2011-04-06,282.611283620199
2011-04-07,283.544277191162
2011-04-08,279.617323557536
2011-04-09,283.333833058675
2011-04-10,285.405279795329
2011-04-11,286.61142985026
2011-04-12,283.513348897298
2011-04-13,286.174593607585
2011-04-14,287.342123667399
2011-04-15,285.990628560384
2011-04-16,287.718922932943
2011-04-17,287.423258463542
2011-04-18,282.818794250488
2011-04-19,280.075492858887
2011-04-20,283.966526031494
2011-04-21,286.297822316488
2011-04-22,284.538099924723
2011-04-23,286.256619771322
2011-04-24,288.16284942627
2011-04-25,289.089909871419
2011-04-26,282.412698109945
2011-04-27,281.466102600098
2011-04-28,281.635395050049
2011-04-29,281.816359202067
2011-04-30,281.133150736491
2011-05-01,285.361965179443
2011-05-02,287.365559895833
2011-05-03,287.083012898763
2011-05-04,287.466873168945
2011-05-05,287.136664072672
2011-05-06,286.808261871338
2011-05-07,285.430285135905
2011-05-08,284.802846272787
2011-05-09,285.005331675212
2011-05-10,285.576950073242
2011-05-11,285.097246805827
2011-05-12,286.731414794922
2011-05-13,288.151598612467
2011-05-14,288.845956166585
2011-05-15,286.576891581217
2011-05-16,285.261782328288
2011-05-17,285.118409474691
2011-05-18,282.576033274333
2011-05-19,279.205673217773
2011-05-20,281.87318166097
2011-05-21,282.680267333984
2011-05-22,283.548140207926
2011-05-23,282.980163574219
2011-05-24,283.516010284424
2011-05-25,285.134127298991
2011-05-26,287.281550089518
2011-05-27,286.840232849121
2011-05-28,285.284222920736
2011-05-29,282.380897521973
2011-05-30,281.267473856608
2011-05-31,281.225168863932
2011-06-01,282.571894327799
2011-06-02,282.954224904378
2011-06-03,281.840253194173
2011-06-04,283.672078450521
2011-06-05,284.925654093425
2011-06-06,287.449324289958
2011-06-07,284.319873809814
2011-06-08,284.045989990234
2011-06-09,280.911253611247
2011-06-10,281.423266092936
2011-06-11,283.032190958659
2011-06-12,283.711561838786
2011-06-13,282.155256907145
2011-06-14,282.409208933512
2011-06-15,283.218282063802
2011-06-16,281.840156555176
2011-06-17,277.299800872803
2011-06-18,278.262691497803
2011-06-19,281.591566721598
2011-06-20,283.532958984375
2011-06-21,281.855851491292
2011-06-22,281.565675099691
2011-06-23,281.65950012207
2011-06-24,281.165585835775
2011-06-25,283.279604593913
2011-06-26,280.243366241455
2011-06-27,277.75758488973
2011-06-28,280.317609151205
2011-06-29,282.32492574056
2011-06-30,279.720007578532
2011-07-01,279.035448710124
2011-07-02,279.513998667399
2011-07-03,276.673323313395
2011-07-04,277.860055287679
2011-07-05,279.76608022054
2011-07-06,281.986919403076
2011-07-07,282.216823577881
2011-07-08,282.894296010335
2011-07-09,281.018229166667
2011-07-10,282.89451344808
2011-07-11,282.831815083822
2011-07-12,282.087407430013
2011-07-13,282.130626678467
2011-07-14,282.851968129476
2011-07-15,278.672485351562
2011-07-16,277.230917612712
2011-07-17,278.418190002441
2011-07-18,277.463653564453
2011-07-19,277.547323862712
2011-07-20,277.949877421061
2011-07-21,279.074289957682
2011-07-22,278.757774353027
2011-07-23,280.848409016927
2011-07-24,281.218521118164
2011-07-25,277.546499888102
2011-07-26,276.384686787923
2011-07-27,279.758232116699
2011-07-28,281.765176137288
2011-07-29,282.836232503255
2011-07-30,283.88283030192
2011-07-31,278.473461151123
2011-08-01,277.262528737386
2011-08-02,279.249488830566
2011-08-03,280.028603871664
2011-08-04,279.425493876139
2011-08-05,279.230168660482
2011-08-06,278.412212371826
2011-08-07,283.635564168294
2011-08-08,279.736249287923
2011-08-09,281.91712697347
2011-08-10,279.648490905762
2011-08-11,280.860443115234
2011-08-12,281.761535644531
2011-08-13,281.303056081136
2011-08-14,281.295462290446
2011-08-15,276.460439046224
2011-08-16,274.523746490478
2011-08-17,276.483956654866
2011-08-18,276.407098134359
2011-08-19,277.753142038981
2011-08-20,277.444421132406
2011-08-21,276.395743052165
2011-08-22,279.341584523519
2011-08-23,281.624333699544
2011-08-24,284.249481201172
2011-08-25,283.363633473714
2011-08-26,283.401761372884
2011-08-27,283.853308359782
2011-08-28,283.038970947266
2011-08-29,283.007443745931
2011-08-30,283.77827835083
2011-08-31,285.773482004801
2011-09-01,282.995652516683
2011-09-02,280.8822072347
2011-09-03,277.797829945882
2011-09-04,279.93594233195
2011-09-05,280.193369547526
2011-09-06,282.84130859375
2011-09-07,281.470596313477
2011-09-08,281.780693054199
2011-09-09,283.939970652262
2011-09-10,284.20161819458
2011-09-11,284.541417439779
2011-09-12,282.833862304688
2011-09-13,282.2745997111
2011-09-14,280.449532826742
2011-09-15,281.909996032715
2011-09-16,283.45219930013
2011-09-17,282.100889841715
2011-09-18,280.67614364624
2011-09-19,281.706530253092
2011-09-20,281.770619710286
2011-09-21,278.331549326579
2011-09-22,278.880681355794
2011-09-23,280.586786905924
2011-09-24,284.147443135579
2011-09-25,283.864948272705
2011-09-26,279.536783854167
2011-09-27,279.807200113932
2011-09-28,283.119084676107
2011-09-29,281.113221486409
2011-09-30,282.158794403076
2011-10-01,283.081651051839
2011-10-02,284.205243428548
2011-10-03,288.148225148519
2011-10-04,285.844871520996
2011-10-05,284.551470438639
2011-10-06,283.680859883626
2011-10-07,283.406197865804
2011-10-08,282.00923538208
2011-10-09,280.946500142415
2011-10-10,282.238721211751
2011-10-11,285.890585581462
2011-10-12,287.980810801188
2011-10-13,287.71364847819
2011-10-14,286.774592081706
2011-10-15,283.976034800212
2011-10-16,282.914351145426
2011-10-17,283.195948282878
2011-10-18,286.013281504313
2011-10-19,282.76797358195
2011-10-20,284.415321350098
2011-10-21,284.291622161865
2011-10-22,285.595700581869
2011-10-23,283.233253479004
2011-10-24,284.966058095296
2011-10-25,285.915033976237
2011-10-26,286.935929616292
2011-10-27,283.003018697103
2011-10-28,282.092071533203
2011-10-29,284.831288655599
2011-10-30,288.532914479574
2011-10-31,288.305339813232
2011-11-01,287.555338541667
2011-11-02,288.96387608846
2011-11-03,289.363571166992
2011-11-04,285.611314137777
2011-11-05,284.692839304606
2011-11-06,282.079568227132
2011-11-07,284.365230560303
2011-11-08,287.24931716919
2011-11-09,286.913476308187
2011-11-10,285.507858276367
2011-11-11,282.901557922363
2011-11-12,284.87337621053
2011-11-13,285.68407313029
2011-11-14,284.222281138102
2011-11-15,284.130772908529
2011-11-16,287.288754781087
2011-11-17,284.432010650635
2011-11-18,285.360703786214
2011-11-19,283.363867441813
2011-11-20,284.660638173421
2011-11-21,286.941257476807
2011-11-22,286.802378336589
2011-11-23,286.674226125081
2011-11-24,288.435896555583
2011-11-25,285.827542622884
2011-11-26,286.231772104899
2011-11-27,285.891573588053
2011-11-28,289.491956075033
2011-11-29,286.587111155192
2011-11-30,282.19397354126
2011-12-01,285.464258829753
2011-12-02,286.625157674154
2011-12-03,289.324717203776
2011-12-04,291.230982462565
2011-12-05,290.714589436849
2011-12-06,290.180140177409
2011-12-07,286.452954610189
2011-12-08,284.658140818278
2011-12-09,288.566605885824
2011-12-10,287.595239003499
2011-12-11,286.52054087321
2011-12-12,288.310274759928
2011-12-13,288.963395436605
2011-12-14,291.275952657064
2011-12-15,291.501118977864
2011-12-16,288.616288503011
2011-12-17,285.531038920085
2011-12-18,282.793057759603
2011-12-19,283.184197743734
2011-12-20,282.973761240641
2011-12-21,285.816172281901
2011-12-22,286.302696228027
2011-12-23,286.379670461019
2011-12-24,286.010344187419
2011-12-25,287.689699808757
2011-12-26,289.138793945312
2011-12-27,289.588237762451
2011-12-28,290.394755045573
2011-12-29,290.948137919108
2011-12-30,291.348083496094
2011-12-31,288.747189839681
2012-01-01,286.542668660482
2012-01-02,288.164445241292
2012-01-03,287.542195638021
2012-01-04,287.64064280192
2012-01-05,290.232201894124
2012-01-06,289.281700134278
2012-01-07,289.982266743978
2012-01-08,288.570271809896
2012-01-09,287.108418782552
2012-01-10,291.115563710531
2012-01-11,292.769880930583
2012-01-12,291.838713328044
2012-01-13,293.104279836019
2012-01-14,289.373147328695
2012-01-15,288.996982574463
2012-01-16,287.852526346843
2012-01-17,285.03465906779
2012-01-18,288.263220469157
2012-01-19,290.696938832601
2012-01-20,289.537108103434
2012-01-21,290.443264007568
2012-01-22,289.963948567708
2012-01-23,286.071338653564
2012-01-24,285.084726969401
2012-01-25,287.208801269531
2012-01-26,289.878861745198
2012-01-27,289.151030222575
2012-01-28,281.974243164063
2012-01-29,287.264703114827
2012-01-30,288.618043263753
2012-01-31,290.705047607422
2012-02-01,291.079895019531
2012-02-02,288.812789916992
2012-02-03,286.651276906331
2012-02-04,287.317690531413
2012-02-05,289.076770782471
2012-02-06,288.422304789225
2012-02-07,287.823702494303
2012-02-08,288.231379191081
2012-02-09,289.124980926514
2012-02-10,291.479774475098
2012-02-11,287.762212117513
2012-02-12,283.895449320475
2012-02-13,288.293450673421
2012-02-14,287.734432220459
2012-02-15,289.1275583903
2012-02-16,288.880720774333
2012-02-17,285.948994954427
2012-02-18,290.035100301107
2012-02-19,290.623191833496
2012-02-20,289.55176671346
2012-02-21,288.173302968343
2012-02-22,292.038754781087
2012-02-23,291.346240997314
2012-02-24,291.507340749105
2012-02-25,286.845767974853
2012-02-26,284.846989949544
2012-02-27,285.384532928467
2012-02-28,283.50955581665
2012-02-29,283.64275487264
2012-03-01,287.257603963216
2012-03-02,284.206246693929
2012-03-03,284.6355565389
2012-03-04,282.326531728109
2012-03-05,282.632681528727
2012-03-06,285.67424138387
2012-03-07,287.147524515788
2012-03-08,286.096552530925
2012-03-09,284.085711161296
2012-03-10,285.544241587321
2012-03-11,289.084546407064
2012-03-12,289.998936971029
2012-03-13,284.459261576335
2012-03-14,282.191942850749
2012-03-15,286.911004384359
2012-03-16,286.401758829753
2012-03-17,286.069576263428
2012-03-18,287.322756449381
2012-03-19,287.983606974284
2012-03-20,287.158021291097
2012-03-21,288.047821044922
2012-03-22,290.93579864502
2012-03-23,291.968588511149
2012-03-24,289.918248494466
2012-03-25,290.466597239176
2012-03-26,286.455732981364
2012-03-27,284.113585154216
2012-03-28,287.292096455892
2012-03-29,287.040198008219
2012-03-30,284.776270548503
2012-03-31,285.324618021647
2012-04-01,286.001894632975
2012-04-02,288.517370859782
2012-04-03,288.446038564046
2012-04-04,288.396381378174
2012-04-05,287.144434611003
2012-04-06,285.820701599121
2012-04-07,285.725041707357
2012-04-08,284.639147440593
2012-04-09,284.983202616374
2012-04-10,287.273737589518
2012-04-11,288.261245727539
2012-04-12,287.990077972412
2012-04-13,284.558759053548
2012-04-14,285.113535563151
2012-04-15,282.544111887614
2012-04-16,284.170509338379
2012-04-17,283.954736073812
2012-04-18,283.819073994955
2012-04-19,282.347081502279
2012-04-20,282.41045888265
2012-04-21,282.57857131958
2012-04-22,283.674465179443
2012-04-23,283.642158508301
2012-04-24,285.258252461751
2012-04-25,284.084832509359
2012-04-26,284.00349299113
2012-04-27,287.095953623454
2012-04-28,287.430498758952
2012-04-29,283.869012196859
2012-04-30,285.481686909993
2012-05-01,282.704443613688
2012-05-02,279.56183497111
2012-05-03,278.51109568278
2012-05-04,280.080164591471
2012-05-05,282.306304931641
2012-05-06,280.895968119303
2012-05-07,280.25307337443
2012-05-08,282.498615264893
2012-05-09,285.477414449056
2012-05-10,285.12517674764
2012-05-11,283.35785929362
2012-05-12,280.543422698975
2012-05-13,283.695948282878
2012-05-14,286.435487111409
2012-05-15,285.403610229492
2012-05-16,281.947198232015
2012-05-17,278.647061665853
2012-05-18,281.789386749268
2012-05-19,280.599692026774
2012-05-20,277.601317087809
2012-05-21,277.76544825236
2012-05-22,278.390165964762
2012-05-23,278.868412017822
2012-05-24,282.085704803467
2012-05-25,285.404964447021
2012-05-26,282.504834493001
2012-05-27,282.078690846761
2012-05-28,284.867893218994
2012-05-29,281.727587381999
2012-05-30,275.724281311035
2012-05-31,279.04615910848
2012-06-01,279.280793507894
2012-06-02,278.213587443034
2012-06-03,280.534669240316
2012-06-04,282.071629842122
2012-06-05,282.681336720784
2012-06-06,284.770417531331
2012-06-07,282.092330932617
2012-06-08,278.768661499023
2012-06-09,283.973375956217
2012-06-10,279.567454020182
2012-06-11,280.263112386068
2012-06-12,279.973117828369
2012-06-13,276.04475402832
2012-06-14,278.714998881022
2012-06-15,278.928829193115
2012-06-16,276.84770711263
2012-06-17,275.692649841309
2012-06-18,276.7023340861
2012-06-19,279.532516479492
2012-06-20,283.171052296956
2012-06-21,282.230598449707
2012-06-22,280.364349365234
2012-06-23,282.806880950928
2012-06-24,284.776704152425
2012-06-25,281.33461634318
2012-06-26,281.321801503499
2012-06-27,280.893129984538
2012-06-28,280.265860239665
2012-06-29,279.613511403402
2012-06-30,277.652351379394
2012-07-01,277.14129892985
2012-07-02,278.155597686768
2012-07-03,278.779547373454
2012-07-04,279.500672658285
2012-07-05,281.618003845215
2012-07-06,281.88830947876
2012-07-07,279.043081919352
2012-07-08,277.80751546224
2012-07-09,278.424589792887
2012-07-10,277.619790395101
2012-07-11,277.74829864502
2012-07-12,278.679143269857
2012-07-13,279.961701711019
2012-07-14,282.760303497315
2012-07-15,283.35550181071
2012-07-16,286.068108876546
2012-07-17,283.829602559408
2012-07-18,277.479831695557
2012-07-19,278.539094289144
2012-07-20,279.081960042318
2012-07-21,280.357501983643
2012-07-22,281.038798014323
2012-07-23,281.299498240153
2012-07-24,282.773560841878
2012-07-25,284.337290445964
2012-07-26,279.599978129069
2012-07-27,277.072479248047
2012-07-28,278.197143554688
2012-07-29,279.330223083496
2012-07-30,280.967810312907
2012-07-31,281.553521474203
2012-08-01,279.783507029216
2012-08-02,282.319995880127
2012-08-03,282.609059651693
2012-08-04,282.132511138916
2012-08-05,281.315989176432
2012-08-06,280.049093882243
2012-08-07,281.525342305501
2012-08-08,281.428924560547
2012-08-09,280.874670664469
2012-08-10,279.002831776937
2012-08-11,279.844193776449
2012-08-12,281.813243865967
2012-08-13,281.658187866211
2012-08-14,281.773390452067
2012-08-15,282.026978810628
2012-08-16,283.588855743408
2012-08-17,282.149579366048
2012-08-18,281.413372039795
2012-08-19,282.090501149495
2012-08-20,281.968419392904
2012-08-21,282.575037638346
2012-08-22,282.292574564616
2012-08-23,280.66845703125
2012-08-24,279.926830291748
2012-08-25,281.459012349447
2012-08-26,282.961302439372
2012-08-27,282.998310089111
2012-08-28,282.205933888753
2012-08-29,277.920569101969
2012-08-30,281.171618143717
2012-08-31,280.204011281331
2012-09-01,279.306053161621
2012-09-02,279.673274993897
2012-09-03,281.961903889974
2012-09-04,282.051605224609
2012-09-05,282.321919759115
2012-09-06,284.33628209432
2012-09-07,285.795229593913
2012-09-08,286.591819763184
2012-09-09,284.774417877197
2012-09-10,282.493731180827
2012-09-11,282.00795618693
2012-09-12,278.094081878662
2012-09-13,276.619441986084
2012-09-14,281.142217000326
2012-09-15,282.372495015462
2012-09-16,283.81190999349
2012-09-17,282.680203755697
2012-09-18,282.236466725667
2012-09-19,279.393166859945
2012-09-20,281.744740804036
2012-09-21,280.023722330729
2012-09-22,278.388175964355
2012-09-23,279.16700998942
2012-09-24,280.620861053467
2012-09-25,280.556112925212
2012-09-26,282.64063390096
2012-09-27,285.962701161703
2012-09-28,285.067002614339
2012-09-29,284.396373748779
2012-09-30,285.233731587728
2012-10-01,286.791436513265
2012-10-02,283.891554514567
2012-10-03,283.392309824626
2012-10-04,283.725700378418
2012-10-05,282.157861073812
2012-10-06,285.049685160319
2012-10-07,280.591901143392
2012-10-08,282.483315785726
2012-10-09,286.620196024577
2012-10-10,285.625385284424
2012-10-11,285.115364074707
2012-10-12,283.494158426921
2012-10-13,283.865542093913
2012-10-14,284.063323974609
2012-10-15,280.359378814697
2012-10-16,284.405488332113
2012-10-17,284.502401987712
2012-10-18,284.892832438151
2012-10-19,282.696664174398
2012-10-20,280.532899220784
2012-10-21,284.446086883545
2012-10-22,286.240127563477
2012-10-23,282.252351125081
2012-10-24,279.882358551025
2012-10-25,284.057323455811
2012-10-26,284.716579437256
2012-10-27,285.975101470947
2012-10-28,287.309432983398
2012-10-29,286.972504933675
2012-10-30,283.264406840007
2012-10-31,286.458433787028
2012-11-01,286.048611958822
2012-11-02,289.076601664225
2012-11-03,287.220368703206
2012-11-04,284.247275034587
2012-11-05,280.285652160645
2012-11-06,282.915100097656
2012-11-07,278.76176961263
2012-11-08,279.21337890625
2012-11-09,280.281078338623
2012-11-10,284.917747497559
2012-11-11,287.809682210286
2012-11-12,284.887975056966
2012-11-13,282.59060160319
2012-11-14,281.134963989258
2012-11-15,284.40172958374
2012-11-16,286.665634155273
2012-11-17,285.970603942871
2012-11-18,284.960753122966
2012-11-19,283.174613952637
2012-11-20,284.690640767415
2012-11-21,284.580173492432
2012-11-22,287.838874816894
2012-11-23,287.961742401123
2012-11-24,285.933160146078
2012-11-25,285.620213826497
2012-11-26,288.879047393799
2012-11-27,288.431405385335
2012-11-28,289.030544281006
2012-11-29,287.254055023193
2012-11-30,284.297410329183
2012-12-01,282.801020304362
2012-12-02,287.842290242513
2012-12-03,287.083808898926
2012-12-04,287.010107676188
2012-12-05,290.176022847494
2012-12-06,292.151504516602
2012-12-07,289.497151692708
2012-12-08,284.0505956014
2012-12-09,285.333011627197
2012-12-10,287.596413930257
2012-12-11,287.9406153361
2012-12-12,286.632868448893
2012-12-13,286.137584686279
2012-12-14,289.036582946777
2012-12-15,288.959013621012
2012-12-16,287.920575459798
2012-12-17,293.105995178223
2012-12-18,293.240519205729
2012-12-19,292.780265808105
2012-12-20,288.499172210693
2012-12-21,291.647593180339
2012-12-22,294.528897603353
2012-12-23,292.236422220866
2012-12-24,292.99022547404
2012-12-25,292.2902247111
2012-12-26,293.051977793376
2012-12-27,290.216761271159
2012-12-28,287.287642161051
2012-12-29,290.324080149333
2012-12-30,291.747984568278
2012-12-31,291.080537160238
2013-01-01,288.690607706706
2013-01-02,290.163675944011
2013-01-03,290.896591186523
2013-01-04,285.884483337402
2013-01-05,285.437929789225
2013-01-06,288.898434956868
2013-01-07,292.480553944906
2013-01-08,290.596513112386
2013-01-09,288.680658976237
2013-01-10,293.649726867676
2013-01-11,293.444315592448
2013-01-12,289.383555094401
2013-01-13,293.18985748291
2013-01-14,294.626332600912
2013-01-15,292.575881958008
2013-01-16,290.745089213053
2013-01-17,287.764642079671
2013-01-18,283.720245361328
2013-01-19,283.630668640137
2013-01-20,288.792380015055
2013-01-21,290.224285125732
2013-01-22,292.21582921346
2013-01-23,292.776949564616
2013-01-24,293.401994069417
2013-01-25,290.342157999674
2013-01-26,286.793249766032
2013-01-27,288.305521647135
2013-01-28,288.619530995687
2013-01-29,290.259417215983
2013-01-30,291.404748280843
2013-01-31,292.467456817627
2013-02-01,292.853523254394
2013-02-02,294.396867116292
2013-02-03,293.353899637858
2013-02-04,292.839856465658
2013-02-05,287.757176717122
2013-02-06,282.571865081787
2013-02-07,284.188720703125
2013-02-08,286.502262115479
2013-02-09,289.715511322021
2013-02-10,289.678658803304
2013-02-11,292.359161376953
2013-02-12,291.122039794922
2013-02-13,291.197800954183
2013-02-14,288.095208485921
2013-02-15,288.368988037109
2013-02-16,289.164187113444
2013-02-17,289.707800547282
2013-02-18,289.192052205404
2013-02-19,287.601515452067
2013-02-20,290.008848826091
2013-02-21,292.261712392171
2013-02-22,291.84460067749
2013-02-23,287.176687876383
2013-02-24,287.224989573161
2013-02-25,289.193279266357
2013-02-26,288.398745218913
2013-02-27,290.303801218669
2013-02-28,289.65129216512
2013-03-01,289.134550730387
2013-03-02,292.330109914144
2013-03-03,291.233805338542
2013-03-04,288.669325510661
2013-03-05,287.621648152669
2013-03-06,285.658425649007
2013-03-07,288.244647979736
2013-03-08,288.735421498617
2013-03-09,291.336842854818
2013-03-10,288.478083292643
2013-03-11,289.732721964518
2013-03-12,291.007008870443
2013-03-13,284.994993845622
2013-03-14,288.142195383708
2013-03-15,291.263284047445
2013-03-16,290.974366505941
2013-03-17,292.544854482015
2013-03-18,292.03969446818
2013-03-19,289.052527109782
2013-03-20,284.734032948812
2013-03-21,283.154167175293
2013-03-22,285.588363647461
2013-03-23,286.259334564209
2013-03-24,286.558223724365
2013-03-25,287.971906026205
2013-03-26,289.418253580729
2013-03-27,288.286410013835
2013-03-28,289.064222971598
2013-03-29,290.937363942464
2013-03-30,290.06237411499
2013-03-31,289.582628885905
2013-04-01,291.748872121175
2013-04-02,287.755198160807
2013-04-03,290.856137593587
2013-04-04,290.942114512126
2013-04-05,283.114944458008
2013-04-06,284.240961710612
2013-04-07,283.286337534587
2013-04-08,281.41265741984
2013-04-09,284.166186014811
2013-04-10,283.345325469971
2013-04-11,282.196887969971
2013-04-12,287.160859425863
2013-04-13,287.862288157145
2013-04-14,287.201461791992
2013-04-15,286.947280883789
2013-04-16,288.933326721192
2013-04-17,288.334197998047
2013-04-18,288.798300425212
2013-04-19,284.664887746175
2013-04-20,285.344484965006
2013-04-21,285.160879770915
2013-04-22,285.77374903361
2013-04-23,288.220784505208
2013-04-24,288.218832651774
2013-04-25,287.953306833903
2013-04-26,287.764687856038
2013-04-27,287.058373769124
2013-04-28,288.129277547201
2013-04-29,289.328253428141
2013-04-30,290.33304087321
2013-05-01,286.147759755453
2013-05-02,283.621688842773
2013-05-03,286.705924987793
2013-05-04,285.428688049316
2013-05-05,286.999272664388
2013-05-06,285.914226531982
2013-05-07,283.330211639404
2013-05-08,279.203942616781
2013-05-09,282.325261433919
2013-05-10,284.602100372314
2013-05-11,282.334695180257
2013-05-12,280.204625447591
2013-05-13,283.836714426677
2013-05-14,285.912536621094
2013-05-15,285.297045389811
2013-05-16,284.356897989909
2013-05-17,283.70573425293
2013-05-18,284.935340881348
2013-05-19,284.748907725016
2013-05-20,284.145670572917
2013-05-21,283.400174458822
2013-05-22,284.085369110107
2013-05-23,284.174518585205
2013-05-24,280.125170389811
2013-05-25,280.489253997803
2013-05-26,283.734976450602
2013-05-27,285.01863861084
2013-05-28,279.42696762085
2013-05-29,276.171722412109
2013-05-30,276.823426564534
2013-05-31,281.731699625651
2013-06-01,285.096734364827
2013-06-02,285.70016225179
2013-06-03,284.389769236247
2013-06-04,282.907536824544
2013-06-05,281.507857004801
2013-06-06,280.053811391195
2013-06-07,280.18782043457
2013-06-08,281.443658192953
2013-06-09,282.491185506185
2013-06-10,284.075038909912
2013-06-11,284.549884796143
2013-06-12,285.294690450033
2013-06-13,282.296199798584
2013-06-14,281.691248575846
2013-06-15,280.457359313965
2013-06-16,281.213991800944
2013-06-17,284.090560913086
2013-06-18,285.09841410319
2013-06-19,284.364398956299
2013-06-20,283.507380167643
2013-06-21,279.398677825928
2013-06-22,278.949952443441
2013-06-23,278.341117858887
2013-06-24,277.24974822998
2013-06-25,278.405796051025
2013-06-26,277.955139160156
2013-06-27,279.064502716065
2013-06-28,277.209264119466
2013-06-29,276.426916758219
2013-06-30,279.372634887695
2013-07-01,283.059296925863
2013-07-02,284.073303222656
2013-07-03,283.906954447428
2013-07-04,282.361897786458
2013-07-05,283.130313873291
2013-07-06,284.785283406576
2013-07-07,284.965803782145
2013-07-08,282.155568440755
2013-07-09,278.604082743327
2013-07-10,279.56325785319
2013-07-11,279.460075378418
2013-07-12,279.438474019369
2013-07-13,280.271240234375
2013-07-14,280.76661046346
2013-07-15,277.875844319661
2013-07-16,277.010229746501
2013-07-17,280.345769246419
2013-07-18,282.230894724528
2013-07-19,281.02086130778
2013-07-20,282.322999318441
2013-07-21,282.090092976888
2013-07-22,281.445917765299
2013-07-23,281.734962463379
2013-07-24,282.15762201945
2013-07-25,283.243821461995
2013-07-26,283.219220479329
2013-07-27,281.466412862142
2013-07-28,280.432545979818
2013-07-29,279.615999857585
2013-07-30,279.909202575684
2013-07-31,280.118939717611
2013-08-01,280.721692403158
2013-08-02,282.060334523519
2013-08-03,282.937394460042
2013-08-04,283.183836619059
2013-08-05,283.27805074056
2013-08-06,285.249753316243
2013-08-07,285.032592773438
2013-08-08,285.600429534912
2013-08-09,283.178234100342
2013-08-10,283.30516688029
2013-08-11,283.204999287923
2013-08-12,281.485421498617
2013-08-13,280.046099344889
2013-08-14,283.584777832031
2013-08-15,282.010435740153
2013-08-16,281.926670074463
2013-08-17,282.838307698568
2013-08-18,282.383963267008
2013-08-19,283.178460439046
2013-08-20,280.77406056722
2013-08-21,281.662586212158
2013-08-22,282.556168874105
2013-08-23,282.580544789632
2013-08-24,282.537012736003
2013-08-25,281.529884338379
2013-08-26,282.700187683105
2013-08-27,282.84315999349
2013-08-28,283.791973114014
2013-08-29,282.718448638916
2013-08-30,279.35557047526
2013-08-31,279.380602518717
2013-09-01,280.154090881348
2013-09-02,280.896968841553
2013-09-03,279.970737457275
2013-09-04,281.944534301758
2013-09-05,280.501855214437
2013-09-06,279.15718460083
2013-09-07,283.284952799479
2013-09-08,284.759272257487
2013-09-09,284.090302785238
2013-09-10,284.003728230794
2013-09-11,286.204032897949
2013-09-12,287.100416819255
2013-09-13,285.036575317383
2013-09-14,283.243104298909
2013-09-15,281.331391652425
2013-09-16,279.006965637207
2013-09-17,280.542945861816
2013-09-18,278.730742136637
2013-09-19,281.042920430501
2013-09-20,284.746676127116
2013-09-21,287.668379465739
2013-09-22,287.389654795329
2013-09-23,286.757066090902
2013-09-24,285.817662556966
2013-09-25,284.755396525065
2013-09-26,285.217571258545
2013-09-27,285.353861490885
2013-09-28,285.48699315389
2013-09-29,283.587231953939
2013-09-30,283.619579315186
2013-10-01,284.799798329671
2013-10-02,284.369209289551
2013-10-03,285.946807861328
2013-10-04,286.558682759603
2013-10-05,286.270488739014
2013-10-06,288.020512898763
2013-10-07,287.309215545654
2013-10-08,285.623288472493
2013-10-09,284.20573425293
2013-10-10,280.186724344889
2013-10-11,282.442077636719
2013-10-12,283.644673665365
2013-10-13,284.401994069417
2013-10-14,286.100836435954
2013-10-15,286.095948537191
2013-10-16,282.402025858561
2013-10-17,283.747116088867
2013-10-18,286.060787200928
2013-10-19,286.483545939128
2013-10-20,285.607190450033
2013-10-21,287.57218170166
2013-10-22,287.160339355469
2013-10-23,285.971565246582
2013-10-24,287.577788035075
2013-10-25,288.398331960042
2013-10-26,287.647391001384
2013-10-27,286.531828562419
2013-10-28,284.379898071289
2013-10-29,282.54402033488
2013-10-30,283.059829711914
2013-10-31,285.934608459473
2013-11-01,285.954324086507
2013-11-02,283.805417378743
2013-11-03,283.986312866211
2013-11-04,284.687061309814
2013-11-05,286.313115437825
2013-11-06,288.628648122152
2013-11-07,286.901874542236
2013-11-08,286.916522979736
2013-11-09,288.278461456299
2013-11-10,287.288162231445
2013-11-11,287.805414835612
2013-11-12,285.861314137777
2013-11-13,283.789707183838
2013-11-14,282.989589691162
2013-11-15,284.986979166667
2013-11-16,289.090098063151
2013-11-17,289.2708791097
2013-11-18,288.57385635376
2013-11-19,289.678025563558
2013-11-20,288.18753306071
2013-11-21,289.00222269694
2013-11-22,289.370363871256
2013-11-23,289.368855794271
2013-11-24,289.125202178955
2013-11-25,291.392499287923
2013-11-26,287.984565734863
2013-11-27,286.685727437337
2013-11-28,286.852002461751
2013-11-29,287.518735249837
2013-11-30,289.334696451823
2013-12-01,288.303193410238
2013-12-02,284.455773671468
2013-12-03,288.119407653809
2013-12-04,290.057960510254
2013-12-05,291.291473388672
2013-12-06,290.774646759033
2013-12-07,291.814669291178
2013-12-08,290.482915242513
2013-12-09,289.047365824382
2013-12-10,288.111077626546
2013-12-11,288.595096588135
2013-12-12,288.544886271159
2013-12-13,291.200452168782
2013-12-14,291.00553894043
2013-12-15,290.625390370687
2013-12-16,291.115262349447
2013-12-17,291.703337351481
2013-12-18,289.355339050293
2013-12-19,289.180597941081
2013-12-20,283.76963297526
2013-12-21,287.374108632406
2013-12-22,287.899141947428
2013-12-23,284.530274709066
2013-12-24,289.801035563151
2013-12-25,289.059871673584
2013-12-26,287.754404703776
2013-12-27,288.858071645101
2013-12-28,289.398774464925
2013-12-29,290.933230082194
2013-12-30,288.203147888184
2013-12-31,290.489649454753
2014-01-01,286.663524627685
2014-01-02,289.783561706543
2014-01-03,290.097215016683
2014-01-04,291.904112497966
2014-01-05,292.311487833659
2014-01-06,290.900838216146
2014-01-07,287.930011749268
2014-01-08,291.006870269775
2014-01-09,286.913817087809
2014-01-10,283.246948242187
2014-01-11,286.957046508789
2014-01-12,289.761781056722
2014-01-13,289.512340545654
2014-01-14,287.642607371012
2014-01-15,286.241772969564
2014-01-16,290.732545216878
2014-01-17,288.187074025472
2014-01-18,285.347591400146
2014-01-19,286.731280008952
2014-01-20,290.807586669922
2014-01-21,289.195830027262
2014-01-22,287.720563252767
2014-01-23,289.789763132731
2014-01-24,286.779384613037
2014-01-25,287.315099080404
2014-01-26,290.370129903158
2014-01-27,288.623647054036
2014-01-28,282.618478139242
2014-01-29,284.389278411865
2014-01-30,288.599572499593
2014-01-31,290.94154993693
2014-02-01,287.529469807943
2014-02-02,286.659683227539
2014-02-03,285.356185913086
2014-02-04,289.723801930745
2014-02-05,291.434808095296
2014-02-06,289.941787719727
2014-02-07,288.118515014648
2014-02-08,289.454638163249
2014-02-09,290.454100290934
2014-02-10,287.952578226725
2014-02-11,286.595100402832
2014-02-12,289.622968037923
2014-02-13,290.224703470866
2014-02-14,289.058376312256
2014-02-15,287.437906901042
2014-02-16,288.554096221924
2014-02-17,291.082038879395
2014-02-18,291.232570648193
2014-02-19,292.75220489502
2014-02-20,294.058747609456
2014-02-21,292.997025807699
2014-02-22,294.801034291585
2014-02-23,292.153102874756
2014-02-24,286.096574147542
2014-02-25,289.667263031006
2014-02-26,289.472835540772
2014-02-27,286.54976272583
2014-02-28,290.510406494141
2014-03-01,287.052256266276
2014-03-02,283.920869191488
2014-03-03,287.404459635417
2014-03-04,283.168584187825
2014-03-05,285.173046112061
2014-03-06,285.290958404541
2014-03-07,283.596722920736
2014-03-08,287.781274159749
2014-03-09,286.759227752686
2014-03-10,287.667291005452
2014-03-11,286.801928202311
2014-03-12,289.402905782064
2014-03-13,288.499268849691
2014-03-14,288.525782267253
2014-03-15,291.129016876221
2014-03-16,290.743160247803
2014-03-17,293.642525990804
2014-03-18,291.700229644775
2014-03-19,291.386833190918
2014-03-20,290.221187591553
2014-03-21,289.463165283203
2014-03-22,286.057932535807
2014-03-23,285.802239735921
2014-03-24,287.228408813477
2014-03-25,288.977199554443
2014-03-26,285.677211761475
2014-03-27,283.515195210775
2014-03-28,285.656759897868
2014-03-29,289.604740142822
2014-03-30,288.27814356486
2014-03-31,287.424842834473
2014-04-01,287.294094085693
2014-04-02,288.89269510905
2014-04-03,289.485084533692
2014-04-04,287.779454549154
2014-04-05,287.998692830404
2014-04-06,288.855700174967
2014-04-07,289.889353434245
2014-04-08,289.20799891154
2014-04-09,288.251744588216
2014-04-10,290.194972991943
2014-04-11,289.50399017334
2014-04-12,288.286051432292
2014-04-13,286.301933288574
2014-04-14,284.486784617106
2014-04-15,285.5983543396
2014-04-16,288.255348205566
2014-04-17,288.019273122152
2014-04-18,287.711190541585
2014-04-19,288.273498535156
2014-04-20,288.872982025146
2014-04-21,288.158281962077
2014-04-22,285.661422729492
2014-04-23,285.309978485107
2014-04-24,286.499360402425
2014-04-25,288.258492787679
2014-04-26,285.949394226074
2014-04-27,283.873027801514
2014-04-28,285.10298538208
2014-04-29,283.539717356364
2014-04-30,283.116475423177
2014-05-01,282.691804250081
2014-05-02,282.682154337565
2014-05-03,284.045626322428
2014-05-04,286.55488204956
2014-05-05,287.833422342936
2014-05-06,287.554124196371
2014-05-07,288.044136047363
2014-05-08,287.037450154622
2014-05-09,284.723545074463
2014-05-10,281.637849171956
2014-05-11,281.907441457113
2014-05-12,282.581953684489
2014-05-13,284.751960754395
2014-05-14,284.913578033447
2014-05-15,283.096970876058
2014-05-16,282.579626719157
2014-05-17,279.825358072917
2014-05-18,281.008385976156
2014-05-19,283.932141621908
2014-05-20,285.940676371257
2014-05-21,286.70162709554
2014-05-22,283.153875986735
2014-05-23,283.761258443197
2014-05-24,286.755958557129
2014-05-25,286.30548731486
2014-05-26,282.28034845988
2014-05-27,276.524738311768
2014-05-28,279.092506408691
2014-05-29,283.266476949056
2014-05-30,283.437338511149
2014-05-31,278.083562215169
2014-06-01,280.60102335612
2014-06-02,282.762941996256
2014-06-03,283.02323659261
2014-06-04,281.263233184814
2014-06-05,281.462816874186
2014-06-06,281.797163645426
2014-06-07,281.921522776286
2014-06-08,283.521757761637
2014-06-09,285.498498280843
2014-06-10,284.790776570638
2014-06-11,284.095494588216
2014-06-12,283.195056915283
2014-06-13,281.418651580811
2014-06-14,281.714149475098
2014-06-15,281.654677073161
2014-06-16,282.693425496419
2014-06-17,284.257883707682
2014-06-18,285.850737253825
2014-06-19,283.86342493693
2014-06-20,280.695503234863
2014-06-21,280.862553914388
2014-06-22,282.658761342367
2014-06-23,279.566209157308
2014-06-24,279.275772094726
2014-06-25,281.665040334066
2014-06-26,283.829349517822
2014-06-27,286.121283213297
2014-06-28,284.417119344076
2014-06-29,279.465081532796
2014-06-30,280.677440643311
2014-07-01,282.004235585531
2014-07-02,281.314979553223
2014-07-03,276.701932271321
2014-07-04,277.492664337158
2014-07-05,279.949654897054
2014-07-06,280.278330485026
2014-07-07,277.846674601237
2014-07-08,278.943911234538
2014-07-09,280.732836405436
2014-07-10,281.928909301758
2014-07-11,282.422849019369
2014-07-12,283.179724375407
2014-07-13,282.181696573893
2014-07-14,282.855312347412
2014-07-15,280.515776316325
2014-07-16,278.843512217204
2014-07-17,278.019046783447
2014-07-18,277.807549794515
2014-07-19,278.658885955811
2014-07-20,280.268718719482
2014-07-21,279.335929870605
2014-07-22,277.487878163656
2014-07-23,277.086650848389
2014-07-24,276.922912597656
2014-07-25,279.464832305908
2014-07-26,279.357339223226
2014-07-27,278.556368509928
2014-07-28,278.23466873169
2014-07-29,279.480902353922
2014-07-30,283.12894821167
2014-07-31,286.020876566569
2014-08-01,287.238869984945
2014-08-02,287.152304331462
2014-08-03,286.28002166748
2014-08-04,281.614529927572
2014-08-05,278.306990305583
2014-08-06,279.838227589925
2014-08-07,279.282347361247
2014-08-08,282.409866333008
2014-08-09,277.157491048177
2014-08-10,276.032382965088
2014-08-11,280.427038828532
2014-08-12,282.904661814372
2014-08-13,278.594184875488
2014-08-14,278.516530354818
2014-08-15,278.829044342041
2014-08-16,278.308155059815
2014-08-17,279.840627034505
2014-08-18,279.297035217285
2014-08-19,280.460217793782
2014-08-20,281.421835581462
2014-08-21,281.987410227458
2014-08-22,279.021153767904
2014-08-23,279.625321706136
2014-08-24,280.298915863037
2014-08-25,280.11179860433
2014-08-26,278.119710286458
2014-08-27,277.744164784749
2014-08-28,278.323656717936
2014-08-29,280.432395935059
2014-08-30,281.234667460124
2014-08-31,281.652743021647
2014-09-01,282.057548522949
2014-09-02,283.191471099854
2014-09-03,283.21226755778
2014-09-04,284.494842529297
2014-09-05,284.742343902588
2014-09-06,285.042280832926
2014-09-07,283.223295847575
2014-09-08,280.613932291667
2014-09-09,282.596598307292
2014-09-10,281.030715942383
2014-09-11,282.766741434733
2014-09-12,284.050964355469
2014-09-13,287.285739898682
2014-09-14,283.907164255778
2014-09-15,281.051624298096
2014-09-16,284.067590077718
2014-09-17,283.354120890299
2014-09-18,282.919219970703
2014-09-19,284.416973114014
2014-09-20,283.005681355794
2014-09-21,280.305777231852
2014-09-22,280.674809773763
2014-09-23,279.149880727132
2014-09-24,283.325697580973
2014-09-25,285.107921600342
2014-09-26,286.248087565104
2014-09-27,285.289073944092
2014-09-28,283.441959381104
2014-09-29,280.239861806234
2014-09-30,281.68764368693
2014-10-01,282.883298238119
2014-10-02,282.763253529867
2014-10-03,284.572326660156
2014-10-04,281.069026947022
2014-10-05,279.17688369751
2014-10-06,283.288600921631
2014-10-07,282.071222941081
2014-10-08,283.72131729126
2014-10-09,285.124123891195
2014-10-10,284.45657602946
2014-10-11,282.958686828613
2014-10-12,283.122503916422
2014-10-13,284.000441233317
2014-10-14,286.214260101318
2014-10-15,285.315382639567
2014-10-16,287.235697428385
2014-10-17,288.654622395833
2014-10-18,288.497431437175
2014-10-19,285.398535410563
2014-10-20,283.932165781657
2014-10-21,284.03798421224
2014-10-22,283.629107157389
2014-10-23,284.029486338297
2014-10-24,284.621356964111
2014-10-25,280.480136871338
2014-10-26,282.883149464925
2014-10-27,284.012438456217
2014-10-28,282.981426239014
2014-10-29,286.398363749186
2014-10-30,285.540855407715
2014-10-31,284.956091562907
2014-11-01,285.433574676514
2014-11-02,286.382108052572
2014-11-03,286.923098246256
2014-11-04,285.4159228007
2014-11-05,282.802430470784
2014-11-06,281.365287780762
2014-11-07,280.425731658936
2014-11-08,281.630669911703
2014-11-09,284.599122365316
2014-11-10,287.467964172363
2014-11-11,286.542449951172
2014-11-12,284.586875915527
2014-11-13,280.699862162272
2014-11-14,281.216738382975
2014-11-15,284.531536102295
2014-11-16,285.130982716878
2014-11-17,283.79839070638
2014-11-18,285.482142130534
2014-11-19,284.818475087484
2014-11-20,284.403385162353
2014-11-21,285.327888488769
2014-11-22,286.803343454997
2014-11-23,286.54662322998
2014-11-24,286.247547149658
2014-11-25,288.758781433105
2014-11-26,290.280646006266
2014-11-27,288.227414449056
2014-11-28,286.975886027018
2014-11-29,284.895865122477
2014-11-30,284.283561706543
2014-12-01,282.696097056071
2014-12-02,280.799252827962
2014-12-03,281.755619049072
2014-12-04,286.60075378418
2014-12-05,286.709031422933
2014-12-06,283.751206715902
2014-12-07,287.484816233317
2014-12-08,286.933104197184
2014-12-09,286.618940989176
2014-12-10,288.810831705729
2014-12-11,286.74560546875
2014-12-12,284.721463521322
2014-12-13,284.27573521932
2014-12-14,286.023076375326
2014-12-15,284.449709574382
2014-12-16,284.630659739176
2014-12-17,287.650404612223
2014-12-18,289.036321004232
2014-12-19,290.844619750977
2014-12-20,292.094492594401
2014-12-21,293.440172831217
2014-12-22,291.465976715088
2014-12-23,290.224698384603
2014-12-24,289.847057342529
2014-12-25,290.077958424886
2014-12-26,290.848639170329
2014-12-27,290.846680959066
2014-12-28,291.169432322184
2014-12-29,291.627802530924
2014-12-30,290.794058481852
2014-12-31,290.690163930257
2015-01-01,291.36212793986
2015-01-02,286.989028930664
2015-01-03,289.516530354818
2015-01-04,287.976281483968
2015-01-05,290.469800313314
2015-01-06,292.006950378418
2015-01-07,291.61837387085
2015-01-08,288.835313161214
2015-01-09,286.176638285319
2015-01-10,290.06472269694
2015-01-11,291.151326497396
2015-01-12,291.550800323486
2015-01-13,291.342329661051
2015-01-14,292.841218312581
2015-01-15,293.582558949788
2015-01-16,292.83856455485
2015-01-17,293.644181569417
2015-01-18,294.553810119629
2015-01-19,293.84227625529
2015-01-20,292.548772176107
2015-01-21,289.502320607503
2015-01-22,288.277828216553
2015-01-23,286.569538116455
2015-01-24,289.00785446167
2015-01-25,290.546621958415
2015-01-26,291.378892262777
2015-01-27,291.94952138265
2015-01-28,291.181955973307
2015-01-29,291.514366149902
2015-01-30,293.053722381592
2015-01-31,293.209504445394
2015-02-01,293.274649302165
2015-02-02,291.396697998047
2015-02-03,292.578718821208
2015-02-04,291.864562988281
2015-02-05,289.569398244222
2015-02-06,286.457674662272
2015-02-07,283.72211710612
2015-02-08,288.061070760091
2015-02-09,291.835257212321
2015-02-10,289.147307078044
2015-02-11,286.379431406657
2015-02-12,287.437259674072
2015-02-13,288.777093251546
2015-02-14,289.551826477051
2015-02-15,285.414744059245
2015-02-16,285.301508585612
2015-02-17,286.1121190389
2015-02-18,287.525202433268
2015-02-19,289.835590362549
2015-02-20,289.84654490153
2015-02-21,291.428600311279
2015-02-22,291.37214533488
2015-02-23,291.498330434163
2015-02-24,290.341925303141
2015-02-25,289.528015136719
2015-02-26,289.964808146159
2015-02-27,285.447987874349
2015-02-28,288.719345092773
2015-03-01,291.036534627279
2015-03-02,291.788518269857
2015-03-03,293.015525817871
2015-03-04,291.493520100911
2015-03-05,290.679337819417
2015-03-06,293.180809020996
2015-03-07,291.538485209147
2015-03-08,292.037974039714
2015-03-09,288.321999867757
2015-03-10,289.100308736165
2015-03-11,291.248570760091
2015-03-12,289.23004023234
2015-03-13,289.142024993897
2015-03-14,290.548122406006
2015-03-15,291.138975779216
2015-03-16,290.532146453857
2015-03-17,286.872464497884
2015-03-18,283.562623341878
2015-03-19,284.003369649251
2015-03-20,281.552874247233
2015-03-21,283.564584096273
2015-03-22,286.221305847168
2015-03-23,288.739092508952
2015-03-24,288.028204600016
2015-03-25,288.644376118978
2015-03-26,290.72513071696
2015-03-27,291.384924570719
2015-03-28,290.588439941406
2015-03-29,291.336402893066
2015-03-30,289.28678894043
2015-03-31,286.248750050863
2015-04-01,286.345052083333
2015-04-02,287.435234069824
2015-04-03,288.526236216227
2015-04-04,287.398872375488
2015-04-05,289.706909179688
2015-04-06,288.33961613973
2015-04-07,290.984303792318
2015-04-08,291.896695454915
2015-04-09,288.120405832926
2015-04-10,286.392463684082
2015-04-11,287.313053131104
2015-04-12,285.436022440592
2015-04-13,286.094526926676
2015-04-14,281.24352645874
2015-04-15,278.94073232015
2015-04-16,281.607355753581
2015-04-17,281.808713277181
2015-04-18,284.822161356608
2015-04-19,283.472063700358
2015-04-20,286.255711873372
2015-04-21,287.690539042155
2015-04-22,288.027444203695
2015-04-23,285.49666595459
2015-04-24,283.686884562174
2015-04-25,283.72624206543
2015-04-26,283.865139007568
2015-04-27,287.913143157959
2015-04-28,287.512966156006
2015-04-29,283.774843851725
2015-04-30,282.184833526611
2015-05-01,280.577725728353
2015-05-02,282.674133300781
2015-05-03,282.936930338542
2015-05-04,281.725308736165
2015-05-05,283.312791188558
2015-05-06,287.501717885335
2015-05-07,290.185410817464
2015-05-08,290.51847076416
2015-05-09,287.172079722087
2015-05-10,285.8815574646
2015-05-11,284.465221405029
2015-05-12,285.911465962728
2015-05-13,285.139971415202
2015-05-14,286.173341115316
2015-05-15,286.204382578532
2015-05-16,283.774640401204
2015-05-17,280.187876383464
2015-05-18,280.114767710368
2015-05-19,282.099585215251
2015-05-20,279.551397959391
2015-05-21,281.613028208415
2015-05-22,282.876771291097
2015-05-23,279.989120483398
2015-05-24,279.452054341634
2015-05-25,278.798987070719
2015-05-26,275.997515360514
2015-05-27,277.473653157552
2015-05-28,276.656439463297
2015-05-29,276.869352976481
2015-05-30,278.710653940837
2015-05-31,280.028057098389
2015-06-01,282.42701848348
2015-06-02,282.631757100423
2015-06-03,283.296894073486
2015-06-04,282.507993062337
2015-06-05,278.675652821859
2015-06-06,278.453187306722
2015-06-07,278.706245422363
2015-06-08,278.683293660482
2015-06-09,282.261123657227
2015-06-10,284.936901092529
2015-06-11,284.421825408936
2015-06-12,280.661212921143
2015-06-13,281.639483133952
2015-06-14,282.987351735433
2015-06-15,282.103210449219
2015-06-16,276.944592793782
2015-06-17,276.724224090576
2015-06-18,279.511587778727
2015-06-19,285.20249303182
2015-06-20,286.579452514648
2015-06-21,282.008646647135
2015-06-22,279.209625244141
2015-06-23,276.85022354126
2015-06-24,277.254160563151
2015-06-25,277.946341196696
2015-06-26,276.810670216878
2015-06-27,280.460240681966
2015-06-28,280.48836517334
2015-06-29,282.453890482585
2015-06-30,281.766765594482
2015-07-01,282.145384470622
2015-07-02,281.597639719645
2015-07-03,281.753665924072
2015-07-04,282.437377929688
2015-07-05,281.284765879313
2015-07-06,282.23867670695
2015-07-07,281.747069040934
2015-07-08,278.606568654378
2015-07-09,276.363257090251
2015-07-10,275.401564280192
2015-07-11,276.531794230143
2015-07-12,277.680536905924
2015-07-13,276.24658203125
2015-07-14,276.03413772583
2015-07-15,277.428119659424
2015-07-16,280.287479400635
2015-07-17,281.281934102376
2015-07-18,280.896692911784
2015-07-19,277.786454518636
2015-07-20,275.996668497721
2015-07-21,278.867991129557
2015-07-22,280.411835988363
2015-07-23,278.369759877523
2015-07-24,279.228177388509
2015-07-25,279.691131591797
2015-07-26,279.777517954508
2015-07-27,280.934087117513
2015-07-28,283.813846588135
2015-07-29,281.298999786377
2015-07-30,277.852625528971
2015-07-31,276.562324523926
2015-08-01,280.217967987061
2015-08-02,283.253767649333
2015-08-03,283.976842244466
2015-08-04,285.639989217122
2015-08-05,283.230548858642
2015-08-06,281.688105265299
2015-08-07,281.67546971639
2015-08-08,279.243701934815
2015-08-09,277.048451741537
2015-08-10,276.012488047282
2015-08-11,276.906149546305
2015-08-12,276.478346506755
2015-08-13,276.35097249349
2015-08-14,279.733029683431
2015-08-15,280.530292510986
2015-08-16,280.909749348958
2015-08-17,279.65073521932
2015-08-18,279.867884318034
2015-08-19,282.993579864502
2015-08-20,281.886639912923
2015-08-21,276.915423075358
2015-08-22,278.039775848389
2015-08-23,280.848140716553
2015-08-24,282.515124003093
2015-08-25,283.743733723958
2015-08-26,280.609975179036
2015-08-27,279.458873748779
2015-08-28,279.098920186361
2015-08-29,281.666015625
2015-08-30,283.954249064128
2015-08-31,282.615701039632
2015-09-01,280.855628967285
2015-09-02,282.523184458415
2015-09-03,283.189044952393
2015-09-04,279.804033915202
2015-09-05,280.879309336344
2015-09-06,281.905475616455
2015-09-07,277.721539815267
2015-09-08,277.688776652018
2015-09-09,281.387571970622
2015-09-10,282.219093322754
2015-09-11,281.944766998291
2015-09-12,278.270351409912
2015-09-13,279.385684967041
2015-09-14,282.421184539795
2015-09-15,280.829907735189
2015-09-16,284.215147654215
2015-09-17,284.545942942301
2015-09-18,286.465432484945
2015-09-19,282.933795928955
2015-09-20,280.110448201497
2015-09-21,280.107963562012
2015-09-22,280.085764567057
2015-09-23,283.34242884318
2015-09-24,282.046414693197
2015-09-25,280.874093373616
2015-09-26,280.787817637126
2015-09-27,278.472015380859
2015-09-28,278.781481424968
2015-09-29,280.709321339925
2015-09-30,282.158615112305
2015-10-01,284.506048838298
2015-10-02,285.671021779378
2015-10-03,284.883205413818
2015-10-04,284.568304697673
2015-10-05,285.171801249186
2015-10-06,281.609348297119
2015-10-07,284.982779184977
2015-10-08,285.684618631999
2015-10-09,278.531664530436
2015-10-10,281.007696787516
2015-10-11,282.53768157959
2015-10-12,287.103435516357
2015-10-13,286.223129272461
2015-10-14,283.691474914551
2015-10-15,281.427401224772
2015-10-16,285.505475362142
2015-10-17,285.890986124674
2015-10-18,285.604504903158
2015-10-19,285.290859222412
2015-10-20,283.37628809611
2015-10-21,284.602074940999
2015-10-22,286.424883524577
2015-10-23,285.1770362854
2015-10-24,285.634084065755
2015-10-25,282.73110071818
2015-10-26,285.093311309815
2015-10-27,286.286856333415
2015-10-28,285.063577016195
2015-10-29,284.783702850342
2015-10-30,283.000403086344
2015-10-31,279.422046661377
2015-11-01,282.914569854736
2015-11-02,285.345901489258
2015-11-03,285.796881357829
2015-11-04,283.557553609212
2015-11-05,279.151260375977
2015-11-06,278.9842821757
2015-11-07,282.842619578044
2015-11-08,286.470244089762
2015-11-09,286.975262959798
2015-11-10,288.501491546631
2015-11-11,287.551071166992
2015-11-12,284.362893422445
2015-11-13,279.81218846639
2015-11-14,279.398410797119
2015-11-15,285.257835388183
2015-11-16,285.173235575358
2015-11-17,282.852162679036
2015-11-18,285.147196451823
2015-11-19,279.978055318197
2015-11-20,285.173823038737
2015-11-21,286.258099873861
2015-11-22,285.317637125651
2015-11-23,285.970873514811
2015-11-24,287.430884043376
2015-11-25,288.283425649007
2015-11-26,288.802333831787
2015-11-27,290.524290720622
2015-11-28,291.456746419271
2015-11-29,287.740277608236
2015-11-30,288.55543645223
2015-12-01,289.562029520671
2015-12-02,287.668969472249
2015-12-03,290.390413920085
2015-12-04,290.367053985596
2015-12-05,288.146812438965
2015-12-06,287.85510635376
2015-12-07,284.402533213298
2015-12-08,284.814365386963
2015-12-09,284.539540608724
2015-12-10,286.454271952311
2015-12-11,288.836647033691
2015-12-12,289.74586613973
2015-12-13,290.334184010824
2015-12-14,285.575626373291
2015-12-15,286.468840281169
2015-12-16,287.918037414551
2015-12-17,284.545354207357
2015-12-18,282.258842468262
2015-12-19,283.006357828776
2015-12-20,286.009213765462
2015-12-21,289.456286112467
2015-12-22,290.928479512532
2015-12-23,287.193756103516
2015-12-24,283.887800852458
2015-12-25,287.598026275635
2015-12-26,287.858998616536
2015-12-27,289.370755513509
2015-12-28,286.439434051514
2015-12-29,287.284987131755
2015-12-30,285.989988962809
2015-12-31,289.434205373128
2016-01-01,287.609135945638
2016-01-02,291.832584381104
2016-01-03,289.473084767659
2016-01-04,288.101908365885
2016-01-05,282.644377390544
2016-01-06,285.733539581299
2016-01-07,288.104053497314
2016-01-08,290.592032114665
2016-01-09,291.81486638387
2016-01-10,288.511213938395
2016-01-11,287.364190419515
2016-01-12,287.63937886556
2016-01-13,287.920899709066
2016-01-14,288.483702341715
2016-01-15,289.879516601563
2016-01-16,290.928934733073
2016-01-17,290.983370463053
2016-01-18,294.353899637858
2016-01-19,293.370569864909
2016-01-20,293.308387756348
2016-01-21,291.808544158936
2016-01-22,291.381092071533
2016-01-23,292.111518859863
2016-01-24,292.459714253743
2016-01-25,293.418512980143
2016-01-26,293.625492095947
2016-01-27,292.264280954997
2016-01-28,288.612361907959
2016-01-29,287.862248738607
2016-01-30,291.110944112142
2016-01-31,290.53103129069
2016-02-01,288.519644419352
2016-02-02,293.177834828695
2016-02-03,292.623600006104
2016-02-04,292.168992360433
2016-02-05,292.792137145996
2016-02-06,293.6760597229
2016-02-07,291.489564259847
2016-02-08,290.352662404378
2016-02-09,289.721638997396
2016-02-10,293.019969940186
2016-02-11,290.934553782145
2016-02-12,292.857322692871
2016-02-13,292.218233744303
2016-02-14,293.054196675619
2016-02-15,292.924807230631
2016-02-16,292.759880065918
2016-02-17,293.705628712972
2016-02-18,292.0441309611
2016-02-19,292.095353444417
2016-02-20,291.670351664225
2016-02-21,291.692638397217
2016-02-22,292.619598388672
2016-02-23,290.960419972738
2016-02-24,291.361156463623
2016-02-25,291.881234486898
2016-02-26,292.581081390381
2016-02-27,294.737602233887
2016-02-28,292.63657506307
2016-02-29,294.370334625244
2016-03-01,288.416952768962
2016-03-02,285.519832611084
2016-03-03,285.004456837972
2016-03-04,289.876312255859
2016-03-05,290.71515528361
2016-03-06,292.692070007324
2016-03-07,293.121704101563
2016-03-08,294.1676902771
2016-03-09,290.202971140544
2016-03-10,288.40776570638
2016-03-11,289.42164738973
2016-03-12,283.986804962158
2016-03-13,284.955847422282
2016-03-14,289.19623819987
2016-03-15,290.054028828939
2016-03-16,288.83988571167
2016-03-17,285.327044169108
2016-03-18,285.632953643799
2016-03-19,289.403381347656
2016-03-20,290.589725494385
2016-03-21,291.136468251546
2016-03-22,290.738316853841
2016-03-23,292.376970926921
2016-03-24,292.648527781169
2016-03-25,289.349773406982
2016-03-26,287.371982574463
2016-03-27,287.72297668457
2016-03-28,290.140771230062
2016-03-29,288.983943939209
2016-03-30,287.465028127035
2016-03-31,287.225397745768
2016-04-01,289.222948710124
2016-04-02,290.093934377034
2016-04-03,290.604184468587
2016-04-04,289.25800704956
2016-04-05,285.298369089762
2016-04-06,282.272052764893
2016-04-07,285.581322987874
2016-04-08,288.726235707601
2016-04-09,287.561480204264
2016-04-10,286.401430765788
2016-04-11,288.017514546712
2016-04-12,289.584173838298
2016-04-13,288.205721537272
2016-04-14,280.876856486003
2016-04-15,283.216032663981
2016-04-16,284.905762990316
2016-04-17,286.2459081014
2016-04-18,285.769131978353
2016-04-19,283.365519205729
2016-04-20,283.292458852132
2016-04-21,284.266551971436
2016-04-22,285.755383809408
2016-04-23,287.8986231486
2016-04-24,288.441659291585
2016-04-25,283.954213460287
2016-04-26,284.069775899251
2016-04-27,284.69283803304
2016-04-28,285.732446034749
2016-04-29,286.416514078776
2016-04-30,284.771737416585
2016-05-01,283.679587046305
2016-05-02,288.7626024882
2016-05-03,289.861712137858
2016-05-04,290.435348510742
2016-05-05,289.871103922526
2016-05-06,288.263262430827
2016-05-07,286.940121968587
2016-05-08,284.92494837443
2016-05-09,286.361017862956
2016-05-10,287.804431915283
2016-05-11,287.385664621989
2016-05-12,290.473559061686
2016-05-13,288.702421824137
2016-05-14,288.45485941569
2016-05-15,288.604927062988
2016-05-16,288.473499298096
2016-05-17,285.439426422119
2016-05-18,280.950574239095
2016-05-19,284.462055206299
2016-05-20,286.235701243083
2016-05-21,285.696748097738
2016-05-22,281.041978200277
2016-05-23,279.931954701742
2016-05-24,281.162261962891
2016-05-25,284.069171905518
2016-05-26,285.290184020996
2016-05-27,284.814133961995
2016-05-28,285.277727762858
2016-05-29,286.448079427083
2016-05-30,283.607711791992
2016-05-31,281.927735646566
2016-06-01,279.149838765462
2016-06-02,277.898525238037
2016-06-03,277.506393432617
2016-06-04,279.000551859538
2016-06-05,278.560550689697
2016-06-06,278.375558217367
2016-06-07,279.393155415853
2016-06-08,278.815921783447
2016-06-09,280.058470408122
2016-06-10,284.235753377279
2016-06-11,288.351743062337
2016-06-12,285.478890736898
2016-06-13,282.613165537516
2016-06-14,279.170885721842
2016-06-15,283.091323852539
2016-06-16,285.026126861572
2016-06-17,280.701883951823
2016-06-18,281.922030131022
2016-06-19,284.1272315979
2016-06-20,284.344497680664
2016-06-21,284.034456888835
2016-06-22,284.948670705159
2016-06-23,286.84676361084
2016-06-24,285.809580485026
2016-06-25,281.678230285645
2016-06-26,281.034080505371
2016-06-27,283.795753479004
2016-06-28,282.480614980062
2016-06-29,283.513202667236
2016-06-30,282.65226872762
2016-07-01,278.907936096191
2016-07-02,277.682174682617
2016-07-03,281.843706766764
2016-07-04,282.820671081543
2016-07-05,283.354103088379
2016-07-06,282.300322214762
2016-07-07,281.608201344808
2016-07-08,281.946566263835
2016-07-09,281.093132019043
2016-07-10,279.459225972493
2016-07-11,279.67041905721
2016-07-12,278.624710083008
2016-07-13,279.443756103516
2016-07-14,281.236399332682
2016-07-15,281.977163950602
2016-07-16,280.992243448893
2016-07-17,280.751848856608
2016-07-18,280.586353302002
2016-07-19,278.322050730387
2016-07-20,281.329644521078
2016-07-21,282.228925069173
2016-07-22,278.927125295003
2016-07-23,280.864261627197
2016-07-24,286.590114593506
2016-07-25,282.913855234782
2016-07-26,280.921442667643
2016-07-27,280.620632171631
2016-07-28,283.467142740885
2016-07-29,282.558287302653
2016-07-30,280.072059631348
2016-07-31,281.854066212972
2016-08-01,280.250803629557
2016-08-02,281.41189066569
2016-08-03,281.040102640788
2016-08-04,281.818548838298
2016-08-05,279.339155832926
2016-08-06,277.958045959473
2016-08-07,277.008656819661
2016-08-08,275.862393697103
2016-08-09,276.557964324951
2016-08-10,277.410251617432
2016-08-11,278.518086751302
2016-08-12,280.629796346029
2016-08-13,283.14568456014
2016-08-14,281.893138885498
2016-08-15,281.93128712972
2016-08-16,280.245148976644
2016-08-17,279.483259836833
2016-08-18,280.335755666097
2016-08-19,281.684497833252
2016-08-20,280.822062174479
2016-08-21,279.573434193929
2016-08-22,281.285111745199
2016-08-23,282.411693572998
2016-08-24,281.035016377767
2016-08-25,280.997473398844
2016-08-26,282.659159342448
2016-08-27,283.815392812093
2016-08-28,282.202963511149
2016-08-29,282.772146860758
2016-08-30,281.671980539958
2016-08-31,281.273696899414
2016-09-01,282.329054514567
2016-09-02,284.58071009318
2016-09-03,286.63772837321
2016-09-04,283.866287231445
2016-09-05,284.649897257487
2016-09-06,282.647062937419
2016-09-07,281.524887084961
2016-09-08,280.274937947591
2016-09-09,277.693927764893
2016-09-10,278.90938949585
2016-09-11,279.741214752197
2016-09-12,282.85860824585
2016-09-13,284.311133066813
2016-09-14,285.12322362264
2016-09-15,285.264601389567
2016-09-16,288.013262430827
2016-09-17,288.48402150472
2016-09-18,286.843654632568
2016-09-19,285.037338256836
2016-09-20,282.69925181071
2016-09-21,282.068143208821
2016-09-22,280.923843383789
2016-09-23,283.482434590658
2016-09-24,284.049243927002
2016-09-25,283.293374379476
2016-09-26,283.022210439046
2016-09-27,284.002072652181
2016-09-28,284.760896046956
2016-09-29,285.072388966878
2016-09-30,285.195755004883
2016-10-01,285.365523020426
2016-10-02,286.32607014974
2016-10-03,286.714314778646
2016-10-04,286.618717193604
2016-10-05,287.566090901693
2016-10-06,285.811074574788
2016-10-07,283.123153686524
2016-10-08,282.048464457194
2016-10-09,285.081670125325
2016-10-10,282.53450012207
2016-10-11,284.959888458252
2016-10-12,287.926109313965
2016-10-13,286.623729705811
2016-10-14,283.937695821126
2016-10-15,283.633126576742
2016-10-16,281.918586730957
2016-10-17,286.632975260417
2016-10-18,288.193166097005
2016-10-19,287.816534678141
2016-10-20,287.179061889649
2016-10-21,286.036445617676
2016-10-22,282.142285664876
2016-10-23,281.764218648275
2016-10-24,286.216720581055
2016-10-25,288.043604532878
2016-10-26,286.879220326742
2016-10-27,287.784023284912
2016-10-28,286.502449035645
2016-10-29,286.07244237264
2016-10-30,281.695658365885
2016-10-31,279.741888682048
2016-11-01,281.961780548096
2016-11-02,285.625921885173
2016-11-03,286.719253540039
2016-11-04,286.361181894938
2016-11-05,285.215799967448
2016-11-06,286.964433034261
2016-11-07,288.318668365479
2016-11-08,285.730662027995
2016-11-09,286.218569437663
2016-11-10,290.217000325521
2016-11-11,289.669691721598
2016-11-12,289.48401260376
2016-11-13,287.134629567464
2016-11-14,285.818265279134
2016-11-15,288.992907206217
2016-11-16,290.264380137126
2016-11-17,286.148900349935
2016-11-18,284.342833201091
2016-11-19,285.82022857666
2016-11-20,287.709503173828
2016-11-21,286.615790049235
2016-11-22,287.244304656982
2016-11-23,289.917282104492
2016-11-24,289.719160715739
2016-11-25,289.887682596842
2016-11-26,290.591328938802
2016-11-27,287.722536722819
2016-11-28,285.50617090861
2016-11-29,285.903409322103
2016-11-30,287.448190053304
2016-12-01,286.516934712728
2016-12-02,287.219430287679
2016-12-03,284.916669209798
2016-12-04,288.465379079183
2016-12-05,288.477825164795
2016-12-06,287.256043752035
2016-12-07,290.56644821167
2016-12-08,291.985856374105
2016-12-09,289.529682159424
2016-12-10,291.484889984131
2016-12-11,290.295691172282
2016-12-12,286.033292134603
2016-12-13,285.512109120687
2016-12-14,286.988330841064
2016-12-15,289.057258605957
2016-12-16,288.117930094401
2016-12-17,286.392700195312
2016-12-18,290.77228418986
2016-12-19,289.550076802572
2016-12-20,286.7194480896
2016-12-21,288.359751383464
2016-12-22,290.46834564209
2016-12-23,289.665097554525
2016-12-24,285.760780334473
2016-12-25,286.400080362956
2016-12-26,288.320421854655
2016-12-27,291.380076090495
2016-12-28,289.555909474691
2016-12-29,288.447001139323
2016-12-30,283.178571065267
2016-12-31,287.329210917155
2017-01-01,291.655787150065
2017-01-02,292.144130706787
2017-01-03,289.068854014079
2017-01-04,288.961619059245
2017-01-05,283.608839670817
2017-01-06,284.413046518962
2017-01-07,287.520000457764
2017-01-08,289.112064361572
2017-01-09,289.270601908366
2017-01-10,290.222558339437
2017-01-11,290.342751820882
2017-01-12,292.243034362793
2017-01-13,290.354320526123
2017-01-14,288.791061401367
2017-01-15,291.223038991292
2017-01-16,291.777425130208
2017-01-17,290.426582336426
2017-01-18,292.046455383301
2017-01-19,291.795740763346
2017-01-20,287.21539179484
2017-01-21,284.658327738444
2017-01-22,290.022162119548
2017-01-23,289.191567738851
2017-01-24,285.31839243571
2017-01-25,290.225430806478
2017-01-26,287.542078653971
2017-01-27,289.23684946696
2017-01-28,289.423762003581
2017-01-29,290.818262736003
2017-01-30,290.957143147786
2017-01-31,292.123783111572
2017-02-01,292.515776316325
2017-02-02,292.061126708984
2017-02-03,290.40979385376
2017-02-04,290.27322769165
2017-02-05,290.53339767456
2017-02-06,292.617744445801
2017-02-07,294.621356964111
2017-02-08,288.426827748617
2017-02-09,284.180339813232
2017-02-10,283.243940989177
2017-02-11,285.848597208659
2017-02-12,289.031442006429
2017-02-13,292.757762908936
2017-02-14,292.838511149089
2017-02-15,289.279300689697
2017-02-16,289.204491933187
2017-02-17,289.692335764567
2017-02-18,290.684992472331
2017-02-19,291.688795725505
2017-02-20,292.657536824544
2017-02-21,289.71611404419
2017-02-22,290.703545888265
2017-02-23,290.584896087646
2017-02-24,286.854981740316
2017-02-25,288.797721862793
2017-02-26,291.342783610026
2017-02-27,291.263996124268
2017-02-28,289.438844045003
2017-03-01,290.135870615641
2017-03-02,291.666152954102
2017-03-03,290.750233968099
2017-03-04,290.981737772624
2017-03-05,290.181343078613
2017-03-06,291.431677500407
2017-03-07,289.579980214437
2017-03-08,287.36136118571
2017-03-09,285.919855753581
2017-03-10,288.724095662435
2017-03-11,291.553134918213
2017-03-12,290.606318155924
2017-03-13,289.0093943278
2017-03-14,288.490898132324
2017-03-15,284.950981140137
2017-03-16,284.632846832275
2017-03-17,287.847005208333
2017-03-18,290.319254557292
2017-03-19,288.021737416585
2017-03-20,287.456095377604
2017-03-21,288.568562825521
2017-03-22,290.481899261475
2017-03-23,289.176144917806
2017-03-24,286.304757436117
2017-03-25,287.805973052979
2017-03-26,287.537759145101
2017-03-27,289.478492736817
2017-03-28,290.572966257731
2017-03-29,290.692911783854
2017-03-30,290.095480600993
2017-03-31,289.528054555257
2017-04-01,288.703937530518
2017-04-02,289.593599955241
2017-04-03,288.814673105876
2017-04-04,285.715961456299
2017-04-05,285.009447733561
2017-04-06,286.962073008219
2017-04-07,284.759478251139
2017-04-08,283.32869720459
2017-04-09,282.93013381958
2017-04-10,285.690718332926
2017-04-11,288.491096496582
2017-04-12,289.77369817098
2017-04-13,290.104612986247
2017-04-14,288.748034159343
2017-04-15,288.48786799113
2017-04-16,287.265393575033
2017-04-17,287.825122833252
2017-04-18,284.779248555501
2017-04-19,282.585753122965
2017-04-20,283.523202260335
2017-04-21,282.637912750244
2017-04-22,282.431955973307
2017-04-23,283.9339650472
2017-04-24,285.519250233968
2017-04-25,285.50133895874
2017-04-26,284.450005849202
2017-04-27,285.154458363851
2017-04-28,286.448897043864
2017-04-29,290.19508488973
2017-04-30,287.944826761882
2017-05-01,284.173675537109
2017-05-02,279.846015930176
2017-05-03,283.258379618327
2017-05-04,284.064097086588
2017-05-05,281.962669372559
2017-05-06,280.716944376628
2017-05-07,281.593362172445
2017-05-08,282.462117513021
2017-05-09,284.106779734294
2017-05-10,285.486351013184
2017-05-11,286.336051940918
2017-05-12,285.097031911214
2017-05-13,281.096654256185
2017-05-14,278.775114695231
2017-05-15,280.418773651123
2017-05-16,280.977830251058
2017-05-17,283.476231892904
2017-05-18,285.143240610758
2017-05-19,281.429327646891
2017-05-20,280.215546925863
2017-05-21,276.066510518392
2017-05-22,276.831381479899
2017-05-23,280.493387858073
2017-05-24,284.143281300863
2017-05-25,282.804930369059
2017-05-26,280.806788126628
2017-05-27,282.978205362956
2017-05-28,284.215824127197
2017-05-29,282.976039886475
2017-05-30,283.403784434001
2017-05-31,281.582860310872
2017-06-01,282.560848236084
2017-06-02,280.585608164469
2017-06-03,280.737106323242
2017-06-04,279.239743550618
2017-06-05,279.521495819092
2017-06-06,281.161399841309
2017-06-07,280.92775217692
2017-06-08,280.722274780273
2017-06-09,279.410999298096
2017-06-10,279.851206461589
2017-06-11,280.265356699626
2017-06-12,281.291306813558
2017-06-13,284.710404713949
2017-06-14,281.638259887695
2017-06-15,278.983290354411
2017-06-16,279.522852579753
2017-06-17,278.518684387207
2017-06-18,278.921900431315
2017-06-19,280.760795593262
2017-06-20,281.132925669352
2017-06-21,280.375499725342
2017-06-22,280.617588043213
2017-06-23,281.216660817464
2017-06-24,283.647752126058
2017-06-25,283.185396830241
2017-06-26,281.613521575928
2017-06-27,277.170867919922
2017-06-28,277.708813985189
2017-06-29,277.448463439941
2017-06-30,278.463821411133
2017-07-01,279.542723337809
2017-07-02,282.128168741862
2017-07-03,281.760527292887
2017-07-04,279.358032226562
2017-07-05,280.394166310628
2017-07-06,277.255705515544
2017-07-07,277.589332580566
2017-07-08,277.522984822591
2017-07-09,279.483849843343
2017-07-10,280.458946228027
2017-07-11,280.135140736898
2017-07-12,278.90407816569
2017-07-13,276.039826711019
2017-07-14,277.772754669189
2017-07-15,278.759028116862
2017-07-16,277.980860392253
2017-07-17,280.321907043457
2017-07-18,281.101353963216
2017-07-19,279.440956115723
2017-07-20,280.860286712647
2017-07-21,281.619538625081
2017-07-22,282.903303782145
2017-07-23,281.025409698486
2017-07-24,280.956342061361
2017-07-25,283.769933064779
2017-07-26,280.976318359375
2017-07-27,281.962810516357
2017-07-28,280.431219736735
2017-07-29,276.674433390299
2017-07-30,275.710999806722
2017-07-31,277.575200398763
2017-08-01,280.299611409505
2017-08-02,281.636838277181
2017-08-03,277.961224873861
2017-08-04,277.906164805094
2017-08-05,277.833651224772
2017-08-06,279.906646728516
2017-08-07,281.775370279948
2017-08-08,283.172229766846
2017-08-09,284.949961344401
2017-08-10,284.30401357015
2017-08-11,283.571166992188
2017-08-12,284.141718546549
2017-08-13,285.125017801921
2017-08-14,284.10684967041
2017-08-15,282.973773956299
2017-08-16,282.283163706461
2017-08-17,283.465882619222
2017-08-18,283.756183624268
2017-08-19,282.916376749674
2017-08-20,283.433703104655
2017-08-21,280.423013051351
2017-08-22,278.381015777588
2017-08-23,276.938573201497
2017-08-24,279.391166687012
2017-08-25,280.632610321045
2017-08-26,281.070598602295
2017-08-27,282.539972941081
2017-08-28,285.114556630452
2017-08-29,285.576574961344
2017-08-30,285.003340403239
2017-08-31,283.790429433187
2017-09-01,282.211330413818
2017-09-02,281.084336598714
2017-09-03,280.538669586182
2017-09-04,279.41428120931
2017-09-05,280.674748738607
2017-09-06,284.581545511882
2017-09-07,285.598485310872
2017-09-08,283.142150878906
2017-09-09,283.226937611898
2017-09-10,280.878192901611
2017-09-11,278.890880584717
2017-09-12,279.392168680827
2017-09-13,284.05685933431
2017-09-14,285.583871205648
2017-09-15,286.770183563232
2017-09-16,287.878255208333
2017-09-17,284.428067525228
2017-09-18,284.189707438151
2017-09-19,280.506535847982
2017-09-20,281.489674886068
2017-09-21,282.682098388672
2017-09-22,282.236015319824
2017-09-23,283.262228647868
2017-09-24,285.440556844076
2017-09-25,287.127249399821
2017-09-26,288.501387278239
2017-09-27,287.226407368978
2017-09-28,285.279543558756
2017-09-29,282.269742329915
2017-09-30,284.530569712321
2017-10-01,284.619939168294
2017-10-02,283.601970672607
2017-10-03,284.384408315023
2017-10-04,284.658395131429
2017-10-05,285.364943186442
2017-10-06,283.16689046224
2017-10-07,285.092758178711
2017-10-08,284.923140207927
2017-10-09,284.459542592367
2017-10-10,285.423917134603
2017-10-11,286.579223632812
2017-10-12,282.613791147868
2017-10-13,285.009670257568
2017-10-14,285.381518046061
2017-10-15,286.154978434245
2017-10-16,283.451615651449
2017-10-17,284.014528910319
2017-10-18,283.558301289876
2017-10-19,280.331328074137
2017-10-20,283.204842885335
2017-10-21,285.622595469157
2017-10-22,285.942125956217
2017-10-23,285.867877960205
2017-10-24,286.496931711833
2017-10-25,286.162457784017
2017-10-26,285.436545054118
2017-10-27,285.164118448893
2017-10-28,286.912872314453
2017-10-29,287.919816335042
2017-10-30,288.244453430176
2017-10-31,288.375956217448
2017-11-01,288.064849853516
2017-11-02,287.462268829346
2017-11-03,288.196835835775
2017-11-04,290.190315246582
2017-11-05,288.733872731527
2017-11-06,285.551076253255
2017-11-07,283.447350819906
2017-11-08,287.28431447347
2017-11-09,284.419268290202
2017-11-10,286.302441914876
2017-11-11,283.59668858846
2017-11-12,283.101983388265
2017-11-13,282.234016418457
2017-11-14,281.94278717041
2017-11-15,284.839628855387
2017-11-16,285.335552215576
2017-11-17,286.934260050456
2017-11-18,286.911757151286
2017-11-19,284.889326731364
2017-11-20,284.587977091471
2017-11-21,285.577765146891
2017-11-22,286.619659423828
2017-11-23,286.984134674072
2017-11-24,289.775719960531
2017-11-25,291.04524230957
2017-11-26,290.357477823893
2017-11-27,289.580446879069
2017-11-28,290.340951283773
2017-11-29,290.448580423991
2017-11-30,289.547325134277
2017-12-01,288.401189168294
2017-12-02,290.8884862264
2017-12-03,291.029457092285
2017-12-04,290.282721201579
2017-12-05,290.898049672445
2017-12-06,291.485958099365
2017-12-07,292.121192932129
2017-12-08,291.924070994059
2017-12-09,292.724395751953
2017-12-10,293.545649210612
2017-12-11,292.835597991943
2017-12-12,292.072100321452
2017-12-13,290.771378835042
2017-12-14,289.000929514567
2017-12-15,286.94411722819
2017-12-16,290.702443440755
2017-12-17,292.410814921061
2017-12-18,292.165440877279
2017-12-19,285.662183125814
2017-12-20,287.155099232992
2017-12-21,286.802805582682
2017-12-22,290.5479443868
2017-12-23,287.548039754232
2017-12-24,289.862787882487
2017-12-25,291.994209289551
2017-12-26,291.92120107015
2017-12-27,286.622503916423
2017-12-28,284.012448628744
2017-12-29,284.415309906006
2017-12-30,285.414349873861
2017-12-31,289.00544611613
2018-01-01,290.663538614909
2018-01-02,293.057126363118
2018-01-03,293.915655771891
2018-01-04,293.517008463542
2018-01-05,293.069220225016
2018-01-06,290.185508728027
2018-01-07,287.50414276123
2018-01-08,289.745314280192
2018-01-09,292.84806950887
2018-01-10,293.932712554932
2018-01-11,292.900699615479
2018-01-12,292.499809265137
2018-01-13,290.459100087484
2018-01-14,292.301849365234
2018-01-15,294.592463175456
2018-01-16,292.820131937663
2018-01-17,291.839992523193
2018-01-18,293.542059580485
2018-01-19,291.468227386475
2018-01-20,293.947327931722
2018-01-21,294.763491312663
2018-01-22,295.205675760905
2018-01-23,293.114031473796
2018-01-24,293.896784464518
2018-01-25,293.747151692708
2018-01-26,295.355658213298
2018-01-27,294.311949412028
2018-01-28,293.698746999105
2018-01-29,294.505797068278
2018-01-30,295.30028406779
2018-01-31,295.174925486247
2018-02-01,294.658131917318
2018-02-02,294.93895594279
2018-02-03,288.189521789551
2018-02-04,284.440521240234
2018-02-05,290.208939870198
2018-02-06,291.668181101481
2018-02-07,289.357508341471
2018-02-08,287.49245707194
2018-02-09,289.298987070719
2018-02-10,290.39847056071
2018-02-11,291.200406392415
2018-02-12,293.229157765706
2018-02-13,296.52690633138
2018-02-14,294.339771270752
2018-02-15,291.844790140788
2018-02-16,293.385506947835
2018-02-17,294.369075775146
2018-02-18,295.325742085775
2018-02-19,295.289145151774
2018-02-20,294.119097391764
2018-02-21,294.844547271729
2018-02-22,289.163508097331
2018-02-23,284.343724568685
2018-02-24,288.33847173055
2018-02-25,291.971407572428
2018-02-26,291.182596842448
2018-02-27,286.771671295166
2018-02-28,287.621865590413
2018-03-01,290.584767659505
2018-03-02,292.256609598796
2018-03-03,291.832164764404
2018-03-04,291.417434692383
2018-03-05,292.238798777262
2018-03-06,293.071846008301
2018-03-07,290.571467081706
2018-03-08,287.368609110514
2018-03-09,285.06346766154
2018-03-10,284.303309122721
2018-03-11,284.357950846354
2018-03-12,286.993120829264
2018-03-13,289.018938700358
2018-03-14,289.252513885498
2018-03-15,289.027417500814
2018-03-16,289.445816040039
2018-03-17,287.930755615234
2018-03-18,285.604030609131
2018-03-19,287.445481618245
2018-03-20,288.402858734131
2018-03-21,289.460806528727
2018-03-22,288.009243011475
2018-03-23,287.107721964518
2018-03-24,288.476530710856
2018-03-25,289.311307271322
2018-03-26,288.611529032389
2018-03-27,289.761425018311
2018-03-28,292.18859354655
2018-03-29,288.827615102132
2018-03-30,288.074053446452
2018-03-31,287.416763305664
2018-04-01,288.283184051514
2018-04-02,288.54504776001
2018-04-03,289.447317759196
2018-04-04,290.881879170736
2018-04-05,288.955006917318
2018-04-06,288.433376312256
2018-04-07,289.272172292074
2018-04-08,285.576143900553
2018-04-09,287.126700083415
2018-04-10,282.443406422933
2018-04-11,278.70351155599
2018-04-12,279.87717183431
2018-04-13,283.102286020915
2018-04-14,284.174504597982
2018-04-15,283.428040822347
2018-04-16,285.693158467611
2018-04-17,288.132630666097
2018-04-18,287.250809987386
2018-04-19,284.102034250895
2018-04-20,286.931391398112
2018-04-21,287.887077331543
2018-04-22,284.26248550415
2018-04-23,282.269013722738
2018-04-24,283.730045318604
2018-04-25,282.96284866333
2018-04-26,283.525572458903
2018-04-27,283.616119384766
2018-04-28,284.962977091471
2018-04-29,287.013408660889
2018-04-30,287.402515411377
2018-05-01,286.713287353516
2018-05-02,284.821369171143
2018-05-03,280.921451568603
2018-05-04,282.126115163167
2018-05-05,283.174132029215
2018-05-06,285.594570159912
2018-05-07,286.259253184
2018-05-08,286.50745010376
2018-05-09,288.052302042643
2018-05-10,285.502404530843
2018-05-11,285.732156117757
2018-05-12,287.335043589274
2018-05-13,285.2890625
2018-05-14,285.786042531331
2018-05-15,285.575806935628
2018-05-16,285.359151204427
2018-05-17,285.961065928141
2018-05-18,284.078154246012
2018-05-19,285.661150614421
2018-05-20,285.452894846598
2018-05-21,284.970825195312
2018-05-22,284.3054784139
2018-05-23,282.806585947673
2018-05-24,279.277486165364
2018-05-25,281.282872517904
2018-05-26,279.395367940267
2018-05-27,280.362092336019
2018-05-28,278.837844848633
2018-05-29,277.696155548096
2018-05-30,278.04340616862
2018-05-31,278.253992716471
2018-06-01,277.785153706868
2018-06-02,279.066610972087
2018-06-03,281.359041849772
2018-06-04,282.829200744629
2018-06-05,284.393755594889
2018-06-06,280.060652414958
2018-06-07,277.698666890462
2018-06-08,278.345208485921
2018-06-09,277.377546946208
2018-06-10,279.653814951579
2018-06-11,280.30996576945
2018-06-12,281.750680287679
2018-06-13,284.103410085042
2018-06-14,283.652503967285
2018-06-15,283.240094502767
2018-06-16,283.901180267334
2018-06-17,284.140954335531
2018-06-18,282.79280090332
2018-06-19,281.422185262044
2018-06-20,279.46621576945
2018-06-21,278.754482269287
2018-06-22,277.176591237386
2018-06-23,276.34391784668
2018-06-24,280.083679199219
2018-06-25,282.897605895996
2018-06-26,279.978903452555
2018-06-27,276.166361490885
2018-06-28,277.358790079753
2018-06-29,277.055286407471
2018-06-30,277.326475779216
2018-07-01,279.255086263021
2018-07-02,282.600425720215
2018-07-03,279.769379933675
2018-07-04,276.33952331543
2018-07-05,277.542781829834
2018-07-06,277.861347198486
2018-07-07,280.423892974854
2018-07-08,284.380224863688
2018-07-09,284.934270222982
2018-07-10,280.812993367513
2018-07-11,278.594519297282
2018-07-12,279.99907430013
2018-07-13,277.860731760661
2018-07-14,280.156716664632
2018-07-15,281.806095123291
2018-07-16,282.847822825114
2018-07-17,283.523011525472
2018-07-18,281.052042643229
2018-07-19,281.748270670573
2018-07-20,282.209871927897
2018-07-21,282.612550099691
2018-07-22,283.229607899984
2018-07-23,281.915203094482
2018-07-24,279.433399200439
2018-07-25,279.951591491699
2018-07-26,280.926699320475
2018-07-27,282.711928049723
2018-07-28,283.039859771729
2018-07-29,283.513970692952
2018-07-30,280.011582692464
2018-07-31,277.95885848999
2018-08-01,279.980119069417
2018-08-02,282.071071624756
2018-08-03,282.609214782715
2018-08-04,282.054131825765
2018-08-05,281.925327301025
2018-08-06,283.24231338501
2018-08-07,282.642318725586
2018-08-08,282.433165232341
2018-08-09,282.514724731445
2018-08-10,283.131796518961
2018-08-11,281.372286478678
2018-08-12,278.008970896403
2018-08-13,279.086584726969
2018-08-14,281.048974355062
2018-08-15,281.387040456136
2018-08-16,280.855372111003
2018-08-17,284.056100209554
2018-08-18,280.736794789632
2018-08-19,276.751215616862
2018-08-20,279.334248860677
2018-08-21,281.197491963704
2018-08-22,282.885800679525
2018-08-23,280.366302490234
2018-08-24,278.365675608317
2018-08-25,277.765878041585
2018-08-26,279.062805175781
2018-08-27,280.641291300456
2018-08-28,281.778915405273
2018-08-29,282.062798817952
2018-08-30,281.34511311849
2018-08-31,282.440526326497
2018-09-01,280.965784708659
2018-09-02,283.132793426514
2018-09-03,283.813643137614
2018-09-04,280.620491027832
2018-09-05,279.957639058431
2018-09-06,280.24109395345
2018-09-07,280.494939168294
2018-09-08,280.009512583415
2018-09-09,278.947106679281
2018-09-10,278.825781504313
2018-09-11,280.906809488932
2018-09-12,279.412106831869
2018-09-13,283.256898244222
2018-09-14,283.21834564209
2018-09-15,282.729904174805
2018-09-16,284.141896565755
2018-09-17,284.458971659343
2018-09-18,286.509863535563
2018-09-19,283.221252441406
2018-09-20,284.348814646403
2018-09-21,285.511693318685
2018-09-22,283.802228291829
2018-09-23,281.927670796712
2018-09-24,284.178152720133
2018-09-25,282.241667429606
2018-09-26,280.397195180257
2018-09-27,280.71491877238
2018-09-28,279.184593200684
2018-09-29,282.327598571777
2018-09-30,282.975145975749
2018-10-01,284.18679300944
2018-10-02,284.152121225993
2018-10-03,283.188076019287
2018-10-04,284.912203470866
2018-10-05,284.687388102213
2018-10-06,284.855181376139
2018-10-07,283.102284749349
2018-10-08,282.577391306559
2018-10-09,283.76415125529
2018-10-10,284.225006103516
2018-10-11,283.788644154867
2018-10-12,285.204936981201
2018-10-13,280.550567626953
2018-10-14,277.434683481852
2018-10-15,279.313500722249
2018-10-16,281.923230489095
2018-10-17,283.989446004232
2018-10-18,281.962842305501
2018-10-19,281.230298360189
2018-10-20,286.52172088623
2018-10-21,286.157269795735
2018-10-22,284.632325490316
2018-10-23,286.954447428385
2018-10-24,286.704023996989
2018-10-25,287.015254974365
2018-10-26,285.874211629232
2018-10-27,284.536365509033
2018-10-28,285.214696248372
2018-10-29,285.433659871419
2018-10-30,285.72120030721
2018-10-31,283.479517618815
2018-11-01,283.007690429688
2018-11-02,279.741436004639
2018-11-03,284.763902028402
2018-11-04,285.914059956868
2018-11-05,284.356559753418
2018-11-06,283.919534047445
2018-11-07,288.190198262533
2018-11-08,291.115750630697
2018-11-09,291.776393890381
2018-11-10,287.168090820313
2018-11-11,284.424763997396
2018-11-12,285.179164886475
2018-11-13,285.937267303467
2018-11-14,288.047110239665
2018-11-15,287.34888458252
2018-11-16,287.800397237142
2018-11-17,287.221364339193
2018-11-18,287.31956354777
2018-11-19,285.345410664876
2018-11-20,281.897033691406
2018-11-21,283.46374130249
2018-11-22,284.994789123535
2018-11-23,284.918140411377
2018-11-24,287.774002075195
2018-11-25,287.987730662028
2018-11-26,287.028584798177
2018-11-27,286.469626108805
2018-11-28,288.957324981689
2018-11-29,287.173648834228
2018-11-30,286.761697133382
2018-12-01,288.654563903809
2018-12-02,288.478801727295
2018-12-03,290.107377370198
2018-12-04,290.359745025635
2018-12-05,290.11154683431
2018-12-06,286.217375437419
2018-12-07,283.725744883219
2018-12-08,285.626468658447
2018-12-09,289.498570760091
2018-12-10,290.842151641846
2018-12-11,288.800346374512
2018-12-12,288.217508951823
2018-12-13,289.080423990885
2018-12-14,289.312229156494
2018-12-15,287.974170684815
2018-12-16,288.991363525391
2018-12-17,290.057935078939
2018-12-18,292.045029958089
2018-12-19,291.020512898763
2018-12-20,289.208169301351
2018-12-21,287.179341634115
2018-12-22,288.218587239583
2018-12-23,288.112148284912
2018-12-24,289.062530517578
2018-12-25,288.413445790609
2018-12-26,290.02975209554
2018-12-27,289.367584228516
2018-12-28,288.798444112142
2018-12-29,288.975597381592
2018-12-30,289.563935597738
2018-12-31,290.973803202311
2019-01-01,290.894931793213
2019-01-02,293.058142344157
2019-01-03,292.63488260905
2019-01-04,291.183336893717
2019-01-05,289.685886383057
2019-01-06,293.099539438883
2019-01-07,291.633543650309
2019-01-08,289.288276672363
2019-01-09,292.205259958903
2019-01-10,293.774358113607
2019-01-11,292.031893412272
2019-01-12,290.410832722982
2019-01-13,288.93190129598
2019-01-14,291.069432576497
2019-01-15,288.549924214681
2019-01-16,286.719404856364
2019-01-17,287.013678232829
2019-01-18,291.072102864583
2019-01-19,291.850406646729
2019-01-20,293.014319101969
2019-01-21,289.795684814453
2019-01-22,290.381394704183
2019-01-23,290.592220306396
2019-01-24,289.28556950887
2019-01-25,284.94212214152
2019-01-26,289.210479736328
2019-01-27,290.798489888509
2019-01-28,292.585353851318
2019-01-29,293.821626027425
2019-01-30,294.351618448893
2019-01-31,293.904905954997
2019-02-01,294.518030802409
2019-02-02,290.502647399902
2019-02-03,286.079289754232
2019-02-04,289.781634012858
2019-02-05,292.94722366333
2019-02-06,289.088548024495
2019-02-07,284.737525939941
2019-02-08,285.721702575683
2019-02-09,288.007516225179
2019-02-10,290.176578521729
2019-02-11,290.220375061035
2019-02-12,290.987341562907
2019-02-13,291.912831624349
2019-02-14,292.40766398112
2019-02-15,293.479278564453
2019-02-16,288.027959187826
2019-02-17,287.073079427083
2019-02-18,289.87301381429
2019-02-19,289.53556060791
2019-02-20,293.392242431641
2019-02-21,291.848120371501
2019-02-22,293.337200164795
2019-02-23,291.615202585856
2019-02-24,287.869911193848
2019-02-25,283.776444753011
2019-02-26,282.147473653157
2019-02-27,286.268914540609
2019-02-28,286.736640930176
2019-03-01,282.892865498861
2019-03-02,285.033095041911
2019-03-03,284.365853627523
2019-03-04,287.751651763916
2019-03-05,289.98815536499
2019-03-06,289.640663146973
2019-03-07,291.056674957275
2019-03-08,292.329795837402
2019-03-09,289.233731587728
2019-03-10,289.826321919759
2019-03-11,288.414693196615
2019-03-12,290.464368184408
2019-03-13,292.512667338053
2019-03-14,291.358264923096
2019-03-15,289.326763153076
2019-03-16,292.453132629395
2019-03-17,291.744787851969
2019-03-18,288.382625579834
2019-03-19,289.761736551921
2019-03-20,288.089553833008
2019-03-21,289.436042785645
2019-03-22,288.847550710042
2019-03-23,289.511983235677
2019-03-24,288.201964060465
2019-03-25,290.378599802653
2019-03-26,291.951806386312
2019-03-27,292.244435628255
2019-03-28,290.219266255697
2019-03-29,287.57114537557
2019-03-30,287.890440622966
2019-03-31,288.159983317057
2019-04-01,290.647663116455
2019-04-02,289.017110188802
2019-04-03,284.508600870768
2019-04-04,283.44021987915
2019-04-05,285.76322555542
2019-04-06,283.976383209229
2019-04-07,280.946180979411
2019-04-08,282.821367899577
2019-04-09,283.534976959229
2019-04-10,286.729516347249
2019-04-11,288.346321105957
2019-04-12,285.787756601969
2019-04-13,282.174243927002
2019-04-14,280.900026957194
2019-04-15,283.842603047689
2019-04-16,282.856119791667
2019-04-17,283.473190307617
2019-04-18,282.421393076579
2019-04-19,281.659344991048
2019-04-20,284.627852121989
2019-04-21,286.024032592773
2019-04-22,286.835954030355
2019-04-23,285.580343882243
2019-04-24,286.841154734294
2019-04-25,287.781407674154
2019-04-26,287.221584320068
2019-04-27,286.552220662435
2019-04-28,288.826044718424
2019-04-29,285.642397562663
2019-04-30,283.84215037028
2019-05-01,281.362656911214
2019-05-02,280.129067738851
2019-05-03,282.800959269206
2019-05-04,283.732138315837
2019-05-05,284.690143585205
2019-05-06,283.914910634359
2019-05-07,282.14247639974
2019-05-08,283.877281188965
2019-05-09,284.385494232178
2019-05-10,286.778975168864
2019-05-11,286.570378621419
2019-05-12,285.852809906006
2019-05-13,285.045691172282
2019-05-14,280.551500956217
2019-05-15,283.871542612712
2019-05-16,286.86595026652
2019-05-17,281.552654266357
2019-05-18,279.256229400635
2019-05-19,283.491703033447
2019-05-20,282.110530853272
2019-05-21,280.956389109294
2019-05-22,281.84395980835
2019-05-23,283.00323232015
2019-05-24,283.365600585937
2019-05-25,284.753162384033
2019-05-26,284.784507751465
2019-05-27,284.385131835938
2019-05-28,284.808036804199
2019-05-29,285.314886728923
2019-05-30,285.767489115397
2019-05-31,286.486939748128
2019-06-01,282.926565806071
2019-06-02,280.401098887126
2019-06-03,278.278129577637
2019-06-04,280.668074289958
2019-06-05,282.447896321615
2019-06-06,279.62074025472
2019-06-07,280.597124735514
2019-06-08,280.43713760376
2019-06-09,281.593007405599
2019-06-10,281.478707631429
2019-06-11,282.123606363932
2019-06-12,283.853866577148
2019-06-13,284.240858713786
2019-06-14,285.046007792155
2019-06-15,284.29141998291
2019-06-16,283.062079111735
2019-06-17,283.105196634928
2019-06-18,279.027889251709
2019-06-19,278.056116739909
2019-06-20,277.211980183919
2019-06-21,279.823970794678
2019-06-22,282.246295928955
2019-06-23,281.124539693197
2019-06-24,281.253424326579
2019-06-25,279.016696929932
2019-06-26,277.212144215902
2019-06-27,275.835391998291
2019-06-28,275.8655128479
2019-06-29,277.125024159749
2019-06-30,278.389803568522
2019-07-01,279.19454574585
2019-07-02,280.945901234945
2019-07-03,283.490306854248
2019-07-04,284.468176523844
2019-07-05,281.242472330729
2019-07-06,279.189458211263
2019-07-07,279.0840771993
2019-07-08,280.163958231608
2019-07-09,280.425640106201
2019-07-10,280.768122355143
2019-07-11,282.818181355794
2019-07-12,283.132841746012
2019-07-13,284.01953125
2019-07-14,285.149523417155
2019-07-15,284.112768809001
2019-07-16,282.626654307048
2019-07-17,283.075912475586
2019-07-18,280.647683461507
2019-07-19,280.532189687093
2019-07-20,281.664744059245
2019-07-21,282.228130340576
2019-07-22,281.358954111735
2019-07-23,282.045094807943
2019-07-24,282.032563527425
2019-07-25,281.755209604899
2019-07-26,281.958869934082
2019-07-27,281.948666890462
2019-07-28,282.444229125977
2019-07-29,280.160435994466
2019-07-30,281.178405761719
2019-07-31,280.709142049154
2019-08-01,279.425076802572
2019-08-02,279.669714609782
2019-08-03,280.932074228923
2019-08-04,281.147020975749
2019-08-05,280.257826487223
2019-08-06,279.912938435872
2019-08-07,282.530974070231
2019-08-08,282.577012379964
2019-08-09,283.402297973633
2019-08-10,282.222803751628
2019-08-11,282.885968526204
2019-08-12,283.14697265625
2019-08-13,282.171347300212
2019-08-14,283.230326334635
2019-08-15,278.39573542277
2019-08-16,280.520055135091
2019-08-17,282.632841746012
2019-08-18,279.99623743693
2019-08-19,275.949722290039
2019-08-20,277.778279622396
2019-08-21,281.292198181152
2019-08-22,281.345644632975
2019-08-23,282.850964864095
2019-08-24,280.409755706787
2019-08-25,281.76481628418
2019-08-26,284.111080169678
2019-08-27,281.811944325765
2019-08-28,279.873530069987
2019-08-29,283.58832804362
2019-08-30,284.055141448975
2019-08-31,281.325528462728
2019-09-01,281.461978912354
2019-09-02,284.211858113607
2019-09-03,282.984401702881
2019-09-04,284.330043792725
2019-09-05,285.454051971436
2019-09-06,283.036454518636
2019-09-07,280.000235239665
2019-09-08,279.633227030436
2019-09-09,278.353598276774
2019-09-10,277.228391011556
2019-09-11,278.338158925374
2019-09-12,281.213105519613
2019-09-13,284.392243703206
2019-09-14,284.257906595866
2019-09-15,284.935820261637
2019-09-16,284.012606302897
2019-09-17,285.20925394694
2019-09-18,281.277543385824
2019-09-19,280.521251678467
2019-09-20,282.18776957194
2019-09-21,282.684964497884
2019-09-22,283.318696339925
2019-09-23,284.873512268066
2019-09-24,285.345167795817
2019-09-25,282.34144337972
2019-09-26,281.112375895182
2019-09-27,282.043837229411
2019-09-28,284.086868286133
2019-09-29,284.63184483846
2019-09-30,285.194471995036
2019-10-01,284.14040629069
2019-10-02,279.897318522135
2019-10-03,279.82799021403
2019-10-04,279.125793457031
2019-10-05,281.716726938883
2019-10-06,282.30675760905
2019-10-07,281.088832855225
2019-10-08,285.819002787272
2019-10-09,285.505741119385
2019-10-10,286.928385416667
2019-10-11,287.518482208252
2019-10-12,284.49507522583
2019-10-13,285.132883707682
2019-10-14,284.770787556966
2019-10-15,283.99338277181
2019-10-16,283.34124883016
2019-10-17,284.279134114583
2019-10-18,286.246972401937
2019-10-19,286.496713002523
2019-10-20,285.252683003744
2019-10-21,285.809958140055
2019-10-22,284.062107086182
2019-10-23,281.728199005127
2019-10-24,278.886976877848
2019-10-25,282.17240524292
2019-10-26,282.211223602295
2019-10-27,287.161028544108
2019-10-28,289.136150360107
2019-10-29,285.26469930013
2019-10-30,282.976084391276
2019-10-31,284.19176864624
2019-11-01,284.734800974528
2019-11-02,283.562611897786
2019-11-03,286.727142333984
2019-11-04,289.493546803792
2019-11-05,289.556869506836
2019-11-06,289.703342437744
2019-11-07,288.360927581787
2019-11-08,290.943968454997
2019-11-09,290.74906539917
2019-11-10,290.350781758626
2019-11-11,288.802822113037
2019-11-12,284.187763214111
2019-11-13,284.066252390544
2019-11-14,286.888885498047
2019-11-15,286.606088002523
2019-11-16,286.994930267334
2019-11-17,290.153648376465
2019-11-18,289.174275716146
2019-11-19,284.879425048828
2019-11-20,285.509811401367
2019-11-21,284.299947102865
2019-11-22,285.406145731608
2019-11-23,287.885139465332
2019-11-24,289.435307820638
2019-11-25,289.301981608073
2019-11-26,286.719741821289
2019-11-27,290.369094848633
2019-11-28,291.286567687988
2019-11-29,290.801947275798
2019-11-30,290.931055704753
2019-12-01,291.388074239095
2019-12-02,293.127335866292
2019-12-03,291.963428497315
2019-12-04,291.989007314046
2019-12-05,290.785673777262
2019-12-06,289.754258473714
2019-12-07,290.598723093669
2019-12-08,292.389635721842
2019-12-09,289.073997497558
2019-12-10,285.125231424967
2019-12-11,286.05260848999
2019-12-12,288.943325042725
2019-12-13,289.179173787435
2019-12-14,291.928551991781
2019-12-15,289.854899088542
2019-12-16,291.1366259257
2019-12-17,291.842903137207
2019-12-18,287.079513549805
2019-12-19,284.714833577474
2019-12-20,287.388996124268
2019-12-21,284.99134572347
2019-12-22,283.079727172852
2019-12-23,288.437451680501
2019-12-24,288.920130411784
2019-12-25,286.462319691976
2019-12-26,286.963727315267
2019-12-27,287.011557261149
2019-12-28,288.426401774089
2019-12-29,286.460069020589
2019-12-30,288.392522176107
2019-12-31,288.018733978271
2020-01-01,289.347593943278
2020-01-02,291.926085154216
2020-01-03,291.668237050374
2020-01-04,288.781202952067
2020-01-05,285.95591990153
2020-01-06,287.765131632487
2020-01-07,286.411053975423
2020-01-08,285.577095031738
2020-01-09,285.725807189941
2020-01-10,287.371346791585
2020-01-11,287.931485493978
2020-01-12,290.928689320882
2020-01-13,293.074876149496
2020-01-14,287.704990386963
2020-01-15,283.975551605225
2020-01-16,286.878335316976
2020-01-17,287.309846242269
2020-01-18,288.045388539632
2020-01-19,288.42218653361
2020-01-20,291.464860280355
2020-01-21,291.27162806193
2020-01-22,291.721486409505
2020-01-23,291.235677083333
2020-01-24,293.012622833252
2020-01-25,292.174952189128
2020-01-26,293.570025126139
2020-01-27,293.92454401652
2020-01-28,294.291915893555
2020-01-29,294.07591120402
2020-01-30,293.848710378011
2020-01-31,293.917896270752
2020-02-01,294.16609064738
2020-02-02,295.825963338216
2020-02-03,296.079076131185
2020-02-04,296.122146606445
2020-02-05,294.501912434896
2020-02-06,288.838511149088
2020-02-07,290.390791575114
2020-02-08,288.633651733398
2020-02-09,287.426030476888
2020-02-10,288.121311187744
2020-02-11,290.076808929443
2020-02-12,289.986488342285
2020-02-13,292.497572580973
2020-02-14,291.582804361979
2020-02-15,292.300153096517
2020-02-16,292.038068135579
2020-02-17,295.798502604167
2020-02-18,293.649085998535
2020-02-19,292.63575108846
2020-02-20,291.283487955729
2020-02-21,292.603420257568
2020-02-22,294.902640024821
2020-02-23,289.872528076172
2020-02-24,285.539877573649
2020-02-25,287.033996582031
2020-02-26,289.0847752889
2020-02-27,292.421114603678
2020-02-28,292.807018280029
2020-02-29,292.724768320719
2020-03-01,288.294450124105
2020-03-02,291.325182596842
2020-03-03,292.115928649902
2020-03-04,294.287568410238
2020-03-05,287.912982940674
2020-03-06,285.717207590739
2020-03-07,286.539449055989
2020-03-08,288.254273732503
2020-03-09,291.118216196696
2020-03-10,291.42974726359
2020-03-11,288.954661051432
2020-03-12,286.091405232747
2020-03-13,286.18403116862
2020-03-14,286.721309661865
2020-03-15,287.848726908366
2020-03-16,289.412221272786
2020-03-17,288.077944437663
2020-03-18,284.135384877523
2020-03-19,285.751035054525
2020-03-20,288.722763061523
2020-03-21,288.93336613973
2020-03-22,290.5017674764
2020-03-23,290.353711446126
2020-03-24,285.67027537028
2020-03-25,283.012340545654
2020-03-26,286.994093577067
2020-03-27,286.893966674805
2020-03-28,284.380386352539
2020-03-29,283.910465240479
2020-03-30,286.686838785807
2020-03-31,286.738740285238
2020-04-01,286.352818806966
2020-04-02,287.609071095784
2020-04-03,286.193070729574
2020-04-04,285.607290903727
2020-04-05,284.518848419189
2020-04-06,285.641036987305
2020-04-07,286.478332519531
2020-04-08,288.258336385091
2020-04-09,285.49768447876
2020-04-10,281.904365539551
2020-04-11,282.40053431193
2020-04-12,286.306486765544
2020-04-13,289.042579650879
2020-04-14,284.172823588053
2020-04-15,281.597885131836
2020-04-16,284.182645161947
2020-04-17,287.353228251139
2020-04-18,288.981213887533
2020-04-19,288.110373179118
2020-04-20,287.430254618327
2020-04-21,286.15221786499
2020-04-22,283.229320526123
2020-04-23,284.953751881917
2020-04-24,286.343780517578
2020-04-25,285.511569976807
2020-04-26,285.094748179118
2020-04-27,287.335280100505
2020-04-28,288.338556925456
2020-04-29,283.010612487793
2020-04-30,285.507774353027
2020-05-01,286.606733957926
2020-05-02,284.972362518311
2020-05-03,288.829111735026
2020-05-04,288.219849904378
2020-05-05,285.635229746501
2020-05-06,280.886358896891
2020-05-07,281.247278849284
2020-05-08,286.003770192464
2020-05-09,283.89187113444
2020-05-10,285.269479115804
2020-05-11,285.98090616862
2020-05-12,283.844510396322
2020-05-13,283.519620259603
2020-05-14,283.403990427653
2020-05-15,283.134847005208
2020-05-16,285.25771077474
2020-05-17,282.985430399577
2020-05-18,282.465408325195
2020-05-19,282.264802296956
2020-05-20,278.773066202799
2020-05-21,278.046838124593
2020-05-22,279.389306386312
2020-05-23,280.611563364665
2020-05-24,282.472026824951
2020-05-25,281.871920267741
2020-05-26,283.829756418864
2020-05-27,281.660967508952
2020-05-28,281.406019846598
2020-05-29,278.983818054199
2020-05-30,282.58203125
2020-05-31,283.400933583578
2020-06-01,283.828197479248
2020-06-02,285.832475026449
2020-06-03,283.741992950439
2020-06-04,284.012696584066
2020-06-05,284.702794392904
2020-06-06,280.442616780599
2020-06-07,282.535533905029
2020-06-08,282.408386230469
2020-06-09,284.352553049723
2020-06-10,279.842720031738
2020-06-11,281.694905598958
2020-06-12,283.703029632568
2020-06-13,280.693355560303
2020-06-14,277.309284210205
2020-06-15,278.489034016927
2020-06-16,281.182791392008
2020-06-17,283.22211710612
2020-06-18,284.577827453613
2020-06-19,283.826379140218
2020-06-20,284.540740966797
2020-06-21,284.213397979736
2020-06-22,282.634432474772
2020-06-23,282.992510477702
2020-06-24,283.388661702474
2020-06-25,283.145182291667
2020-06-26,283.054328918457
2020-06-27,284.446441650391
2020-06-28,284.814481099447
2020-06-29,283.287010192871
2020-06-30,281.047486623128
2020-07-01,278.071624755859
2020-07-02,277.869677225749
2020-07-03,277.194463094076
2020-07-04,278.367125193278
2020-07-05,279.938149770101
2020-07-06,281.585645039876
2020-07-07,283.102207183838
2020-07-08,280.9132715861
2020-07-09,277.103223164876
2020-07-10,277.255306243896
2020-07-11,279.553684234619
2020-07-12,281.393035888672
2020-07-13,282.59791692098
2020-07-14,280.918352762858
2020-07-15,280.908163706462
2020-07-16,279.800974527995
2020-07-17,280.392793019613
2020-07-18,281.721672058106
2020-07-19,282.49059677124
2020-07-20,282.918116251628
2020-07-21,284.02873357137
2020-07-22,282.190762837728
2020-07-23,281.20466486613
2020-07-24,281.301703135172
2020-07-25,279.49280166626
2020-07-26,278.802936553955
2020-07-27,278.609877268473
2020-07-28,279.207637786865
2020-07-29,280.697587331136
2020-07-30,280.766855875651
2020-07-31,282.004666646322
2020-08-01,282.294596354167
2020-08-02,282.206401824951
2020-08-03,280.553394317627
2020-08-04,280.868731180827
2020-08-05,281.581569671631
2020-08-06,281.367149353027
2020-08-07,282.817204793294
2020-08-08,281.867144266764
2020-08-09,278.610354105632
2020-08-10,281.343374888102
2020-08-11,282.405869801839
2020-08-12,281.240496317546
2020-08-13,278.787368774414
2020-08-14,279.899499257406
2020-08-15,275.653020222982
2020-08-16,276.985355377197
2020-08-17,276.826712290446
2020-08-18,279.590564727783
2020-08-19,282.38338470459
2020-08-20,283.7775293986
2020-08-21,285.936518351237
2020-08-22,284.539389292399
2020-08-23,282.811186472575
2020-08-24,284.640702565511
2020-08-25,282.909022013346
2020-08-26,281.307004292806
2020-08-27,279.527769724528
2020-08-28,278.802460988363
2020-08-29,282.694616953532
2020-08-30,285.337635040283
2020-08-31,284.861101786295
2020-09-01,284.775908152262
2020-09-02,282.458595275879
2020-09-03,278.381716410319
2020-09-04,279.007858276367
2020-09-05,283.1193262736
2020-09-06,283.972872416178
2020-09-07,283.315862019857
2020-09-08,279.211067199707
2020-09-09,281.474807739258
2020-09-10,282.674691518148
2020-09-11,281.651641845703
2020-09-12,278.232123057048
2020-09-13,280.764484405518
2020-09-14,284.293586730957
2020-09-15,285.016479492188
2020-09-16,283.727944691976
2020-09-17,283.725658416748
2020-09-18,284.649269104004
2020-09-19,280.124412536621
2020-09-20,280.113574981689
2020-09-21,282.293900807699
2020-09-22,285.537935892741
2020-09-23,286.329015096029
2020-09-24,287.48489634196
2020-09-25,286.531600952148
2020-09-26,286.194850921631
2020-09-27,287.436129252116
2020-09-28,284.601853688558
2020-09-29,281.026095072428
2020-09-30,278.576178232829
2020-10-01,279.429659525553
2020-10-02,282.67025756836
2020-10-03,285.637505849203
2020-10-04,286.043018341064
2020-10-05,286.734845479329
2020-10-06,289.036493937174
2020-10-07,286.291042327881
2020-10-08,282.421918233236
2020-10-09,279.670630137126
2020-10-10,281.682267506917
2020-10-11,283.663798014323
2020-10-12,286.180283864339
2020-10-13,285.701393127441
2020-10-14,285.706479390462
2020-10-15,282.609718322754
2020-10-16,278.310802459717
2020-10-17,280.386900583903
2020-10-18,281.772913614909
2020-10-19,286.847237904867
2020-10-20,288.231632232666
2020-10-21,285.094443003337
2020-10-22,286.577442169189
2020-10-23,287.570332845052
2020-10-24,288.191162109375
2020-10-25,289.833981831869
2020-10-26,291.107247670492
2020-10-27,288.996967315674
2020-10-28,285.031299591064
2020-10-29,284.801142374674
2020-10-30,286.838035583496
2020-10-31,290.06187693278
2020-11-01,289.293832143148
2020-11-02,286.4967918396
2020-11-03,287.063451131185
2020-11-04,286.668890635172
2020-11-05,291.719366709391
2020-11-06,290.5906346639
2020-11-07,289.019479115804
2020-11-08,289.059909820557
2020-11-09,283.624603271484
2020-11-10,282.206265767415
2020-11-11,284.902839660645
2020-11-12,283.255507151286
2020-11-13,286.850954691569
2020-11-14,288.222751617432
2020-11-15,287.653383890788
2020-11-16,287.257292429606
2020-11-17,288.570449829101
2020-11-18,289.774477640788
2020-11-19,286.23625310262
2020-11-20,282.530909220378
2020-11-21,286.230255126953
2020-11-22,286.682192484538
2020-11-23,282.103055318197
2020-11-24,284.133234659831
2020-11-25,286.160873413086
2020-11-26,286.281675974528
2020-11-27,289.024346669515
2020-11-28,286.251430511474
2020-11-29,285.257629394531
2020-11-30,285.298543294271
2020-12-01,285.557593027751
2020-12-02,282.06751759847
2020-12-03,287.896582285563
2020-12-04,286.320945739746
2020-12-05,286.993699391683
2020-12-06,287.069713592529
2020-12-07,289.548380533854
2020-12-08,292.732865651449
2020-12-09,292.194212595622
2020-12-10,291.536106109619
2020-12-11,290.513094584147
2020-12-12,287.506290435791
2020-12-13,285.670752207438
2020-12-14,284.066249847412
2020-12-15,285.738150278727
2020-12-16,290.135257720947
2020-12-17,289.209376017253
2020-12-18,290.176012674967
2020-12-19,290.939640045166
2020-12-20,290.596533457438
2020-12-21,290.787006378174
2020-12-22,290.793308258057
2020-12-23,291.92093149821
2020-12-24,290.207922617594
2020-12-25,288.730626424154
2020-12-26,287.266058603922
2020-12-27,285.883617401123
2020-12-28,283.384596506755
2020-12-29,283.908168792725
2020-12-30,284.639198303223
2020-12-31,286.883014678955
2021-01-01,287.834303538005
2021-01-02,290.007478078206
2021-01-03,291.421663920085
2021-01-04,290.085166931152
2021-01-05,289.630970001221
2021-01-06,292.247039794922
2021-01-07,291.947240193685
2021-01-08,290.316707611084
2021-01-09,290.346921284994
2021-01-10,289.132541656494
2021-01-11,290.847550710042
2021-01-12,290.408219655355
2021-01-13,290.916412353516
2021-01-14,291.091328938802
2021-01-15,291.344214121501
2021-01-16,290.818778991699
2021-01-17,291.963308970133
2021-01-18,291.250686645508
2021-01-19,288.459070841471
2021-01-20,288.690259297689
2021-01-21,285.643053690592
2021-01-22,287.521967569987
2021-01-23,289.054026285807
2021-01-24,290.032754262288
2021-01-25,290.892346700032
2021-01-26,291.248485565186
2021-01-27,292.76021194458
2021-01-28,292.696207682292
2021-01-29,288.435971577962
2021-01-30,283.554045359294
2021-01-31,284.287035624186
2021-02-01,286.768314361572
2021-02-02,289.201498667399
2021-02-03,288.105850219727
2021-02-04,289.960041046143
2021-02-05,287.684627532959
2021-02-06,286.065167744954
2021-02-07,287.422050476074
2021-02-08,290.315373738607
2021-02-09,291.638223012288
2021-02-10,293.319876352946
2021-02-11,290.925872802734
2021-02-12,288.965080261231
2021-02-13,288.027671813965
2021-02-14,290.732073465983
2021-02-15,291.942584991455
2021-02-16,288.778226216634
2021-02-17,285.23956044515
2021-02-18,283.378781636556
2021-02-19,286.189253489176
2021-02-20,289.50515238444
2021-02-21,291.390221913656
2021-02-22,291.386325836182
2021-02-23,291.533307393392
2021-02-24,291.151992797851
2021-02-25,292.697891235352
2021-02-26,291.793039957682
2021-02-27,290.926869710286
2021-02-28,291.665808359782
2021-03-01,292.12942759196
2021-03-02,291.284787495931
2021-03-03,291.857078552246
2021-03-04,292.072648366292
2021-03-05,289.784141540527
2021-03-06,289.491948445638
2021-03-07,290.714883168538
2021-03-08,287.786645253499
2021-03-09,287.598200480143
2021-03-10,289.006496429443
2021-03-11,288.40654373169
2021-03-12,284.605414072673
2021-03-13,285.88608678182
2021-03-14,285.034755706787
2021-03-15,289.80117670695
2021-03-16,290.257535298665
2021-03-17,285.989418029785
2021-03-18,285.881075541178
2021-03-19,283.441682179769
2021-03-20,285.550978342692
2021-03-21,285.048295338949
2021-03-22,284.170876820882
2021-03-23,283.520292917887
2021-03-24,286.064852396647
2021-03-25,288.427654266357
2021-03-26,286.383674621582
2021-03-27,288.438690185547
2021-03-28,290.487449645996
2021-03-29,291.82883199056
2021-03-30,291.664362589518
2021-03-31,292.675094604492
2021-04-01,289.707562764486
2021-04-02,281.162260691325
2021-04-03,284.313882191976
2021-04-04,285.665885925293
2021-04-05,289.436772664388
2021-04-06,291.514630635579
2021-04-07,287.292519887288
2021-04-08,287.247027079264
2021-04-09,288.282488505046
2021-04-10,290.15106455485
2021-04-11,288.726612091064
2021-04-12,289.98070526123
2021-04-13,290.165003458659
2021-04-14,288.395969390869
2021-04-15,285.389715830485
2021-04-16,287.237078348796
2021-04-17,286.191225687663
2021-04-18,282.6845703125
2021-04-19,285.860232035319
2021-04-20,285.606410980225
2021-04-21,286.9979540507
2021-04-22,284.95584487915
2021-04-23,286.588013966878
2021-04-24,287.696358998617
2021-04-25,286.930117289225
2021-04-26,286.031723022461
2021-04-27,284.315434773763
2021-04-28,280.092592875163
2021-04-29,280.654178619385
2021-04-30,283.435660044352
2021-05-01,284.773924509684
2021-05-02,279.657438913981
2021-05-03,280.59939956665
2021-05-04,282.947986602783
2021-05-05,285.637022654215
2021-05-06,285.675720214844
2021-05-07,286.920424143473
2021-05-08,284.537701924642
2021-05-09,287.17706044515
2021-05-10,290.853570302328
2021-05-11,290.596350351969
2021-05-12,285.98720296224
2021-05-13,279.814020792643
2021-05-14,279.016590118408
2021-05-15,282.731071472168
2021-05-16,285.226450602214
2021-05-17,286.589787801107
2021-05-18,286.057788848877
2021-05-19,283.659386952718
2021-05-20,283.39838663737
2021-05-21,283.567042032878
2021-05-22,282.171801249186
2021-05-23,283.561267852783
2021-05-24,282.946141560872
2021-05-25,281.760429382324
2021-05-26,279.956144968669
2021-05-27,279.998407999674
2021-05-28,279.588344573975
2021-05-29,281.784552256266
2021-05-30,281.595785776774
2021-05-31,281.431273142497
2021-06-01,281.67777633667
2021-06-02,278.561520894368
2021-06-03,280.326622009277
2021-06-04,281.048517862956
2021-06-05,281.609875996907
2021-06-06,283.587904612223
2021-06-07,284.349717458089
2021-06-08,284.247351328532
2021-06-09,283.071627298991
2021-06-10,283.510450998942
2021-06-11,284.025468190511
2021-06-12,282.730840047201
2021-06-13,283.419030507406
2021-06-14,285.355740865072
2021-06-15,287.72278213501
2021-06-16,285.442268371582
2021-06-17,284.362511952718
2021-06-18,282.520959218343
2021-06-19,281.43638865153
2021-06-20,282.596755981445
2021-06-21,283.351189931234
2021-06-22,281.571856180827
2021-06-23,279.074030558268
2021-06-24,279.441022237142
2021-06-25,282.651281992594
2021-06-26,285.624760945638
2021-06-27,287.434511820475
2021-06-28,285.51389058431
2021-06-29,280.129795074463
2021-06-30,277.980893452962
2021-07-01,280.396938323975
2021-07-02,278.520783742269
2021-07-03,277.810283660889
2021-07-04,277.362030029297
2021-07-05,277.974039713542
2021-07-06,277.990000406901
2021-07-07,282.363051096598
2021-07-08,281.254231770833
2021-07-09,278.716185251872
2021-07-10,279.091934204102
2021-07-11,278.840056101481
2021-07-12,277.18354288737
2021-07-13,277.63717397054
2021-07-14,277.069794972738
2021-07-15,279.740674336751
2021-07-16,284.550446828206
2021-07-17,287.42457707723
2021-07-18,287.147993723552
2021-07-19,283.798528035482
2021-07-20,281.084092458089
2021-07-21,281.399806976318
2021-07-22,282.610088348389
2021-07-23,282.722943623861
2021-07-24,279.492951711019
2021-07-25,281.951304117839
2021-07-26,282.485272725423
2021-07-27,282.771643320719
2021-07-28,280.102718353272
2021-07-29,280.398276011149
2021-07-30,281.355158487956
2021-07-31,282.608531951904
2021-08-01,281.095162709554
2021-08-02,280.21425374349
2021-08-03,280.964224497477
2021-08-04,279.381498972575
2021-08-05,278.227663675944
2021-08-06,279.842297871908
2021-08-07,283.320575714111
2021-08-08,282.368855794271
2021-08-09,279.961591084798
2021-08-10,277.181735992432
2021-08-11,280.175593058268
2021-08-12,282.565891265869
2021-08-13,284.04331334432
2021-08-14,280.929955800374
2021-08-15,279.869235992432
2021-08-16,282.018367767334
2021-08-17,284.825950622559
2021-08-18,283.173987070719
2021-08-19,279.734868367513
2021-08-20,283.181769053141
2021-08-21,279.291302998861
2021-08-22,278.831925710042
2021-08-23,280.060438791911
2021-08-24,281.801399230957
2021-08-25,281.94598642985
2021-08-26,281.474514007568
2021-08-27,283.897571563721
2021-08-28,283.43891398112
2021-08-29,284.202505747477
2021-08-30,283.218737284342
2021-08-31,279.957857767741
2021-09-01,278.520596822103
2021-09-02,278.67799504598
2021-09-03,279.928742726644
2021-09-04,281.480553944906
2021-09-05,282.85865910848
2021-09-06,281.787068684896
2021-09-07,283.797108968099
2021-09-08,283.9870262146
2021-09-09,280.35213470459
2021-09-10,284.16116587321
2021-09-11,283.987743377686
2021-09-12,283.161055246989
2021-09-13,284.569707234701
2021-09-14,284.034767150879
2021-09-15,281.720053354899
2021-09-16,281.064373016357
2021-09-17,280.019335428874
2021-09-18,278.728314717611
2021-09-19,280.683218638102
2021-09-20,284.649096171061
2021-09-21,284.629861195882
2021-09-22,285.885378519694
2021-09-23,287.689533233643
2021-09-24,285.296058654785
2021-09-25,285.458093007406
2021-09-26,287.184415181478
2021-09-27,283.034934997559
2021-09-28,281.226432800293
2021-09-29,279.725504557292
2021-09-30,283.752918243408
2021-10-01,281.28533299764
2021-10-02,283.608915964762
2021-10-03,284.618103027344
2021-10-04,285.195330301921
2021-10-05,287.397674560547
2021-10-06,287.579896291097
2021-10-07,286.154511769613
2021-10-08,285.445468902588
2021-10-09,286.892594655355
2021-10-10,284.801475524902
2021-10-11,284.028123219808
2021-10-12,284.600780487061
2021-10-13,281.069669087728
2021-10-14,280.526384989421
2021-10-15,280.664866129557
2021-10-16,283.273465474447
2021-10-17,284.66668955485
2021-10-18,287.727719624837
2021-10-19,287.749725341797
2021-10-20,285.413544972738
2021-10-21,283.90131632487
2021-10-22,283.386639912923
2021-10-23,283.894500732422
2021-10-24,285.166679382324
2021-10-25,287.938549041748
2021-10-26,291.006207784017
2021-10-27,290.450300852458
2021-10-28,288.867966969808
2021-10-29,288.724896748861
2021-10-30,288.260809580485
2021-10-31,288.698426564534
2021-11-01,285.604119618734
2021-11-02,285.188940684001
2021-11-03,283.568984985352
2021-11-04,281.899570465088
2021-11-05,283.639708201091
2021-11-06,285.96636835734
2021-11-07,286.473346710205
2021-11-08,285.696139017741
2021-11-09,288.081732432047
2021-11-10,288.797147115072
2021-11-11,289.417350769043
2021-11-12,291.635870615641
2021-11-13,293.145829518636
2021-11-14,293.655820210775
2021-11-15,292.024927775065
2021-11-16,288.928783416748
2021-11-17,286.957461039225
2021-11-18,285.283841451009
2021-11-19,286.350592295329
2021-11-20,287.552745819092
2021-11-21,288.202203114827
2021-11-22,290.732446034749
2021-11-23,288.196489969889
2021-11-24,285.76176961263
2021-11-25,285.239153544108
2021-11-26,289.320885976156
2021-11-27,290.173183441162
2021-11-28,289.69101969401
2021-11-29,288.925743103027
2021-11-30,292.062516530355
2021-12-01,289.163635253906
2021-12-02,287.015307108561
2021-12-03,289.301508585612
2021-12-04,291.0256690979
2021-12-05,291.282913208008
2021-12-06,292.59121576945
2021-12-07,288.890577952067
2021-12-08,290.878589630127
2021-12-09,292.185695648193
2021-12-10,292.694869995117
2021-12-11,292.332116444906
2021-12-12,289.558910369873
2021-12-13,286.633027394613
2021-12-14,291.14607111613
2021-12-15,289.218027750651
2021-12-16,289.988330841064
2021-12-17,290.259122212728
2021-12-18,288.840852101644
2021-12-19,288.028149922689
2021-12-20,290.677686055501
2021-12-21,291.130224863688
2021-12-22,291.794551849365
2021-12-23,291.601324717204
2021-12-24,291.387987772624
2021-12-25,290.515294392904
2021-12-26,288.859845479329
2021-12-27,291.995263417562
2021-12-28,291.315999348958
2021-12-29,290.988850911458
2021-12-30,287.371500651042
2021-12-31,288.814094543457
2022-01-01,289.980319976807
2022-01-02,291.279289245605
2022-01-03,292.625888824463
2022-01-04,292.877775828044
2022-01-05,293.370499928792
2022-01-06,293.049798329671
2022-01-07,287.282416025797
2022-01-08,285.123152414958
2022-01-09,289.888399759928
2022-01-10,292.856291453044
2022-01-11,290.608690897624
2022-01-12,293.03075281779
2022-01-13,288.988503774007
2022-01-14,285.910031636556
2022-01-15,287.203033447266
2022-01-16,288.272624969483
2022-01-17,289.364152272542
2022-01-18,289.528029123942
2022-01-19,291.383289337158
2022-01-20,291.958124796549
2022-01-21,287.118542989095
2022-01-22,288.490664164225
2022-01-23,292.045742034912
2022-01-24,291.886646270752
2022-01-25,290.238176981608
2022-01-26,291.072208404541
2022-01-27,291.272118886312
2022-01-28,285.247161865234
2022-01-29,287.201590220133
2022-01-30,291.58615620931
2022-01-31,292.984725952148
2022-02-01,291.520688374837
2022-02-02,292.893920898437
2022-02-03,295.348383585612
2022-02-04,294.891131083171
2022-02-05,293.492315928141
2022-02-06,288.583106994629
2022-02-07,286.727846781413
2022-02-08,289.637766520182
2022-02-09,292.353556315104
2022-02-10,295.476753234863
2022-02-11,297.370839436849
2022-02-12,293.209627787272
2022-02-13,289.695878346761
2022-02-14,285.944208780925
2022-02-15,285.700238545736
2022-02-16,287.604881286621
2022-02-17,288.748416900635
2022-02-18,290.626614888509
2022-02-19,291.356066385905
2022-02-20,292.298566182454
2022-02-21,289.45397567749
2022-02-22,290.737646738688
2022-02-23,290.723314921061
2022-02-24,286.633430480957
2022-02-25,285.497594197591
2022-02-26,287.985190073649
2022-02-27,289.175027211507
2022-02-28,285.139280954997
2022-03-01,285.823444366455
2022-03-02,287.628871917725
2022-03-03,285.085697174072
2022-03-04,286.596101125081
2022-03-05,288.201155344645
2022-03-06,289.590408325195
2022-03-07,291.468747456868
2022-03-08,292.145598093669
2022-03-09,290.65180460612
2022-03-10,291.79042561849
2022-03-11,290.550933837891
2022-03-12,289.984396616618
2022-03-13,291.323043823242
2022-03-14,287.862238566081
2022-03-15,287.195835113526
2022-03-16,286.581124623616
2022-03-17,285.948221842448
2022-03-18,284.145552317301
2022-03-19,284.414723714193
2022-03-20,287.65730158488
2022-03-21,289.273208618164
2022-03-22,288.989533742269
2022-03-23,292.467399597168
2022-03-24,290.16999689738
2022-03-25,288.422686258952
2022-03-26,286.435880025228
2022-03-27,287.427762349447
2022-03-28,286.784252166748
2022-03-29,286.699010213216
2022-03-30,289.316135406494
2022-03-31,290.005043029785
2022-04-01,289.984883626302
2022-04-02,287.87617111206
2022-04-03,288.819792429606
2022-04-04,289.302909851074
2022-04-05,289.491017659505
2022-04-06,291.730545043945
2022-04-07,287.667742411296
2022-04-08,281.91743850708
2022-04-09,284.264661153157
2022-04-10,283.549058278402
2022-04-11,285.72077814738
2022-04-12,287.340970357259
2022-04-13,287.101052602132
2022-04-14,285.319226582845
2022-04-15,283.444365183512
2022-04-16,284.534461975098
2022-04-17,286.876928965251
2022-04-18,286.154656728109
2022-04-19,286.683420817057
2022-04-20,288.657258351644
2022-04-21,290.129899342855
2022-04-22,289.968317667643
2022-04-23,284.470849355062
2022-04-24,283.666625976563
2022-04-25,286.09367497762
2022-04-26,283.423319498698
2022-04-27,285.250389099121
2022-04-28,284.528162638346
2022-04-29,282.328130086263
2022-04-30,283.938237508138
2022-05-01,283.347085316976
2022-05-02,285.941809336344
2022-05-03,286.531252543132
2022-05-04,286.557066599528
2022-05-05,285.389713287354
2022-05-06,285.611179351807
2022-05-07,285.59819539388
2022-05-08,286.786430358887
2022-05-09,287.860240936279
2022-05-10,286.690297444661
2022-05-11,282.353088378906
2022-05-12,278.729709625244
2022-05-13,280.548890431722
2022-05-14,283.673308054606
2022-05-15,286.888256072998
2022-05-16,286.563274383545
2022-05-17,287.863265991211
2022-05-18,288.15888595581
2022-05-19,287.398904164632
2022-05-20,287.05813852946
2022-05-21,282.755873362223
2022-05-22,284.151288350423
2022-05-23,283.610876719157
2022-05-24,281.250384012858
2022-05-25,282.268671671549
2022-05-26,283.284412384033
2022-05-27,278.366846720378
2022-05-28,278.291119893392
2022-05-29,280.234591166178
2022-05-30,282.739379882813
2022-05-31,285.709364573161
2022-06-01,287.290342966716
2022-06-02,287.59424718221
2022-06-03,283.86742401123
2022-06-04,281.736776987712
2022-06-05,279.453521728516
2022-06-06,279.90802637736
2022-06-07,283.062707265218
2022-06-08,284.569999694824
2022-06-09,285.241910298665
2022-06-10,286.141335805257
2022-06-11,284.804896036784
2022-06-12,283.793753306071
2022-06-13,284.059068044027
2022-06-14,281.971473693848
2022-06-15,284.129575093587
2022-06-16,284.570997873942
2022-06-17,284.226370493571
2022-06-18,282.840646107992
2022-06-19,282.534603118897
2022-06-20,279.391605377197
2022-06-21,278.232582092285
2022-06-22,278.874585469564
2022-06-23,278.043492635091
2022-06-24,278.566112518311
2022-06-25,280.295569101969
2022-06-26,282.533512115478
2022-06-27,281.774578094482
2022-06-28,281.020304361979
2022-06-29,281.099862416585
2022-06-30,280.941436767578
2022-07-01,281.24480565389
2022-07-02,279.320835113525
2022-07-03,281.235646565755
2022-07-04,281.509302775065
2022-07-05,281.904956817627
2022-07-06,282.139012654622
2022-07-07,278.076928456624
2022-07-08,280.229665120443
2022-07-09,285.033668518066
2022-07-10,280.998649597168
2022-07-11,280.045828501383
2022-07-12,282.387646993001
2022-07-13,284.818252563477
2022-07-14,284.610085805257
2022-07-15,282.255771636963
2022-07-16,278.86944325765
2022-07-17,277.311028798421
2022-07-18,280.16971206665
2022-07-19,283.027400970459
2022-07-20,284.421937306722
2022-07-21,281.816492716471
2022-07-22,279.118441263835
2022-07-23,278.586018880208
2022-07-24,279.697312672933
2022-07-25,280.907960255941
2022-07-26,282.905652364095
2022-07-27,285.04764175415
2022-07-28,284.139614105225
2022-07-29,285.159503936768
2022-07-30,283.362572987874
2022-07-31,282.576527913411
2022-08-01,277.340658823649
2022-08-02,281.329615275065
2022-08-03,283.457520802816
2022-08-04,282.488473256429
2022-08-05,282.481362660726
2022-08-06,284.37362798055
2022-08-07,285.954887390137
2022-08-08,282.672274271647
2022-08-09,281.484169006348
2022-08-10,279.498559315999
2022-08-11,276.86967086792
2022-08-12,277.489121754964
2022-08-13,277.067518870036
2022-08-14,278.028340657552
2022-08-15,280.69415918986
2022-08-16,280.586627960205
2022-08-17,284.751569112142
2022-08-18,286.574273427328
2022-08-19,288.783776601156
2022-08-20,288.725227355957
2022-08-21,288.062733968099
2022-08-22,286.481357574463
2022-08-23,285.320599873861
2022-08-24,283.372575124105
2022-08-25,281.340276082357
2022-08-26,283.239763895671
2022-08-27,282.848471323649
2022-08-28,281.065883636475
2022-08-29,280.283031463623
2022-08-30,279.343996683756
2022-08-31,280.620174407959
2022-09-01,283.283301035563
2022-09-02,282.934814453125
2022-09-03,284.97546005249
2022-09-04,284.826897939046
2022-09-05,282.955980936686
2022-09-06,277.574331919352
2022-09-07,277.016497294108
2022-09-08,280.0431543986
2022-09-09,281.414090474447
2022-09-10,283.062227884928
2022-09-11,282.91255569458
2022-09-12,285.529005686442
2022-09-13,285.625316619873
2022-09-14,282.230930328369
2022-09-15,279.579624176025
2022-09-16,280.645116170247
2022-09-17,281.239063262939
2022-09-18,282.760459899902
2022-09-19,283.794614156087
2022-09-20,285.67005666097
2022-09-21,287.023708343506
2022-09-22,285.008664449056
2022-09-23,284.170412699382
2022-09-24,286.457557678223
2022-09-25,284.616889953613
2022-09-26,281.933382670085
2022-09-27,282.204703013102
2022-09-28,282.688442230225
2022-09-29,285.795797983805
2022-09-30,284.648403167725
2022-10-01,281.954867045084
2022-10-02,282.604456583659
2022-10-03,283.69339243571
2022-10-04,283.221290588379
2022-10-05,282.547655741374
2022-10-06,281.616565704346
2022-10-07,276.65123240153
2022-10-08,278.569183349609
2022-10-09,280.965918223063
2022-10-10,283.497187296549
2022-10-11,284.803269704183
2022-10-12,284.944203694661
2022-10-13,282.722061157227
2022-10-14,282.163467407227
2022-10-15,282.133716583252
2022-10-16,281.658175150553
2022-10-17,283.343683878581
2022-10-18,286.17574818929
2022-10-19,285.832771301269
2022-10-20,284.906566619873
2022-10-21,284.692956288656
2022-10-22,283.495051066081
2022-10-23,280.42759958903
2022-10-24,284.8267771403
2022-10-25,286.180980682373
2022-10-26,282.913646697998
2022-10-27,285.513665517171
2022-10-28,287.850468953451
2022-10-29,288.667430877686
2022-10-30,292.263779958089
2022-10-31,290.365323384603
2022-11-01,289.713278452555
2022-11-02,288.804285685221
2022-11-03,290.204274495443
2022-11-04,290.496050516764
2022-11-05,288.797631581624
2022-11-06,287.267272949219
2022-11-07,285.122809092204
2022-11-08,286.251618703206
2022-11-09,287.328089396159
2022-11-10,286.645895640055
2022-11-11,286.962080637614
2022-11-12,285.967665354411
2022-11-13,290.10120900472
2022-11-14,288.3046875
2022-11-15,287.63345972697
2022-11-16,289.662256876628
2022-11-17,290.986731211344
2022-11-18,290.195626576742
2022-11-19,289.618413289388
2022-11-20,289.880509694417
2022-11-21,289.052611033122
2022-11-22,288.621499379476
2022-11-23,290.533424377441
2022-11-24,287.078320821126
2022-11-25,286.255686442057
2022-11-26,285.455277760824
2022-11-27,286.854951222738
2022-11-28,288.127510070801
2022-11-29,286.843027750651
2022-11-30,287.881858825684
2022-12-01,289.05202738444
2022-12-02,286.944379170736
2022-12-03,286.908786773681
2022-12-04,284.1463915507
2022-12-05,286.78996404012
2022-12-06,288.680980682373
2022-12-07,287.64625676473
2022-12-08,285.407046000163
2022-12-09,286.815911610921
2022-12-10,288.489200592041
2022-12-11,290.841916402181
2022-12-12,289.18271891276
2022-12-13,289.028255462646
2022-12-14,290.076604207357
2022-12-15,290.646104176839
2022-12-16,290.010995229085
2022-12-17,293.215703328451
2022-12-18,291.479676564534
2022-12-19,290.209554036458
2022-12-20,288.794474283854
2022-12-21,288.664709726969
2022-12-22,288.311400095622
2022-12-23,288.201059977213
2022-12-24,290.426513671875
2022-12-25,290.897996266683
2022-12-26,290.073126475016
2022-12-27,289.908912658691
2022-12-28,289.234725952149
2022-12-29,289.588820139567
2022-12-30,290.795532226562
2022-12-31,290.54061126709
2023-01-01,286.976486206055
2023-01-02,286.07741800944
2023-01-03,288.377292633057
2023-01-04,290.181813557943
2023-01-05,289.9334081014
2023-01-06,289.954332987468
2023-01-07,291.944061279297
2023-01-08,290.314946492513
2023-01-09,288.574329376221
2023-01-10,288.732837677002
2023-01-11,288.804992675781
2023-01-12,289.884178161621
2023-01-13,287.63588587443
2023-01-14,286.675839742025
2023-01-15,288.033466339111
2023-01-16,288.520929972331
2023-01-17,289.792407989502
2023-01-18,290.393040974935
2023-01-19,289.092559814453
2023-01-20,290.373250325521
2023-01-21,292.074827829997
2023-01-22,290.511651357015
2023-01-23,290.604535420736
2023-01-24,289.033491770426
2023-01-25,289.643459320068
2023-01-26,289.035603841146
2023-01-27,291.361612955729
2023-01-28,290.072975158691
2023-01-29,290.287776947021
2023-01-30,293.60210164388
2023-01-31,294.133059183756
2023-02-01,292.140527089437
2023-02-02,291.606264750163
2023-02-03,294.984586079915
2023-02-04,293.994009653727
2023-02-05,295.152497609456
2023-02-06,295.390867869059
2023-02-07,292.54000600179
2023-02-08,291.141304016113
2023-02-09,291.480424245199
2023-02-10,289.247122446696
2023-02-11,288.280598958333
2023-02-12,289.222508748372
2023-02-13,288.29896291097
2023-02-14,287.647880554199
2023-02-15,289.273433685303
2023-02-16,289.476929982503
2023-02-17,287.73180770874
2023-02-18,286.626990000407
2023-02-19,287.459818522135
2023-02-20,289.017541249593
2023-02-21,290.815170288086
2023-02-22,291.605440775553
2023-02-23,289.457852681478
2023-02-24,285.688655853271
2023-02-25,286.830109914144
2023-02-26,286.897764841716
2023-02-27,290.141302744548
2023-02-28,288.273111979167
2023-03-01,288.338489532471
2023-03-02,288.526240030924
2023-03-03,288.620011647542
2023-03-04,292.197013854981
2023-03-05,291.671849568685
2023-03-06,288.557783762614
2023-03-07,285.844682057699
2023-03-08,285.458124796549
2023-03-09,288.177730560303
2023-03-10,291.516656239827
2023-03-11,290.620129903157
2023-03-12,289.380162556966
2023-03-13,288.863881429036
2023-03-14,289.318304697672
2023-03-15,284.391132354736
2023-03-16,286.341116587321
2023-03-17,287.782992045085
2023-03-18,290.527824401855
2023-03-19,289.38655090332
2023-03-20,288.224517822266
2023-03-21,288.941132863363
2023-03-22,288.11555480957
2023-03-23,284.482151031494
2023-03-24,283.919194539388
2023-03-25,284.735510508219
2023-03-26,286.646643320719
2023-03-27,289.19783782959
2023-03-28,287.733525594076
2023-03-29,286.990451812744
2023-03-30,281.33834584554
2023-03-31,282.839871724447
2023-04-01,287.002334594727
2023-04-02,288.341361999512
2023-04-03,288.810777028402
2023-04-04,285.901396433512
2023-04-05,283.491998036702
2023-04-06,285.61049524943
2023-04-07,287.037447611491
2023-04-08,284.807912190755
2023-04-09,284.231689453125
2023-04-10,287.692481994629
2023-04-11,290.746931711833
2023-04-12,289.323736826579
2023-04-13,288.192516326904
2023-04-14,287.116185506185
2023-04-15,287.15940729777
2023-04-16,286.43411509196
2023-04-17,286.940011342367
2023-04-18,286.738067626953
2023-04-19,287.386763254801
2023-04-20,289.406182607015
2023-04-21,291.625679016113
2023-04-22,289.279862721761
2023-04-23,287.7254002889
2023-04-24,285.639177958171
2023-04-25,282.780006408691
2023-04-26,282.760195414225
2023-04-27,283.473347981771
2023-04-28,282.104159037272
2023-04-29,283.244522094727
2023-04-30,284.824391682943
2023-05-01,287.27282333374
2023-05-02,289.285465240478
2023-05-03,290.107260386149
2023-05-04,288.181098937988
2023-05-05,288.157970428467
2023-05-06,289.968495686849
2023-05-07,289.735669453939
2023-05-08,286.484798431396
2023-05-09,287.789835611979
2023-05-10,286.339303334554
2023-05-11,284.554557800293
2023-05-12,280.264157613119
2023-05-13,279.609116872152
2023-05-14,281.492546081543
2023-05-15,282.321044921875
2023-05-16,283.143717447917
2023-05-17,281.236199696859
2023-05-18,281.433701833089
2023-05-19,282.656848907471
2023-05-20,284.358282725016
2023-05-21,285.143931070964
2023-05-22,284.54745610555
2023-05-23,284.973453521728
2023-05-24,283.104380289714
2023-05-25,281.400510152181
2023-05-26,280.753065745036
2023-05-27,282.292713165283
2023-05-28,284.41241200765
2023-05-29,283.306011199951
2023-05-30,284.518316904704
2023-05-31,286.550954182943
2023-06-01,284.674200693766
2023-06-02,286.414051055908
2023-06-03,287.234842936198
2023-06-04,284.275864919027
2023-06-05,280.570369720459
2023-06-06,281.427155812582
2023-06-07,281.479272206624
2023-06-08,281.839420318604
2023-06-09,282.157596588135
2023-06-10,282.526101430257
2023-06-11,281.388155619303
2023-06-12,280.017003377279
2023-06-13,280.517414093018
2023-06-14,280.352198282878
2023-06-15,279.662736256917
2023-06-16,279.440320332845
2023-06-17,279.638598124186
2023-06-18,281.642157236735
2023-06-19,283.225694020589
2023-06-20,283.407516479492
2023-06-21,281.243531545003
2023-06-22,281.220764160156
2023-06-23,282.956733703613
2023-06-24,285.498676300049
2023-06-25,284.913007100423
2023-06-26,284.546977996826
2023-06-27,282.67769241333
2023-06-28,282.123236338298
2023-06-29,281.417362213135
2023-06-30,282.356047312419
2023-07-01,281.424372355143
2023-07-02,280.985394795736
2023-07-03,280.89619064331
2023-07-04,279.453992207845
2023-07-05,281.633754730225
2023-07-06,283.332810719808
2023-07-07,279.708560943604
2023-07-08,278.460867563883
2023-07-09,280.791425069173
2023-07-10,283.004943847656
2023-07-11,283.12807337443
2023-07-12,282.319271087646
2023-07-13,281.802485148112
2023-07-14,281.777830759684
2023-07-15,284.051104227702
2023-07-16,284.534938812256
2023-07-17,285.052031199137
2023-07-18,281.336109161377
2023-07-19,282.925120035807
2023-07-20,283.713573455811
2023-07-21,281.73584874471
2023-07-22,280.413283030192
2023-07-23,279.747741699219
2023-07-24,281.271320343018
2023-07-25,281.099189758301
2023-07-26,280.301399230957
2023-07-27,279.756169637044
2023-07-28,278.994675954183
2023-07-29,279.328397115072
2023-07-30,278.864676157633
2023-07-31,279.187730153402
2023-08-01,280.351325988769
2023-08-02,280.740430196126
2023-08-03,281.059365590413
2023-08-04,277.877503712972
2023-08-05,280.128490447998
2023-08-06,278.58494313558
2023-08-07,277.699853261312
2023-08-08,280.308423360189
2023-08-09,281.116185506185
2023-08-10,276.7869237264
2023-08-11,276.577606201172
2023-08-12,277.717810312907
2023-08-13,278.627443949382
2023-08-14,282.068885803223
2023-08-15,283.563911437988
2023-08-16,281.252212524414
2023-08-17,280.912022908529
2023-08-18,279.555383046468
2023-08-19,278.609175364176
2023-08-20,279.720043182373
2023-08-21,282.754404703776
2023-08-22,282.483712514242
2023-08-23,280.334121704102
2023-08-24,277.62206141154
2023-08-25,278.842305501302
2023-08-26,280.333803812663
2023-08-27,280.116451263428
2023-08-28,280.613641103109
2023-08-29,279.791069030762
2023-08-30,278.078244527181
2023-08-31,279.327857971191
2023-09-01,280.526560465495
2023-09-02,281.269690195719
2023-09-03,283.006655375163
2023-09-04,282.346205393473
2023-09-05,283.600208282471
2023-09-06,284.765270233154
2023-09-07,286.695153554281
2023-09-08,285.309665679932
2023-09-09,283.670839945475
2023-09-10,284.547500610352
2023-09-11,283.729202270508
2023-09-12,283.576218922933
2023-09-13,283.731779734294
2023-09-14,283.693834940592
2023-09-15,283.222136179606
2023-09-16,285.455528259277
2023-09-17,281.144861857096
2023-09-18,285.66491317749
2023-09-19,286.044076283773
2023-09-20,285.802265167236
2023-09-21,287.9900487264
2023-09-22,289.002634684245
2023-09-23,287.695585886637
2023-09-24,286.098038991292
2023-09-25,283.421737670898
2023-09-26,282.697523752848
2023-09-27,282.094476064046
2023-09-28,281.153397878011
2023-09-29,282.964654286703
2023-09-30,280.964772542318
2023-10-01,281.889333089193
2023-10-02,281.561049143473
2023-10-03,283.961532592773
2023-10-04,280.565584818522
2023-10-05,280.321956634521
2023-10-06,284.864068349202
2023-10-07,284.807175954183
2023-10-08,284.387404123942
2023-10-09,281.979000091553
2023-10-10,281.600916544596
2023-10-11,283.739556630453
2023-10-12,283.803143819173
2023-10-13,283.785663604736
2023-10-14,283.851505279541
2023-10-15,287.042098999024
2023-10-16,287.122111002604
2023-10-17,286.130074818929
2023-10-18,286.806652069092
2023-10-19,286.025182088216
2023-10-20,287.94783782959
2023-10-21,286.642862955729
2023-10-22,285.805578867594
2023-10-23,284.051834106445
2023-10-24,283.756680806478
2023-10-25,285.467634836833
2023-10-26,287.561070760091
2023-10-27,286.532768249512
2023-10-28,285.034730275472
2023-10-29,280.36754989624
2023-10-30,281.613498687744
2023-10-31,285.023534138997
2023-11-01,288.226917266846
2023-11-02,289.551918029785
2023-11-03,287.672532399495
2023-11-04,287.032274881999
2023-11-05,288.08625793457
2023-11-06,287.053405761719
2023-11-07,284.630176544189
2023-11-08,284.107788085938
2023-11-09,283.617295583089
2023-11-10,283.215688069661
2023-11-11,281.917395273844
2023-11-12,282.277329762777
2023-11-13,284.898003896077
2023-11-14,287.451649983724
2023-11-15,287.904117584229
2023-11-16,288.204344431559
2023-11-17,288.94914372762
2023-11-18,287.78767267863
2023-11-19,285.784427642822
2023-11-20,286.235885620117
2023-11-21,285.382664998372
2023-11-22,287.504183451335
2023-11-23,288.646416982015
2023-11-24,286.620944976807
2023-11-25,282.700817108154
2023-11-26,283.18837483724
2023-11-27,284.36157989502
2023-11-28,285.029805501302
2023-11-29,286.209327697754
2023-11-30,284.524996439616
2023-12-01,284.98653793335
2023-12-02,284.5422706604
2023-12-03,288.28169631958
2023-12-04,287.412199656169
2023-12-05,285.770024617513
2023-12-06,285.612056732178
2023-12-07,288.317186991374
2023-12-08,288.565087636312
2023-12-09,286.779876708984
2023-12-10,289.258909861247
2023-12-11,288.023661295573
2023-12-12,286.215573628743
2023-12-13,286.025725046794
2023-12-14,284.554025014241
2023-12-15,288.406710306803
2023-12-16,289.255434672038
2023-12-17,291.336756388346
2023-12-18,291.59782409668
2023-12-19,291.875897725423
2023-12-20,291.50036239624
2023-12-21,291.774751027425
2023-12-22,291.671538035075
2023-12-23,290.334153493245
2023-12-24,293.306992848714
2023-12-25,294.00631459554
2023-12-26,294.205921173096
2023-12-27,292.887514750163
2023-12-28,290.15798441569
2023-12-29,289.965788523356
2023-12-30,293.876106262207
2023-12-31,293.241470336914
2024-01-01,292.284712473551
2024-01-02,287.583471934
2024-01-03,287.908334096273
2024-01-04,290.007170359294
2024-01-05,290.967061360677
2024-01-06,289.783562978109
2024-01-07,287.721931457519
2024-01-08,287.595856984456
2024-01-09,290.955313364665
2024-01-10,292.377694447835
2024-01-11,290.029295603434
2024-01-12,293.294965108236
2024-01-13,292.636764526367
2024-01-14,292.309483846029
2024-01-15,293.815139770508
2024-01-16,291.239663441976
2024-01-17,289.522591908773
2024-01-18,293.148403167725
2024-01-19,294.5724512736
2024-01-20,295.775527954102
2024-01-21,296.201658884684
2024-01-22,294.896518707275
2024-01-23,293.163323720296
2024-01-24,292.657471974691
2024-01-25,288.281155904134
2024-01-26,286.496499379476
2024-01-27,288.199061075846
2024-01-28,290.339836120606
2024-01-29,288.287886301676
2024-01-30,289.047912597656
2024-01-31,289.912250518799
2024-02-01,289.748299916585
2024-02-02,291.252600351969
2024-02-03,291.042719523112
2024-02-04,286.122601826986
2024-02-05,286.804233551025
2024-02-06,290.670506795247
2024-02-07,292.279613494873
2024-02-08,291.982274373372
2024-02-09,290.554890950521
2024-02-10,289.608940124512
2024-02-11,290.419119517009
2024-02-12,285.669839223226
2024-02-13,285.750361124674
2024-02-14,287.857519785563
2024-02-15,289.878648122152
2024-02-16,291.166084289551
2024-02-17,291.208872477214
2024-02-18,291.455253601074
2024-02-19,292.323289235433
2024-02-20,290.645571390788
2024-02-21,290.325096130371
2024-02-22,287.115898132324
2024-02-23,289.362033843994
2024-02-24,289.271631876628
2024-02-25,291.683755238851
2024-02-26,292.011773427327
2024-02-27,290.914680480957
2024-02-28,289.578701019287
2024-02-29,288.63920211792
2024-03-01,287.904543558756
2024-03-02,287.713278452555
2024-03-03,289.012393951416
2024-03-04,291.20215733846
2024-03-05,290.359371185303
2024-03-06,285.567592620849
2024-03-07,284.475282033284
2024-03-08,285.241255442301
2024-03-09,287.206912994385
2024-03-10,287.007872263591
2024-03-11,286.425985972087
2024-03-12,288.622641245524
2024-03-13,289.880243937174
2024-03-14,289.957228342692
2024-03-15,287.94947942098
2024-03-16,286.448558807373
2024-03-17,284.123580932617
2024-03-18,285.327386220296
2024-03-19,286.739930470784
2024-03-20,283.619997660319
2024-03-21,282.419537862142
2024-03-22,284.279965718587
2024-03-23,285.461358388265
2024-03-24,286.572217305501
2024-03-25,288.719643910726
2024-03-26,289.554410298665
2024-03-27,290.321487426758
2024-03-28,289.706943511963
2024-03-29,286.161162058512
2024-03-30,283.37938563029
2024-03-31,284.001544952393
2024-04-01,284.510654449463
2024-04-02,284.79172261556
2024-04-03,285.119951883952
2024-04-04,288.229021708171
2024-04-05,288.283374786377
2024-04-06,285.771013895671
2024-04-07,285.378592173258
2024-04-08,285.178943634033
2024-04-09,286.228852589925
2024-04-10,287.250035603841
2024-04-11,290.003631591797
2024-04-12,290.377979278564
2024-04-13,290.308732350667
2024-04-14,287.495821634928
2024-04-15,284.777196248372
2024-04-16,284.590160369873
2024-04-17,287.021447499593
2024-04-18,288.269499460856
2024-04-19,286.534318288167
2024-04-20,286.189736684163
2024-04-21,285.300189971924
2024-04-22,285.871156056722
2024-04-23,284.277994791667
2024-04-24,282.229321797689
2024-04-25,283.549573262533
2024-04-26,286.050296783447
2024-04-27,288.740178426107
2024-04-28,280.946834564209
2024-04-29,282.139213562012
2024-04-30,282.499778747559
2024-05-01,283.63312403361
2024-05-02,284.230894724528
2024-05-03,283.243438720703
2024-05-04,283.234622955322
2024-05-05,281.676460266113
2024-05-06,281.886805216471
2024-05-07,282.690214792887
2024-05-08,280.241011301676
2024-05-09,279.234544118245
2024-05-10,277.761824289958
2024-05-11,278.984124501546
2024-05-12,279.545043945313
2024-05-13,279.727629343669
2024-05-14,280.916426340739
2024-05-15,282.574471791585
2024-05-16,282.214113871257
2024-05-17,283.841519673665
2024-05-18,282.393820444743
2024-05-19,281.659547170003
2024-05-20,282.145038604736
2024-05-21,283.001478830973
2024-05-22,283.160180409749
2024-05-23,283.784408569336
2024-05-24,282.105632781982
2024-05-25,280.217597961426
2024-05-26,280.609608968099
2024-05-27,282.043589274089
2024-05-28,280.829044342041
2024-05-29,281.122304280599
2024-05-30,280.02420425415
2024-05-31,281.592427571615
2024-06-01,284.034411112467
2024-06-02,285.692935943604
2024-06-03,284.832908630371
2024-06-04,282.192400614421
2024-06-05,280.011974334717
2024-06-06,279.559071858724
2024-06-07,280.259371439616
2024-06-08,283.521738688151
2024-06-09,283.259847005208
2024-06-10,284.592177073161
2024-06-11,285.036015828451
2024-06-12,282.939474741618
2024-06-13,281.414293924968
2024-06-14,280.281429290771
2024-06-15,282.188233693441
2024-06-16,283.479928334554
2024-06-17,283.63128789266
2024-06-18,283.255201975505
2024-06-19,282.868246714274
2024-06-20,281.398667653402
2024-06-21,281.073836008708
2024-06-22,280.141096750895
2024-06-23,279.147084554037
2024-06-24,279.92174911499
2024-06-25,281.343092600505
2024-06-26,281.996158599854
2024-06-27,282.626206715902
2024-06-28,281.322212219238
2024-06-29,281.987716674805
2024-06-30,280.847965240479
2024-07-01,279.929434458415
2024-07-02,282.246059417725
2024-07-03,282.83323542277
2024-07-04,277.661023457845
2024-07-05,278.133232116699
2024-07-06,278.884876251221
2024-07-07,278.953807830811
2024-07-08,279.005475362142
2024-07-09,279.835887908935
2024-07-10,278.639700571696
2024-07-11,278.739386240641
2024-07-12,278.997737884522
2024-07-13,279.660270690918
2024-07-14,280.292551676432
2024-07-15,280.871373494466
2024-07-16,281.220549265544
2024-07-17,283.951662699382
2024-07-18,282.541542053223
2024-07-19,283.482995351156
2024-07-20,281.761633555094
2024-07-21,282.546669006348
2024-07-22,282.50528717041
2024-07-23,281.652206420898
2024-07-24,279.742410024007
2024-07-25,280.429050445557
2024-07-26,280.52149327596
2024-07-27,280.438663482666
2024-07-28,281.711620330811
2024-07-29,283.940115610758
2024-07-30,283.780756632487
2024-07-31,283.631209055583
2024-08-01,281.005989074707
2024-08-02,279.508374023437
